{
  "id": 21678,
  "title": "Strontium titanate",
  "permalink": "https://eelsdb.eu/spectra/strontium-titanate-3/",
  "author": {
    "name": "Wilfried Sigle",
    "profile_url": "https://eelsdb.eu/author/wsigle/",
    "profile_api_url": "https://api.eelsdb.eu/author/wsigle/"
  },
  "published": "2008-01-21 00:00:00",
  "description": " Analyst: Behnaz Rahmati. Temperature: Room. BEAM/Crystal: Off zone axis. ",
  "comment_count": 0,
  "api_permalink": "https://api.eelsdb.eu/spectra/strontium-titanate-3/",
  "keywords": [
    "imported from old site"
  ],
  "download_link": "https://eelsdb.eu/wp-content/uploads/2015/09/Dspec9L0TJq.msa",
  "type": "Low Loss",
  "formula": "SrTiO3",
  "elements": [
    "Sr",
    "Ti",
    "O"
  ],
  "microscope": "VG HB501UX",
  "max_energy": "115.7 eV",
  "min_energy": "-18.2 eV",
  "guntype": "Cold FEG",
  "beamenergy": "100 kV",
  "resolution": "0.6 eV",
  "stepSize": "0.1 eV/pixel",
  "acquisition_mode": "STEM",
  "convergence": "10 mrad",
  "collection": "6.5 mrad",
  "integratetime": "0.05 secs",
  "readouts": "10",
  "detector": "Parallel: Gatan ENFINA",
  "darkcurrent": "Yes",
  "gainvariation": "Yes",
  "thickness": "1.05 t/&lambda;",
  "other_links": [
    {
      "url": "http://pc-web.cemes.fr/eelsdb/index.php?page=displayspec.php&id=167",
      "title": "Old EELS DB"
    }
  ]
}