{
  "id": 21708,
  "title": "Iron Oxide 2-lines ferrihydrite",
  "permalink": "https://eelsdb.eu/spectra/iron-oxide-2-lines-ferrihydrite/",
  "author": {
    "name": "Alex Gloter",
    "profile_url": "https://eelsdb.eu/author/alexg/",
    "profile_api_url": "https://api.eelsdb.eu/author/alexg/"
  },
  "published": "2008-02-08 00:00:00",
  "description": "2-lines ferrihydrite also called 2l HFO (hydrous ferric oxide)\r\n\r\nset the L3 maximum line for a trivalent iron (710.5 eV). see  Kuiper et al., Phys. Rev. Lett. 70, 1549 - 1552 (1993)\r\nEnergy resolution improved by Richardson-Lucy deconvolution Analyst: A. Gloter, A. Chen. Temperature: Room. ",
  "comment_count": 0,
  "api_permalink": "https://api.eelsdb.eu/spectra/iron-oxide-2-lines-ferrihydrite/",
  "keywords": [
    "imported from old site"
  ],
  "download_link": "https://eelsdb.eu/wp-content/uploads/2015/09/DspecgAacXx.msa",
  "type": "Core Loss",
  "formula": "FeOOH",
  "elements": [
    "Fe",
    "O",
    "H"
  ],
  "microscope": "STEM-VG",
  "max_energy": "736.65 eV",
  "min_energy": "703.15 eV",
  "source_purity": "synthetic sample (precipitation from iron nitrate, see Cornell and Schwertmann, ISBN 3-527-30274-3)",
  "edges": [
    "Fe_L2,3"
  ],
  "guntype": "Cold FEG",
  "beamenergy": "100 kV",
  "monochromated": "No",
  "stepSize": "0.05 eV/pixel",
  "convergence": "7.5 mrad",
  "collection": "24 mrad",
  "detector": "Parallel: 666 Gatan",
  "darkcurrent": "No",
  "gainvariation": "No",
  "other_links": [
    {
      "url": "http://pc-web.cemes.fr/eelsdb/index.php?page=displayspec.php&id=198",
      "title": "Old EELS DB"
    }
  ]
}