{
  "id": 21568,
  "title": "Magnesium carbonate",
  "permalink": "https://eelsdb.eu/spectra/magnesium-carbonate-2/",
  "author": {
    "name": "Ferdinand Hofer",
    "profile_url": "https://eelsdb.eu/author/ferdinand-hofer/",
    "profile_api_url": "https://api.eelsdb.eu/author/ferdinand-hofer/"
  },
  "published": "2005-04-20 00:00:00",
  "description": "The spectra given in the article are analogous to this one but not the same.  Analyst: Irmgard Rom. Temperature: Room. ",
  "comment_count": 0,
  "api_permalink": "https://api.eelsdb.eu/spectra/magnesium-carbonate-2/",
  "keywords": [
    "imported from old site"
  ],
  "download_link": "https://eelsdb.eu/wp-content/uploads/2015/09/Dspec.39353.1.msa",
  "type": "Core Loss",
  "formula": "MgCO3",
  "elements": [
    "Mg",
    "C",
    "O"
  ],
  "microscope": "Philips CM20",
  "max_energy": "347.5 eV",
  "min_energy": "245.2 eV",
  "source_purity": "commercial powder Merck",
  "edges": [
    "C_K"
  ],
  "guntype": "LaB6",
  "beamenergy": "200 kV",
  "resolution": "1.2 eV",
  "monochromated": "No",
  "stepSize": "0.1 eV/pixel",
  "convergence": "6.4 mrad",
  "collection": "7.6 mrad",
  "probesize": "200 nm^2",
  "readouts": "1",
  "detector": "Parallel: GIF",
  "darkcurrent": "Yes",
  "gainvariation": "Yes",
  "reference": {
    "freetext": "F. Hofer, P. Golob, Ultramicroscopy, 21, 379, 1987"
  },
  "other_links": [
    {
      "url": "http://pc-web.cemes.fr/eelsdb/index.php?page=displayspec.php&id=44",
      "title": "Old EELS DB"
    }
  ]
}