{
  "id": 21739,
  "title": "LSMO perovskite",
  "permalink": "https://eelsdb.eu/spectra/lsmo-perovskite-3/",
  "author": {
    "name": "Dominique Imhoff",
    "profile_url": "https://eelsdb.eu/author/imhoff/",
    "profile_api_url": "https://api.eelsdb.eu/author/imhoff/"
  },
  "published": "2008-03-04 00:00:00",
  "description": "background removed\r\ncalibration : 1- XAS energy reference from standard similar LSMO (maximum of MnL3 peak)\r\n              2- energy dispersion calibration of the detector from two peaks reference in low and core loss areas (STO substrate area in the multimayer system).\r\n\r\nsee also MnL3 and OK Analyst: imhoff. Temperature: Room. ",
  "comment_count": 0,
  "api_permalink": "https://api.eelsdb.eu/spectra/lsmo-perovskite-3/",
  "keywords": [
    "imported from old site"
  ],
  "download_link": "https://eelsdb.eu/wp-content/uploads/2015/09/DspecIGraCJ.msa",
  "type": "Core Loss",
  "formula": "(La0.7,Sr0.3)MnO3",
  "elements": [
    "La",
    "Sr",
    "Mn",
    "O"
  ],
  "microscope": "STEM-VG",
  "max_energy": "863.8 eV",
  "min_energy": "824.23 eV",
  "source_purity": "perovskite multilayers UMP CNRS-Thales Palaiseau France (laser ablation)",
  "edges": [
    "La_M"
  ],
  "guntype": "Cold FEG",
  "beamenergy": "100 kV",
  "monochromated": "No",
  "stepSize": "0.222 eV/pixel",
  "convergence": "7 mrad",
  "collection": "22 mrad",
  "probesize": "0.7 nm^2",
  "integratetime": "1 secs",
  "readouts": "10",
  "detector": "Parallel: 666 + CCD modified Orsay",
  "darkcurrent": "Yes",
  "gainvariation": "No",
  "other_links": [
    {
      "url": "http://pc-web.cemes.fr/eelsdb/index.php?page=displayspec.php&id=230",
      "title": "Old EELS DB"
    }
  ]
}