{
  "id": 21701,
  "title": "Pure Boron",
  "permalink": "https://eelsdb.eu/spectra/pure-boron/",
  "author": {
    "name": "Odile Stephan",
    "profile_url": "https://eelsdb.eu/author/stephan/",
    "profile_api_url": "https://api.eelsdb.eu/author/stephan/"
  },
  "published": "2008-02-07 00:00:00",
  "description": " Analyst: Odile Stephan, Raul Arenal de la Concha. Temperature: Room. ",
  "comment_count": 0,
  "api_permalink": "https://api.eelsdb.eu/spectra/pure-boron/",
  "keywords": [
    "imported from old site"
  ],
  "download_link": "https://eelsdb.eu/wp-content/uploads/2015/09/DspecKamqLX.msa",
  "type": "Core Loss",
  "formula": "B",
  "elements": [
    "B"
  ],
  "microscope": "STEM-VG",
  "max_energy": "742.97 eV",
  "min_energy": "156.01 eV",
  "source_purity": "boron particle in a single wall BN nanotube sample",
  "edges": [
    "B_K"
  ],
  "guntype": "Cold FEG",
  "beamenergy": "100 kV",
  "resolution": "0.7 eV",
  "stepSize": "0.477 eV/pixel",
  "acquisition_mode": "STEM",
  "convergence": "15 mrad",
  "collection": "24 mrad",
  "probesize": "0.7 nm^2",
  "detector": "Parallel: 666 Gatan",
  "darkcurrent": "Yes",
  "gainvariation": "No",
  "other_links": [
    {
      "url": "http://pc-web.cemes.fr/eelsdb/index.php?page=displayspec.php&id=191",
      "title": "Old EELS DB"
    }
  ]
}