{
  "id": 21585,
  "title": "Silicon nitride alpha",
  "permalink": "https://eelsdb.eu/spectra/silicon-nitride-alpha-3/",
  "author": {
    "name": "Sylvie Schamm",
    "profile_url": "https://eelsdb.eu/author/schamm/",
    "profile_api_url": "https://api.eelsdb.eu/author/schamm/"
  },
  "published": "2007-11-28 00:00:00",
  "description": "biblio cited in \"Reference\" for purpose calibration  Dispersion not 0.09 eV/ch but 0.1 eV/ch Analyst: S.Schamm. Temperature: Room. ",
  "comment_count": 0,
  "api_permalink": "https://api.eelsdb.eu/spectra/silicon-nitride-alpha-3/",
  "keywords": [
    "imported from old site"
  ],
  "download_link": "https://eelsdb.eu/wp-content/uploads/2015/09/Dspec.49088.1.msa",
  "type": "Core Loss",
  "formula": "Si3N4 (alpha)",
  "elements": [
    "Si",
    "N"
  ],
  "microscope": "CM30",
  "max_energy": "101.87 eV",
  "source_purity": "CVD",
  "edges": [
    "Si_L2,3"
  ],
  "guntype": "LaB6",
  "beamenergy": "100 kV",
  "resolution": "1.1 eV",
  "stepSize": "0.1 eV/pixel",
  "acquisition_mode": "Diffraction",
  "convergence": "8.4 mrad",
  "collection": "10 mrad",
  "probesize": "80 nm^2",
  "beamcurrent": "1.6",
  "integratetime": "0.18 secs",
  "readouts": "20",
  "detector": "Parallel: 666 Gatan",
  "darkcurrent": "No",
  "gainvariation": "No",
  "thickness": "0.4 t/&lambda;",
  "reference": {
    "freetext": "P.E. Batson, K.L. Kavanagh, C.Y. Wong, J.M. Woodall Ultramicroscopy 22(1987) 89-102"
  },
  "other_links": [
    {
      "url": "http://pc-web.cemes.fr/eelsdb/index.php?page=displayspec.php&id=61",
      "title": "Old EELS DB"
    }
  ]
}