{
  "id": 21915,
  "title": "La0.7Sr0.3MnO3/SrTiO3-(001) heterostructure, oxygen vacancies",
  "permalink": "https://eelsdb.eu/spectra/la0-7sr0-3mno3srtio3-001-heterostructure-oxygen-vacancies/",
  "author": {
    "name": "magnunor",
    "profile_url": "https://eelsdb.eu/author/magnus/",
    "profile_api_url": "https://api.eelsdb.eu/author/magnus/"
  },
  "published": "2016-02-10 14:26:55",
  "description": "35 nm La0.7Sr0.3MnO3 thin film grown epitaxially on a SrTiO3 substrate using PLD. Acquired at the LSMO/STO interface, had a reduced amount of oxygen content in relation to the middle of the film.",
  "comment_count": 0,
  "api_permalink": "https://api.eelsdb.eu/spectra/la0-7sr0-3mno3srtio3-001-heterostructure-oxygen-vacancies/",
  "download_link": "https://eelsdb.eu/wp-content/uploads/2016/02/lsmo_mn_interface_oxygen_vacancies2.msa",
  "type": "Core Loss",
  "formula": "La0.7Sr0.3MnO3",
  "elements": [
    "La",
    "Sr",
    "Mn",
    "O"
  ],
  "microscope": "FEI Titan 80-300ST",
  "max_energy": "682.4 eV",
  "min_energy": "628.4 eV",
  "edges": [
    "Mn_L2,3"
  ],
  "guntype": "Field Emission Gun",
  "beamenergy": "300 kV",
  "resolution": "1.0 eV",
  "monochromated": "No",
  "stepSize": "0.2 eV/pixel",
  "convergence": "24.2 mrad",
  "collection": "33.1 mrad",
  "detector": "GIF",
  "darkcurrent": "No",
  "gainvariation": "No",
  "calibration": "zero + dispersion",
  "reference": {
    "authors": "M. Nord, P. E. Vullum, M. Moreau, J. E. Boschker, S. M. Selbach, R. Holmestad, T. Tybell",
    "year": "2015",
    "journal": "Appl. Phys. Lett.",
    "title": "Structural phases driven by oxygen vacancies at the La0.7Sr0.3MnO3/SrTiO3 hetero-interface",
    "volume": "106",
    "issue": "4",
    "page": "041604",
    "doi": "10.1063/1.4906920",
    "url": "http://dx.doi.org/10.1063/1.4906920"
  },
  "associated_spectra": [
    {
      "name": "La0.7Sr0.3MnO3/SrTiO3-(001) heterostructure",
      "link": "https://eelsdb.eu/spectra/la0-7sr0-3mno3srtio3-001-heterostructure/",
      "type": "Core Loss"
    },
    {
      "name": "La0.7Sr0.3MnO3/SrTiO3-(001) heterostructure, brown millerite oxygen vacancies",
      "link": "https://eelsdb.eu/spectra/la0-7sr0-3mno3srtio3-001-heterostructure-brown-millerite-oxygen-vacancies/",
      "type": "Core Loss"
    },
    {
      "name": "La0.7Sr0.3MnO3/SrTiO3-(001) Heterostructure, Oxygen Vacancies",
      "link": "https://eelsdb.eu/spectra/la0-7sr0-3mno3srtio3-001-heterostructure-oxygen-vacancies-2/",
      "type": "Core Loss"
    }
  ]
}