{
  "id": 21754,
  "title": "Cobalt monoxide",
  "permalink": "https://eelsdb.eu/spectra/cobalt-monoxide/",
  "author": {
    "name": "Yuan Zhao",
    "profile_url": "https://eelsdb.eu/author/yuan/",
    "profile_api_url": "https://api.eelsdb.eu/author/yuan/"
  },
  "published": "2014-07-20 00:00:00",
  "description": " Analyst: Yuan Zhao, Robert F. Klie. Temperature: Room. ",
  "comment_count": 0,
  "api_permalink": "https://api.eelsdb.eu/spectra/cobalt-monoxide/",
  "keywords": [
    "imported from old site"
  ],
  "download_link": "https://eelsdb.eu/wp-content/uploads/2015/09/Dspec4Y3D6L.msa",
  "type": "Core Loss",
  "formula": "CoO",
  "elements": [
    "Co",
    "O"
  ],
  "microscope": "JEOL2010F",
  "max_energy": "918 eV",
  "min_energy": "406.5 eV",
  "edges": [
    "Co_L2,3"
  ],
  "guntype": "feg Schottky",
  "beamenergy": "200 kV",
  "monochromated": "No",
  "stepSize": "0.5 eV/pixel",
  "convergence": "15 mrad",
  "collection": "28 mrad",
  "integratetime": "5 secs",
  "detector": "GIF: GIF",
  "darkcurrent": "No",
  "gainvariation": "No",
  "reference": {
    "freetext": "Yuan Zhao, Theresa E. Feltes, John R. Regalbuto, Randall J. Meyer, Robert F. Klie, Journal of Applied Physics,108, 063704,2010"
  },
  "other_links": [
    {
      "url": "http://pc-web.cemes.fr/eelsdb/index.php?page=displayspec.php&id=245",
      "title": "Old EELS DB"
    }
  ]
}