{
  "id": 21664,
  "title": "Gallium Arsenide",
  "permalink": "https://eelsdb.eu/spectra/gallium-arsenide/",
  "author": {
    "name": "Michael St\u00f6ger-Pollach",
    "profile_url": "https://eelsdb.eu/author/michaels/",
    "profile_api_url": "https://api.eelsdb.eu/author/michaels/"
  },
  "published": "2007-12-18 00:00:00",
  "description": "Cerenkov losses and light guiding modes are present in the very low loss!\r\nCompare with spectra recorded at other thicknesses in this base. Analyst: M. Stoeger-Pollach. Temperature: Room. BEAM/Crystal: 110. ",
  "comment_count": 0,
  "api_permalink": "https://api.eelsdb.eu/spectra/gallium-arsenide/",
  "keywords": [
    "imported from old site"
  ],
  "download_link": "https://eelsdb.eu/wp-content/uploads/2015/09/Dspec9TnZnl.msa",
  "type": "Low Loss",
  "formula": "GaAs",
  "elements": [
    "Ga",
    "As"
  ],
  "microscope": "Tecnai F20 monochromator",
  "max_energy": "17.36 eV",
  "min_energy": "-1.02 eV",
  "source_purity": "commercial sample",
  "guntype": "Thermal type FEG ( monochromator was used )",
  "beamenergy": "200 kV",
  "resolution": "0.14 eV",
  "monochromated": "Yes",
  "stepSize": "0.02 eV/pixel",
  "convergence": "4 mrad",
  "collection": "0.18 mrad",
  "readouts": "1",
  "detector": "Parallel: GIF",
  "darkcurrent": "Yes",
  "gainvariation": "Yes",
  "thickness": "0.2 t/&lambda;",
  "reference": {
    "freetext": "M. Stoeger-Pollach et al, Micron 37(2006)396-402"
  },
  "other_links": [
    {
      "url": "http://pc-web.cemes.fr/eelsdb/index.php?page=displayspec.php&id=153",
      "title": "Old EELS DB"
    }
  ]
}