{
  "id": 21725,
  "title": "Niobium oxide",
  "permalink": "https://eelsdb.eu/spectra/niobium-oxide-2/",
  "author": {
    "name": "Wilfried Sigle",
    "profile_url": "https://eelsdb.eu/author/wsigle/",
    "profile_api_url": "https://api.eelsdb.eu/author/wsigle/"
  },
  "published": "2008-02-15 00:00:00",
  "description": " Analyst: David Bach, Wilfried Sigle. Temperature: Room. ",
  "comment_count": 0,
  "api_permalink": "https://api.eelsdb.eu/spectra/niobium-oxide-2/",
  "keywords": [
    "imported from old site"
  ],
  "download_link": "https://eelsdb.eu/wp-content/uploads/2015/09/DspecuCQhjm.msa",
  "type": "Core Loss",
  "formula": "Nb2O5",
  "elements": [
    "Nb",
    "O"
  ],
  "microscope": "VG HB501UX",
  "max_energy": "806.37 eV",
  "min_energy": "136.87 eV",
  "edges": [
    "Nb_M2,3",
    "Nb_M4,5",
    "O_K"
  ],
  "guntype": "cold field emission",
  "beamenergy": "100 kV",
  "resolution": "1.3 eV",
  "monochromated": "No",
  "stepSize": "0.5 eV/pixel",
  "convergence": "10 mrad",
  "collection": "6.5 mrad",
  "integratetime": "5 secs",
  "readouts": "10",
  "detector": "Parallel: Gatan ENFINA",
  "darkcurrent": "Yes",
  "gainvariation": "Yes",
  "thickness": "0.54 t/&lambda;",
  "associated_spectra": [
    {
      "name": "Niobium oxide",
      "link": "https://eelsdb.eu/spectra/niobium-oxide/",
      "type": "Low Loss"
    }
  ],
  "other_links": [
    {
      "url": "http://pc-web.cemes.fr/eelsdb/index.php?page=displayspec.php&id=215",
      "title": "Old EELS DB"
    }
  ]
}