{
  "id": 21812,
  "title": "MoO2",
  "permalink": "https://eelsdb.eu/spectra/moo2/",
  "author": {
    "name": "Luc Lajaunie",
    "profile_url": "https://eelsdb.eu/author/luc-lajaunie/",
    "profile_api_url": "https://api.eelsdb.eu/author/luc-lajaunie/"
  },
  "published": "2015-09-13 15:51:12",
  "description": "Ratio M3/M2 of 2.13",
  "comment_count": 0,
  "api_permalink": "https://api.eelsdb.eu/spectra/moo2/",
  "download_link": "https://eelsdb.eu/wp-content/uploads/2015/09/Profile-Of-350-1c.msa",
  "type": "Core Loss",
  "formula": "MoO2",
  "elements": [
    "Mo",
    "O"
  ],
  "microscope": "Hitachi HF2000",
  "max_energy": "591.61 eV",
  "min_energy": "313.41 eV",
  "source_purity": "Commercial",
  "guntype": "c-FEG",
  "beamenergy": "100 kV",
  "resolution": "1.5 eV",
  "monochromated": "No",
  "stepSize": "0.214 eV/pixel",
  "convergence": "1.4 mrad",
  "collection": "4.6 mrad",
  "probesize": "30 nm^2",
  "detector": "modi\ufb01ed Gatan PEELS 666 spectrometer",
  "darkcurrent": "Yes",
  "gainvariation": "Yes",
  "calibration": "low loss + drift tube",
  "reference": {
    "authors": "L. Lajaunie, F. Boucher, R. Dessapt, P. Moreau",
    "year": "2015",
    "journal": "Ultramicroscopy",
    "title": "Quantitative use of electron energy-loss spectroscopy Mo-M2,3 edges for the study of molybdenum oxides",
    "volume": "149",
    "page": "1-8",
    "doi": "10.1016/j.ultramic.2014.11.002",
    "url": "http://dx.doi.org/10.1016/j.ultramic.2014.11.002"
  },
  "associated_spectra": [
    {
      "name": "MoO2",
      "link": "https://eelsdb.eu/spectra/moo2-2/",
      "type": "Low Loss"
    },
    {
      "name": "Zero-loss c-FEG Hitachi Disp 0.214 eV",
      "link": "https://eelsdb.eu/spectra/zero-loss-c-feg-hitachi-disp-0-214-ev/",
      "type": "Zero Loss"
    }
  ]
}