{
  "id": 21694,
  "title": "YAP (yttrium aluminium perovskite)",
  "permalink": "https://eelsdb.eu/spectra/yap-yttrium-aluminium-perovskite/",
  "author": {
    "name": "Wilfried Sigle",
    "profile_url": "https://eelsdb.eu/author/wsigle/",
    "profile_api_url": "https://api.eelsdb.eu/author/wsigle/"
  },
  "published": "2008-02-01 00:00:00",
  "description": " Analyst: Saso Sturm. Temperature: Room. ",
  "comment_count": 0,
  "api_permalink": "https://api.eelsdb.eu/spectra/yap-yttrium-aluminium-perovskite/",
  "keywords": [
    "imported from old site"
  ],
  "download_link": "https://eelsdb.eu/wp-content/uploads/2015/09/Dspec2sC0sR.msa",
  "type": "Low Loss",
  "formula": "YAlO3",
  "elements": [
    "Y",
    "Al",
    "O"
  ],
  "microscope": "VG HB501UX",
  "max_energy": "114.2 eV",
  "min_energy": "-19.7 eV",
  "guntype": "Cold FEG",
  "beamenergy": "100 kV",
  "resolution": "0.7 eV",
  "stepSize": "0.1 eV/pixel",
  "acquisition_mode": "STEM",
  "convergence": "10 mrad",
  "collection": "6.5 mrad",
  "integratetime": "0.005 secs",
  "readouts": "10",
  "detector": "Parallel: Gatan ENFINA",
  "darkcurrent": "Yes",
  "gainvariation": "Yes",
  "thickness": "0.24 t/&lambda;",
  "other_links": [
    {
      "url": "http://pc-web.cemes.fr/eelsdb/index.php?page=displayspec.php&id=184",
      "title": "Old EELS DB"
    }
  ]
}