{
  "id": 21574,
  "title": "pyrite",
  "permalink": "https://eelsdb.eu/spectra/pyrite-2/",
  "author": {
    "name": "(Dr) Karine Masenelli-Varlot",
    "profile_url": "https://eelsdb.eu/author/karine-masenelli-varlot/",
    "profile_api_url": "https://api.eelsdb.eu/author/karine-masenelli-varlot/"
  },
  "published": "2005-04-20 00:00:00",
  "description": "specimen used for calibration Analyst: Karine Varlot. Temperature: 298. ",
  "comment_count": 0,
  "api_permalink": "https://api.eelsdb.eu/spectra/pyrite-2/",
  "keywords": [
    "imported from old site"
  ],
  "download_link": "https://eelsdb.eu/wp-content/uploads/2015/09/Dspec.874589.1.msa",
  "type": "X Ray Abs",
  "formula": "FeS2",
  "elements": [
    "Fe",
    "S"
  ],
  "microscope": "SRC",
  "max_energy": "194.95 eV",
  "min_energy": "155 eV",
  "edges": [
    "S_L2,3"
  ],
  "guntype": "Grasshopper",
  "beamenergy": "800 kV",
  "resolution": "0.1 eV",
  "stepSize": "0.05 eV/pixel",
  "acquisition_mode": "XAS Transmission",
  "detector": "1800 l/mm",
  "darkcurrent": "No",
  "other_links": [
    {
      "url": "http://pc-web.cemes.fr/eelsdb/index.php?page=displayspec.php&id=50",
      "title": "Old EELS DB"
    }
  ]
}