{
  "id": 21551,
  "title": "Quartz alpha (polarised)",
  "permalink": "https://eelsdb.eu/spectra/quartz-alpha-polarised/",
  "author": {
    "name": "(Dr.) Anne-Marie Flank",
    "profile_url": "https://eelsdb.eu/author/anne-marie-flank/",
    "profile_api_url": "https://api.eelsdb.eu/author/anne-marie-flank/"
  },
  "published": "2005-04-20 00:00:00",
  "description": " Analyst: Flank. Temperature: 300. BEAM/Crystal: E parallel to z axis. ",
  "comment_count": 0,
  "api_permalink": "https://api.eelsdb.eu/spectra/quartz-alpha-polarised/",
  "keywords": [
    "imported from old site"
  ],
  "download_link": "https://eelsdb.eu/wp-content/uploads/2015/09/Dspec.1445898.1.msa",
  "type": "X Ray Abs",
  "formula": "SiO2",
  "elements": [
    "Si",
    "O"
  ],
  "microscope": "SuperACO",
  "max_energy": "1918.5 eV",
  "min_energy": "1822.5 eV",
  "edges": [
    "Si_K"
  ],
  "guntype": "SA32",
  "beamenergy": "800 kV",
  "resolution": "0.7 eV",
  "stepSize": "0.265 eV/pixel",
  "acquisition_mode": "XAS Electron yield",
  "beamcurrent": "200",
  "detector": "InSb",
  "darkcurrent": "No",
  "other_links": [
    {
      "url": "http://pc-web.cemes.fr/eelsdb/index.php?page=displayspec.php&id=27",
      "title": "Old EELS DB"
    }
  ]
}