{
  "id": 21596,
  "title": "Pure Ni",
  "permalink": "https://eelsdb.eu/spectra/pure-ni/",
  "author": {
    "name": "(Dr) Marie Cheynet",
    "profile_url": "https://eelsdb.eu/author/mcheynet/",
    "profile_api_url": "https://api.eelsdb.eu/author/mcheynet/"
  },
  "published": "2005-05-20 00:00:00",
  "description": "correction for energy drift and ripple Analyst: Potapov. Temperature: Room. ",
  "comment_count": 0,
  "api_permalink": "https://api.eelsdb.eu/spectra/pure-ni/",
  "keywords": [
    "imported from old site"
  ],
  "download_link": "https://eelsdb.eu/wp-content/uploads/2015/09/DspecMaSofH.msa",
  "type": "Low Loss",
  "formula": "Ni",
  "elements": [
    "Ni"
  ],
  "microscope": "CM30",
  "max_energy": "44 eV",
  "min_energy": "-4.6 eV",
  "source_purity": "99.99% Ni metal",
  "guntype": "feg Schottky",
  "beamenergy": "300 kV",
  "resolution": "0.8 eV",
  "stepSize": "0.05 eV/pixel",
  "acquisition_mode": "Imaging",
  "convergence": "2.3 mrad",
  "collection": "3.75 mrad",
  "probesize": "10 nm^2",
  "readouts": "20",
  "detector": "Parallel: GIF",
  "darkcurrent": "Yes",
  "gainvariation": "Yes",
  "thickness": "0.9 t/&lambda;",
  "other_links": [
    {
      "url": "http://pc-web.cemes.fr/eelsdb/index.php?page=displayspec.php&id=77",
      "title": "Old EELS DB"
    }
  ]
}