{
  "id": 21674,
  "title": "Titanium dioxide (rutile structure)",
  "permalink": "https://eelsdb.eu/spectra/titanium-dioxide-rutile-structure-3/",
  "author": {
    "name": "Saso Sturm",
    "profile_url": "https://eelsdb.eu/author/saso-sturm/",
    "profile_api_url": "https://api.eelsdb.eu/author/saso-sturm/"
  },
  "published": "2008-01-21 00:00:00",
  "description": " Analyst: Saso Sturm. Temperature: Room. ",
  "comment_count": 0,
  "api_permalink": "https://api.eelsdb.eu/spectra/titanium-dioxide-rutile-structure-3/",
  "keywords": [
    "imported from old site"
  ],
  "download_link": "https://eelsdb.eu/wp-content/uploads/2015/09/DspecGLrIDj.msa",
  "type": "Low Loss",
  "formula": "TiO2",
  "elements": [
    "Ti",
    "O"
  ],
  "microscope": "JEOL2010F",
  "max_energy": "187.4 eV",
  "min_energy": "-16.8 eV",
  "guntype": "feg Schottky",
  "beamenergy": "200 kV",
  "resolution": "1.2 eV",
  "stepSize": "0.2 eV/pixel",
  "acquisition_mode": "Diffraction",
  "convergence": "10 mrad",
  "collection": "5 mrad",
  "probesize": "50 nm^2",
  "integratetime": "0.024 secs",
  "readouts": "5",
  "detector": "Parallel: 766 Gatan",
  "darkcurrent": "Yes",
  "gainvariation": "Yes",
  "thickness": "0.8 t/&lambda;",
  "other_links": [
    {
      "url": "http://pc-web.cemes.fr/eelsdb/index.php?page=displayspec.php&id=163",
      "title": "Old EELS DB"
    }
  ]
}