{
  "id": 21636,
  "title": "Copper oxide",
  "permalink": "https://eelsdb.eu/spectra/copper-oxide/",
  "author": {
    "name": "KIHN Yolande",
    "profile_url": "https://eelsdb.eu/author/kihn/",
    "profile_api_url": "https://api.eelsdb.eu/author/kihn/"
  },
  "published": "2007-11-28 00:00:00",
  "description": " Analyst: Y.Kihn. Temperature: Room. ",
  "comment_count": 0,
  "api_permalink": "https://api.eelsdb.eu/spectra/copper-oxide/",
  "keywords": [
    "imported from old site"
  ],
  "download_link": "https://eelsdb.eu/wp-content/uploads/2015/09/DspecQg6Fjc.msa",
  "type": "Low Loss",
  "formula": "CuO",
  "elements": [
    "Cu",
    "O"
  ],
  "microscope": "CM20",
  "max_energy": "90.3 eV",
  "min_energy": "-11.8 eV",
  "guntype": "LaB6",
  "beamenergy": "100 kV",
  "stepSize": "0.1 eV/pixel",
  "acquisition_mode": "Diffraction",
  "convergence": "3 mrad",
  "collection": "3 mrad",
  "detector": "Parallel: 666 Gatan",
  "darkcurrent": "Yes",
  "gainvariation": "Yes",
  "reference": {
    "freetext": "Correlation between microstructure and mechanical spectroscopy of a Cu-Cu2O alloy between 290K and 873K,J.P. NGANTCHA, M. GERLAND, Y. KIHN, A. RIVIERE,Eur. Phys. J. Appl. Phys., 29, 83-89, 2005."
  },
  "associated_spectra": [
    {
      "name": "Copper oxide",
      "link": "https://eelsdb.eu/spectra/copper-oxide-2/",
      "type": "Core Loss"
    },
    {
      "name": "Copper oxide",
      "link": "https://eelsdb.eu/spectra/copper-oxide-3/",
      "type": "Core Loss"
    }
  ],
  "other_links": [
    {
      "url": "http://pc-web.cemes.fr/eelsdb/index.php?page=displayspec.php&id=125",
      "title": "Old EELS DB"
    }
  ]
}