{
  "id": 21599,
  "title": "Titanium dioxide",
  "permalink": "https://eelsdb.eu/spectra/titanium-dioxide/",
  "author": {
    "name": "(Dr) Marie Cheynet",
    "profile_url": "https://eelsdb.eu/author/mcheynet/",
    "profile_api_url": "https://api.eelsdb.eu/author/mcheynet/"
  },
  "published": "2005-05-20 00:00:00",
  "description": " Analyst: M. Cheynet. Temperature: Room. ",
  "comment_count": 0,
  "api_permalink": "https://api.eelsdb.eu/spectra/titanium-dioxide/",
  "keywords": [
    "imported from old site"
  ],
  "download_link": "https://eelsdb.eu/wp-content/uploads/2015/09/DspeccVzGat.msa",
  "type": "Low Loss",
  "formula": "TiO2",
  "elements": [
    "Ti",
    "O"
  ],
  "microscope": "Tecnai F20",
  "max_energy": "79.93 eV",
  "min_energy": "-10.15 eV",
  "source_purity": "99.99% powders TiO2",
  "guntype": "feg Schottky",
  "beamenergy": "200 kV",
  "resolution": "0.8 eV",
  "stepSize": "0.098 eV/pixel",
  "acquisition_mode": "STEM",
  "convergence": "13.5 mrad",
  "collection": "1.2 mrad",
  "probesize": "1 nm^2",
  "integratetime": "1 secs",
  "readouts": "3",
  "detector": "Parallel: GIF",
  "darkcurrent": "Yes",
  "gainvariation": "Yes",
  "thickness": "0.7 t/&lambda;",
  "other_links": [
    {
      "url": "http://pc-web.cemes.fr/eelsdb/index.php?page=displayspec.php&id=80",
      "title": "Old EELS DB"
    }
  ]
}