{
  "id": 21625,
  "title": "Magnesium Oxide",
  "permalink": "https://eelsdb.eu/spectra/magnesium-oxide-2/",
  "author": {
    "name": "Giovanni Bertoni",
    "profile_url": "https://eelsdb.eu/author/giovanni-bertoni/",
    "profile_api_url": "https://api.eelsdb.eu/author/giovanni-bertoni/"
  },
  "published": "2007-11-13 00:00:00",
  "description": "polycrystalline sample.\r\nspectrum used for quantification. It is the sum of 100 spectra available separately, which can be used for testing quantification techniques or deconvolution techniques. Analyst: Giovanni Bertoni. Temperature: Room. ",
  "comment_count": 0,
  "api_permalink": "https://api.eelsdb.eu/spectra/magnesium-oxide-2/",
  "keywords": [
    "imported from old site"
  ],
  "download_link": "https://eelsdb.eu/wp-content/uploads/2015/09/DspecelZWOy.msa",
  "type": "Core Loss",
  "formula": "MgO",
  "elements": [
    "Mg",
    "O"
  ],
  "microscope": "CM30",
  "max_energy": "1364.5 eV",
  "min_energy": "341.5 eV",
  "source_purity": "Merck (powder)",
  "edges": [
    "O_K"
  ],
  "guntype": "feg Schottky",
  "beamenergy": "300 kV",
  "resolution": "1 eV",
  "stepSize": "1 eV/pixel",
  "acquisition_mode": "Diffraction",
  "convergence": "1.3 mrad",
  "collection": "5.21 mrad",
  "integratetime": "0.4 secs",
  "readouts": "100",
  "detector": "Parallel: GIF200",
  "darkcurrent": "Yes",
  "gainvariation": "Yes",
  "thickness": "0.189 t/&lambda;",
  "reference": {
    "freetext": "G. Bertoni, J.Verbeeck, Ultramicroscopy, submitted."
  },
  "associated_spectra": [
    {
      "name": "Magnesium Oxide",
      "link": "https://eelsdb.eu/spectra/magnesium-oxide/",
      "type": "Low Loss"
    }
  ],
  "other_links": [
    {
      "url": "http://pc-web.cemes.fr/eelsdb/index.php?page=displayspec.php&id=112",
      "title": "Old EELS DB"
    }
  ]
}