{
  "id": 21647,
  "title": "Silicon",
  "permalink": "https://eelsdb.eu/spectra/silicon-6/",
  "author": {
    "name": "Frans Tichelaar",
    "profile_url": "https://eelsdb.eu/author/f-d-tichelaar/",
    "profile_api_url": "https://api.eelsdb.eu/author/f-d-tichelaar/"
  },
  "published": "2007-12-10 00:00:00",
  "description": " Analyst: F.D. Tichelaar. Temperature: Room. BEAM/Crystal: 6.7 degree from (110) and 2 degrees from (001). ",
  "comment_count": 0,
  "api_permalink": "https://api.eelsdb.eu/spectra/silicon-6/",
  "keywords": [
    "imported from old site"
  ],
  "download_link": "https://eelsdb.eu/wp-content/uploads/2015/09/Dspec2vgwS1.msa",
  "type": "Low Loss",
  "formula": "Si",
  "elements": [
    "Si"
  ],
  "microscope": "Tecnai F20 monochromator",
  "max_energy": "41.15 eV",
  "min_energy": "-10 eV",
  "guntype": "feg",
  "beamenergy": "200 kV",
  "resolution": "0.3 eV",
  "monochromated": "Yes",
  "stepSize": "0.05 eV/pixel",
  "integratetime": "0.1 secs",
  "readouts": "50",
  "detector": "Parallel: GIF Tridiem",
  "darkcurrent": "Yes",
  "gainvariation": "Yes",
  "thickness": "0.55 t/&lambda;",
  "reference": {
    "freetext": "Pantel R, Cheynet MC, Tichelaar FD, Micron, 37, 657, 2006"
  },
  "other_links": [
    {
      "url": "http://pc-web.cemes.fr/eelsdb/index.php?page=displayspec.php&id=136",
      "title": "Old EELS DB"
    }
  ]
}