{
  "id": 21669,
  "title": "Chromium oxide (Chromia)",
  "permalink": "https://eelsdb.eu/spectra/chromium-oxide-chromia/",
  "author": {
    "name": "Rik Brydson",
    "profile_url": "https://eelsdb.eu/author/mtlrmdb/",
    "profile_api_url": "https://api.eelsdb.eu/author/mtlrmdb/"
  },
  "published": "2008-01-08 00:00:00",
  "description": "Cr L3 peak maximum agrees with data of Kurata et al. - Bull Inst. Chem. Res., Kyoto University 66, 572 (1988).\r\nFrom very thin region - deconvolution not applied. Analyst: Rik Brydson. Temperature: Room. BEAM/Crystal: off major zone axis. ",
  "comment_count": 0,
  "api_permalink": "https://api.eelsdb.eu/spectra/chromium-oxide-chromia/",
  "keywords": [
    "imported from old site"
  ],
  "download_link": "https://eelsdb.eu/wp-content/uploads/2015/09/Dspec9SrwZt.msa",
  "type": "Core Loss",
  "formula": "Cr2O3 (alpha)",
  "elements": [
    "Cr",
    "O"
  ],
  "microscope": "Philips CM200",
  "max_energy": "612.4 eV",
  "min_energy": "510.1 eV",
  "source_purity": "Chromia powder from Sigma Aldrich",
  "edges": [
    "O_K",
    "Cr_L2,3"
  ],
  "guntype": "feg Schottky",
  "beamenergy": "197 kV",
  "resolution": "0.8 eV",
  "monochromated": "No",
  "stepSize": "0.1 eV/pixel",
  "convergence": "0.1 mrad",
  "collection": "5.9 mrad",
  "probesize": "180 nm^2",
  "detector": "GIF: GIF200",
  "darkcurrent": "Yes",
  "gainvariation": "Yes",
  "thickness": "0.2 t/&lambda;",
  "reference": {
    "freetext": "SP McBride, R Brydson, Journal of Materials Science, Volume 39, page 6723-6734 (2004)"
  },
  "other_links": [
    {
      "url": "http://pc-web.cemes.fr/eelsdb/index.php?page=displayspec.php&id=158",
      "title": "Old EELS DB"
    }
  ]
}