{
  "id": 22061,
  "title": "Amorphous Carbon 500\u00baC, 15 min",
  "permalink": "https://eelsdb.eu/spectra/amorphous-carbon-500%c2%bac-15-min/",
  "author": {
    "name": "Luc Lajaunie",
    "profile_url": "https://eelsdb.eu/author/luc-lajaunie/",
    "profile_api_url": "https://api.eelsdb.eu/author/luc-lajaunie/"
  },
  "published": "2016-12-20 10:59:53",
  "description": "15% H ; 63% sp2",
  "comment_count": 0,
  "api_permalink": "https://api.eelsdb.eu/spectra/amorphous-carbon-500%c2%bac-15-min/",
  "download_link": "https://eelsdb.eu/wp-content/uploads/2016/12/8-pm2.msa",
  "type": "Core Loss",
  "formula": "a-C:H",
  "elements": [
    "C",
    "H"
  ],
  "microscope": "Tecnai F30",
  "max_energy": "331.45 eV",
  "min_energy": "229.1 eV",
  "edges": [
    "C_K"
  ],
  "guntype": "Schottky",
  "beamenergy": "300 kV",
  "resolution": "1.2 eV",
  "monochromated": "No",
  "stepSize": "0.05 eV/pixel",
  "acquisition_mode": "stem",
  "convergence": "6.1 mrad",
  "collection": "5.9 mrad",
  "detector": "Gatan Tridiem 863",
  "darkcurrent": "No",
  "gainvariation": "No",
  "calibration": "Pi* at 285 eV",
  "deconvolutions": [
    "Fourier-ratio"
  ],
  "reference": {
    "authors": "L. Lajaunie, C. Pardanaud, C. Martin, P. Puech, C. Hu, M.J. Biggs, R. Arenal",
    "year": "2017",
    "journal": "Carbon",
    "title": "Advanced spectroscopic analyses on a:C-H materials: Revisiting the EELS characterization and its coupling with multi-wavelength Raman spectroscopy",
    "volume": "112",
    "page": "149-161",
    "doi": "10.1016/j.carbon.2016.10.092",
    "url": "http://dx.doi.org/10.1016/j.carbon.2016.10.092"
  }
}