{
  "id": 21582,
  "title": "Silicon",
  "permalink": "https://eelsdb.eu/spectra/silicon-4/",
  "author": {
    "name": "Sylvie Schamm",
    "profile_url": "https://eelsdb.eu/author/schamm/",
    "profile_api_url": "https://api.eelsdb.eu/author/schamm/"
  },
  "published": "2007-11-19 00:00:00",
  "description": "directly connected to \"Si-ds.XY\" : after deconvolution and normalization dispersion not 0.19 eV/ch but 0.197 eV/ch Analyst: S.Schamm. Temperature: Room. ",
  "comment_count": 0,
  "api_permalink": "https://api.eelsdb.eu/spectra/silicon-4/",
  "keywords": [
    "imported from old site"
  ],
  "download_link": "https://eelsdb.eu/wp-content/uploads/2015/09/Dspec.54596.1.msa",
  "type": "Core Loss",
  "formula": "Si",
  "elements": [
    "Si"
  ],
  "microscope": "CM20",
  "max_energy": "173.57 eV",
  "min_energy": "90.31 eV",
  "source_purity": "wafer",
  "edges": [
    "Si_L2,3"
  ],
  "guntype": "LaB6",
  "beamenergy": "100 kV",
  "resolution": "1.08 eV",
  "stepSize": "0.197 eV/pixel",
  "acquisition_mode": "Diffraction",
  "convergence": "5.1 mrad",
  "collection": "6.14 mrad",
  "detector": "Parallel: 666 Gatan",
  "darkcurrent": "No",
  "gainvariation": "No",
  "thickness": "0.4 t/&lambda;",
  "reference": {
    "freetext": "P.E. Batson 3M 2 (1991) 395-402"
  },
  "other_links": [
    {
      "url": "http://pc-web.cemes.fr/eelsdb/index.php?page=displayspec.php&id=58",
      "title": "Old EELS DB"
    }
  ]
}