{
  "id": 21642,
  "title": "Calcium titanate (perovskite structure)",
  "permalink": "https://eelsdb.eu/spectra/calcium-titanate-perovskite-structure/",
  "author": {
    "name": "Saso Sturm",
    "profile_url": "https://eelsdb.eu/author/saso-sturm/",
    "profile_api_url": "https://api.eelsdb.eu/author/saso-sturm/"
  },
  "published": "2007-12-05 00:00:00",
  "description": " Analyst: Saso Sturm. Temperature: Room. BEAM/Crystal: crystall was not in the zone axis. ",
  "comment_count": 0,
  "api_permalink": "https://api.eelsdb.eu/spectra/calcium-titanate-perovskite-structure/",
  "keywords": [
    "imported from old site"
  ],
  "download_link": "https://eelsdb.eu/wp-content/uploads/2015/09/Dspecx8U1BC.msa",
  "type": "Low Loss",
  "formula": "CaTiO3",
  "elements": [
    "Ca",
    "Ti",
    "O"
  ],
  "microscope": "JEOL2010F",
  "max_energy": "184.2 eV",
  "min_energy": "-20 eV",
  "source_purity": "commercially available powder",
  "guntype": "feg Schottky",
  "beamenergy": "200 kV",
  "resolution": "1 eV",
  "stepSize": "0.2 eV/pixel",
  "acquisition_mode": "Diffraction",
  "convergence": "10 mrad",
  "collection": "5 mrad",
  "probesize": "50 nm^2",
  "integratetime": "0.024 secs",
  "readouts": "5",
  "detector": "Parallel: 766 Gatan",
  "darkcurrent": "Yes",
  "gainvariation": "Yes",
  "thickness": "0.3 t/&lambda;",
  "associated_spectra": [
    {
      "name": "Calcium titanate (perovskite structure)",
      "link": "https://eelsdb.eu/spectra/calcium-titanate-perovskite-structure-2/",
      "type": "Core Loss"
    },
    {
      "name": "Calcium titanate (perovskite structure)",
      "link": "https://eelsdb.eu/spectra/calcium-titanate-perovskite-structure-3/",
      "type": "Core Loss"
    }
  ],
  "other_links": [
    {
      "url": "http://pc-web.cemes.fr/eelsdb/index.php?page=displayspec.php&id=131",
      "title": "Old EELS DB"
    }
  ]
}