{
  "id": 21597,
  "title": "Nickel oxide",
  "permalink": "https://eelsdb.eu/spectra/nickel-oxide/",
  "author": {
    "name": "(Dr) Marie Cheynet",
    "profile_url": "https://eelsdb.eu/author/mcheynet/",
    "profile_api_url": "https://api.eelsdb.eu/author/mcheynet/"
  },
  "published": "2005-05-20 00:00:00",
  "description": " Analyst: Pavel Potapov. Temperature: Room. ",
  "comment_count": 0,
  "api_permalink": "https://api.eelsdb.eu/spectra/nickel-oxide/",
  "keywords": [
    "imported from old site"
  ],
  "download_link": "https://eelsdb.eu/wp-content/uploads/2015/09/DspeclNUL3m.msa",
  "type": "Low Loss",
  "formula": "NiO",
  "elements": [
    "Ni",
    "O"
  ],
  "microscope": "CM30",
  "max_energy": "41 eV",
  "min_energy": "-4.9 eV",
  "source_purity": "99.999% powder NiO",
  "guntype": "feg Schottky",
  "beamenergy": "300 kV",
  "resolution": "0.8 eV",
  "stepSize": "0.05 eV/pixel",
  "acquisition_mode": "Imaging",
  "convergence": "2.3 mrad",
  "collection": "3.75 mrad",
  "probesize": "10 nm^2",
  "integratetime": "1 secs",
  "readouts": "20",
  "detector": "Parallel: GIF",
  "darkcurrent": "Yes",
  "gainvariation": "Yes",
  "thickness": "1 t/&lambda;",
  "other_links": [
    {
      "url": "http://pc-web.cemes.fr/eelsdb/index.php?page=displayspec.php&id=78",
      "title": "Old EELS DB"
    }
  ]
}