{
  "id": 22048,
  "title": "Ge",
  "permalink": "https://eelsdb.eu/spectra/ge-2/",
  "author": {
    "name": "aneeqa",
    "profile_url": "https://eelsdb.eu/author/an/",
    "profile_api_url": "https://api.eelsdb.eu/author/an/"
  },
  "published": "2016-11-25 15:37:12",
  "description": "From a spectrum image of 2250 pixels over a range of thickness",
  "comment_count": 0,
  "api_permalink": "https://api.eelsdb.eu/spectra/ge-2/",
  "download_link": "https://eelsdb.eu/wp-content/uploads/2016/11/LL_-Ge.msa",
  "type": "Low Loss",
  "formula": "Ge",
  "elements": [
    "Ge"
  ],
  "microscope": "Probe Corrected Jeol ARM 200F",
  "max_energy": "152.75 eV",
  "min_energy": "-16.75 eV",
  "source_purity": "Ge wafer",
  "guntype": "Cold FEG",
  "beamenergy": "200 kV",
  "resolution": "0.5 eV",
  "monochromated": "No",
  "stepSize": "0.5 eV/pixel",
  "acquisition_mode": "stem",
  "convergence": "29 mrad",
  "collection": "36 mrad",
  "integratetime": "0.0002498 secs",
  "readouts": "2250",
  "detector": "GIF Quantum ER",
  "darkcurrent": "Yes",
  "gainvariation": "Yes",
  "calibration": "Low loss + drift tube",
  "thickness": "0.55 t/&lambda;",
  "deconvolutions": [
    "Fourier-ratio"
  ]
}