{
  "id": 21685,
  "title": "Zinc sulfide",
  "permalink": "https://eelsdb.eu/spectra/zinc-sulfide-2/",
  "author": {
    "name": "Wilfried Sigle",
    "profile_url": "https://eelsdb.eu/author/wsigle/",
    "profile_api_url": "https://api.eelsdb.eu/author/wsigle/"
  },
  "published": "2008-01-29 00:00:00",
  "description": " Analyst: Zaoli Zhang. Temperature: Room. ",
  "comment_count": 0,
  "api_permalink": "https://api.eelsdb.eu/spectra/zinc-sulfide-2/",
  "keywords": [
    "imported from old site"
  ],
  "download_link": "https://eelsdb.eu/wp-content/uploads/2015/09/DspecaHgA68.msa",
  "type": "Core Loss",
  "formula": "ZnS",
  "elements": [
    "Zn",
    "S"
  ],
  "microscope": "VG HB501UX",
  "max_energy": "964.32 eV",
  "min_energy": "61.84 eV",
  "edges": [
    "Zn_M2,3",
    "S_L1",
    "S_L2,3"
  ],
  "guntype": "Cold FEG",
  "beamenergy": "100 kV",
  "resolution": "1 eV",
  "monochromated": "No",
  "stepSize": "0.674 eV/pixel",
  "convergence": "10 mrad",
  "collection": "6.5 mrad",
  "detector": "Parallel: Gatan ENFINA",
  "darkcurrent": "Yes",
  "gainvariation": "Yes",
  "other_links": [
    {
      "url": "http://pc-web.cemes.fr/eelsdb/index.php?page=displayspec.php&id=175",
      "title": "Old EELS DB"
    }
  ]
}