{
  "id": 21609,
  "title": "Aluminium nitride",
  "permalink": "https://eelsdb.eu/spectra/aluminium-nitride-5/",
  "author": {
    "name": "(Dr) Marie Cheynet",
    "profile_url": "https://eelsdb.eu/author/mcheynet/",
    "profile_api_url": "https://api.eelsdb.eu/author/mcheynet/"
  },
  "published": "2005-05-26 00:00:00",
  "description": " Analyst: M. Cheynet. Temperature: Room. ",
  "comment_count": 0,
  "api_permalink": "https://api.eelsdb.eu/spectra/aluminium-nitride-5/",
  "keywords": [
    "imported from old site"
  ],
  "download_link": "https://eelsdb.eu/wp-content/uploads/2015/09/DspecJkF1Ey.msa",
  "type": "Low Loss",
  "formula": "AlN",
  "elements": [
    "Al",
    "N"
  ],
  "microscope": "Tecnai F20",
  "max_energy": "91.81 eV",
  "min_energy": "-8.75 eV",
  "source_purity": "buffer",
  "guntype": "feg Schottky",
  "beamenergy": "200 kV",
  "resolution": "1 eV",
  "stepSize": "0.099 eV/pixel",
  "acquisition_mode": "STEM",
  "convergence": "13.5 mrad",
  "collection": "1.2 mrad",
  "probesize": "1 nm^2",
  "integratetime": "1 secs",
  "readouts": "5",
  "detector": "Parallel: GIF",
  "darkcurrent": "Yes",
  "gainvariation": "Yes",
  "thickness": "0.6 t/&lambda;",
  "other_links": [
    {
      "url": "http://pc-web.cemes.fr/eelsdb/index.php?page=displayspec.php&id=92",
      "title": "Old EELS DB"
    }
  ]
}