{
  "id": 21564,
  "title": "Boron carbide",
  "permalink": "https://eelsdb.eu/spectra/boron-carbide/",
  "author": {
    "name": "Virginie Serin",
    "profile_url": "https://eelsdb.eu/author/serin/",
    "profile_api_url": "https://api.eelsdb.eu/author/serin/"
  },
  "published": "2005-04-20 00:00:00",
  "description": "Residual detector background removed. Analyst: Otmane Abidate. Temperature: Room. ",
  "comment_count": 0,
  "api_permalink": "https://api.eelsdb.eu/spectra/boron-carbide/",
  "keywords": [
    "imported from old site"
  ],
  "download_link": "https://eelsdb.eu/wp-content/uploads/2015/09/Dspec.36108.1.msa",
  "type": "Low Loss",
  "formula": "B4C",
  "elements": [
    "B",
    "C"
  ],
  "microscope": "CM30",
  "max_energy": "87.5 eV",
  "min_energy": "-14.4 eV",
  "source_purity": "Commercial powder Aldrich",
  "guntype": "LaB6",
  "beamenergy": "100 kV",
  "resolution": "1.2 eV",
  "stepSize": "0.1 eV/pixel",
  "acquisition_mode": "Diffraction",
  "convergence": "3.67 mrad",
  "collection": "0.33 mrad",
  "probesize": "60 nm^2",
  "integratetime": "0.1 secs",
  "readouts": "10",
  "detector": "Parallel: 666 Gatan",
  "darkcurrent": "Yes",
  "gainvariation": "Yes",
  "thickness": "0.6 t/&lambda;",
  "reference": {
    "freetext": "Serin V. et al., Carbon, 38 n4, 547-554, 2000"
  },
  "associated_spectra": [
    {
      "name": "Boron carbide",
      "link": "https://eelsdb.eu/spectra/boron-carbide-2/",
      "type": "Core Loss"
    },
    {
      "name": "Boron carbide",
      "link": "https://eelsdb.eu/spectra/boron-carbide-3/",
      "type": "Core Loss"
    }
  ],
  "other_links": [
    {
      "url": "http://pc-web.cemes.fr/eelsdb/index.php?page=displayspec.php&id=40",
      "title": "Old EELS DB"
    }
  ]
}