{
  "id": 22059,
  "title": "SrCoO Misfit NT",
  "permalink": "https://eelsdb.eu/spectra/srcoo-misfit-nt/",
  "author": {
    "name": "Luc Lajaunie",
    "profile_url": "https://eelsdb.eu/author/luc-lajaunie/",
    "profile_api_url": "https://api.eelsdb.eu/author/luc-lajaunie/"
  },
  "published": "2016-12-19 13:48:29",
  "description": "",
  "comment_count": 0,
  "api_permalink": "https://api.eelsdb.eu/spectra/srcoo-misfit-nt/",
  "download_link": "https://eelsdb.eu/wp-content/uploads/2016/12/Spectre-centre-EELSDB.msa",
  "type": "Core Loss",
  "formula": "SrCoO",
  "elements": [
    "Sr",
    "Co",
    "O"
  ],
  "microscope": "FEI Titan Low-Base",
  "max_energy": "923.19 eV",
  "min_energy": "235.81 eV",
  "edges": [
    "O_K",
    "Co_L2,3",
    "Sr_M2,3"
  ],
  "guntype": "X-FEG",
  "beamenergy": "200 kV",
  "resolution": "2 eV",
  "monochromated": "No",
  "stepSize": "0.518 eV/pixel",
  "acquisition_mode": "stem",
  "convergence": "18 mrad",
  "collection": "17 mrad",
  "detector": "Gatan Tridiem ESR 865",
  "darkcurrent": "No",
  "gainvariation": "No",
  "reference": {
    "authors": "Leela S. Panchakarla, Luc Lajaunie, Ashwin Ramasubramaniam, Raul Arenal, Reshef Tenne",
    "year": "2016",
    "journal": "Chemistry of Materials",
    "title": "Strontium Cobalt Oxide Misfit Nanotubes",
    "doi": "10.1021/acs.chemmater.6b04396",
    "url": "http://dx.doi.org/10.1021/acs.chemmater.6b04396"
  }
}