{
  "id": 21605,
  "title": "amorphous silicon dioxide",
  "permalink": "https://eelsdb.eu/spectra/amorphous-silicon-dioxide/",
  "author": {
    "name": "(Dr) Marie Cheynet",
    "profile_url": "https://eelsdb.eu/author/mcheynet/",
    "profile_api_url": "https://api.eelsdb.eu/author/mcheynet/"
  },
  "published": "2005-05-26 00:00:00",
  "description": " Analyst: M. Cheynet - R. Pantel. Temperature: Room. ",
  "comment_count": 0,
  "api_permalink": "https://api.eelsdb.eu/spectra/amorphous-silicon-dioxide/",
  "keywords": [
    "imported from old site"
  ],
  "download_link": "https://eelsdb.eu/wp-content/uploads/2015/09/DspecHrI4VX.msa",
  "type": "Low Loss",
  "formula": "SiO2",
  "elements": [
    "Si",
    "O"
  ],
  "microscope": "CM20",
  "max_energy": "93.6 eV",
  "min_energy": "-8.5 eV",
  "source_purity": "50 nm layer",
  "guntype": "feg Schottky",
  "beamenergy": "200 kV",
  "resolution": "0.7 eV",
  "stepSize": "0.1 eV/pixel",
  "acquisition_mode": "Imaging",
  "convergence": "3 mrad",
  "collection": "13 mrad",
  "probesize": "20 nm^2",
  "integratetime": "1 secs",
  "readouts": "3",
  "detector": "Parallel: GIF",
  "darkcurrent": "Yes",
  "gainvariation": "Yes",
  "thickness": "0.35 t/&lambda;",
  "other_links": [
    {
      "url": "http://pc-web.cemes.fr/eelsdb/index.php?page=displayspec.php&id=88",
      "title": "Old EELS DB"
    }
  ]
}