{
  "id": 21546,
  "title": "Gallium phosphate",
  "permalink": "https://eelsdb.eu/spectra/gallium-phosphate/",
  "author": {
    "name": "(Dr.) Anne-Marie Flank",
    "profile_url": "https://eelsdb.eu/author/anne-marie-flank/",
    "profile_api_url": "https://api.eelsdb.eu/author/anne-marie-flank/"
  },
  "published": "2005-04-20 00:00:00",
  "description": " Analyst: Flank. Temperature: 300. ",
  "comment_count": 0,
  "api_permalink": "https://api.eelsdb.eu/spectra/gallium-phosphate/",
  "keywords": [
    "imported from old site"
  ],
  "download_link": "https://eelsdb.eu/wp-content/uploads/2015/09/Dspec.102751.1.msa",
  "type": "X Ray Abs",
  "formula": "GaPO4-quartz",
  "elements": [
    "Ga",
    "P",
    "O"
  ],
  "microscope": "Super ACO",
  "max_energy": "1340 eV",
  "min_energy": "1085 eV",
  "edges": [
    "Ga_L2,3"
  ],
  "guntype": "SA32",
  "beamenergy": "800 kV",
  "resolution": "0.3 eV",
  "stepSize": "0.313 eV/pixel",
  "acquisition_mode": "XAS Electron yield",
  "beamcurrent": "200",
  "detector": "Beryls",
  "darkcurrent": "No",
  "other_links": [
    {
      "url": "http://pc-web.cemes.fr/eelsdb/index.php?page=displayspec.php&id=22",
      "title": "Old EELS DB"
    }
  ]
}