{
  "id": 21578,
  "title": "Aluminium oxide alpha",
  "permalink": "https://eelsdb.eu/spectra/aluminium-oxide-alpha-2/",
  "author": {
    "name": "PD Dr. Peter A. van Aken",
    "profile_url": "https://eelsdb.eu/author/vanaken/",
    "profile_api_url": "https://api.eelsdb.eu/author/vanaken/"
  },
  "published": "2007-11-28 00:00:00",
  "description": "- An arbitrary background was subtracted, because no one know the exact background behind a ionisation edge. Therefore, I do not want to say the absolute intensities are right, but due to the low frequency of EXELFS oscilations.- Calibration could not be accurate Analyst: Stefan Nufer. ",
  "comment_count": 0,
  "api_permalink": "https://api.eelsdb.eu/spectra/aluminium-oxide-alpha-2/",
  "keywords": [
    "imported from old site"
  ],
  "download_link": "https://eelsdb.eu/wp-content/uploads/2015/09/Dspec.39707.1.msa",
  "type": "Core Loss",
  "formula": "Al2O3 (alpha)",
  "elements": [
    "Al",
    "O"
  ],
  "microscope": "VG HB501UX",
  "max_energy": "172.9 eV",
  "min_energy": "112.9 eV",
  "source_purity": "single crystal",
  "edges": [
    "Al_L1"
  ],
  "guntype": "cold field emission",
  "beamenergy": "100 kV",
  "resolution": "0.8 eV",
  "stepSize": "0.1 eV/pixel",
  "acquisition_mode": "STEM",
  "convergence": "10 mrad",
  "collection": "6.5 mrad",
  "probesize": "1 nm^2",
  "beamcurrent": "1",
  "detector": "Parallel: ",
  "darkcurrent": "No",
  "gainvariation": "No",
  "thickness": "0.2 t/&lambda;",
  "reference": {
    "freetext": "Stefan Nufer, Thomas Gemming, Christian Elsaesser, Sibylle Koestlmeier, Manfred Ruehle, Ultramicroscopy, 86, 339, 2001"
  },
  "other_links": [
    {
      "url": "http://pc-web.cemes.fr/eelsdb/index.php?page=displayspec.php&id=54",
      "title": "Old EELS DB"
    }
  ]
}