{
  "id": 22013,
  "title": "La0.7Sr0.3MnO3 thin film, electron beam damage",
  "permalink": "https://eelsdb.eu/spectra/la0-7sr0-3mno3-thin-film-electron-beam-damage/",
  "author": {
    "name": "magnunor",
    "profile_url": "https://eelsdb.eu/author/magnus/",
    "profile_api_url": "https://api.eelsdb.eu/author/magnus/"
  },
  "published": "2016-08-27 21:56:40",
  "description": "La0.7Sr0.3MnO3 in a La0.7Sr0.3MnO3/LaFeO3/SrTiO3-(111) heterostructure. This is a part of an electron beam exposure experiment, this spectrum being after the exposure. There are clear signs of beam damage, with a reduction in the O-K prepeak.",
  "comment_count": 0,
  "api_permalink": "https://api.eelsdb.eu/spectra/la0-7sr0-3mno3-thin-film-electron-beam-damage/",
  "download_link": "https://eelsdb.eu/wp-content/uploads/2016/08/lsmo_o_post_exposure.msa",
  "type": "Core Loss",
  "formula": "La0.7Sr0.3MnO3",
  "elements": [
    "La",
    "Sr",
    "Mn",
    "O"
  ],
  "microscope": "ARM 200cF",
  "max_energy": "70696.6 eV",
  "min_energy": "-2051.71 eV",
  "edges": [
    "O_K"
  ],
  "guntype": "Cold Field Emission Gun",
  "beamenergy": "80 kV",
  "resolution": "0.7 eV",
  "monochromated": "No",
  "stepSize": "1347.815 eV/pixel",
  "acquisition_mode": "stem",
  "convergence": "20.4 mrad",
  "collection": "66 mrad",
  "detector": "GIF Quantum ER",
  "darkcurrent": "Yes",
  "gainvariation": "No",
  "calibration": "Energy scaled aligned using zero loss peak. Power law background removed.",
  "reference": {
    "authors": "Magnus Nord, Per Erik Vullum, Ingrid Hallsteinsen, Thomas Tybell, Randi Holmestad",
    "year": "2016",
    "journal": "Ultramicroscopy",
    "title": "Assessing electron beam sensitivity for SrTiO3 and La0.7Sr0.3MnO3 using electron energy loss spectroscopy",
    "volume": "169",
    "page": "98-106",
    "doi": "10.1016/j.ultramic.2016.07.004",
    "url": "http://dx.doi.org/10.1016/j.ultramic.2016.07.004"
  },
  "associated_spectra": [
    {
      "name": "La0.7Sr0.3MnO3 thin film",
      "link": "https://eelsdb.eu/spectra/la0-7sr0-3mno3-thin-film-3/",
      "type": "Core Loss"
    },
    {
      "name": "La0.7Sr0.3MnO3 thin film",
      "link": "https://eelsdb.eu/spectra/la0-7sr0-3mno3-thin-film-4/",
      "type": "Core Loss"
    },
    {
      "name": "La0.7Sr0.3MnO3 thin film, electron beam damage",
      "link": "https://eelsdb.eu/spectra/la0-7sr0-3mno3-thin-film-electron-beam-damage-2/",
      "type": "Core Loss"
    }
  ],
  "other_links": [
    {
      "url": "https://arxiv.org/abs/1608.07814"
    }
  ]
}