{
  "id": 21579,
  "title": "Silicon",
  "permalink": "https://eelsdb.eu/spectra/silicon-2/",
  "author": {
    "name": "Sylvie Schamm",
    "profile_url": "https://eelsdb.eu/author/schamm/",
    "profile_api_url": "https://api.eelsdb.eu/author/schamm/"
  },
  "published": "2005-04-20 00:00:00",
  "description": " biblio cited in \"Reference\" for calibration purpose Dispersion is not 0.09 eV/ch but 0.098 eV/ch Analyst: S.Schamm. Temperature: Room. ",
  "comment_count": 0,
  "api_permalink": "https://api.eelsdb.eu/spectra/silicon-2/",
  "keywords": [
    "imported from old site"
  ],
  "download_link": "https://eelsdb.eu/wp-content/uploads/2015/09/Dspec.48810.1.msa",
  "type": "Low Loss",
  "formula": "Si",
  "elements": [
    "Si"
  ],
  "microscope": "CM20",
  "max_energy": "82.87 eV",
  "min_energy": "-17.42 eV",
  "source_purity": "wafer",
  "guntype": "LaB6",
  "beamenergy": "100 kV",
  "resolution": "1.08 eV",
  "stepSize": "0.098 eV/pixel",
  "acquisition_mode": "Diffraction",
  "convergence": "5.1 mrad",
  "collection": "1.6 mrad",
  "probesize": "55 nm^2",
  "integratetime": "0.063 secs",
  "readouts": "20",
  "detector": "Parallel: 666 Gatan",
  "darkcurrent": "Yes",
  "gainvariation": "Yes",
  "thickness": "0.4 t/&lambda;",
  "reference": {
    "freetext": "P.E. Batson 3M 2 (1991) 395-402"
  },
  "other_links": [
    {
      "url": "http://pc-web.cemes.fr/eelsdb/index.php?page=displayspec.php&id=55",
      "title": "Old EELS DB"
    }
  ]
}