{
  "id": 22004,
  "title": "SrTiO3-(111)",
  "permalink": "https://eelsdb.eu/spectra/srtio3-111-4/",
  "author": {
    "name": "magnunor",
    "profile_url": "https://eelsdb.eu/author/magnus/",
    "profile_api_url": "https://api.eelsdb.eu/author/magnus/"
  },
  "published": "2016-08-27 22:02:31",
  "description": "SrTiO3-(111) substrate, acquired with the electron beam parallel to the (110)-direction.",
  "comment_count": 0,
  "api_permalink": "https://api.eelsdb.eu/spectra/srtio3-111-4/",
  "download_link": "https://eelsdb.eu/wp-content/uploads/2016/08/ti_l23_STO_111.msa",
  "type": "Core Loss",
  "formula": "SrTiO3",
  "elements": [
    "Sr",
    "Ti",
    "O"
  ],
  "microscope": "ARM 200cF",
  "max_energy": "494.35 eV",
  "min_energy": "392 eV",
  "edges": [
    "Ti_L2,3"
  ],
  "guntype": "Cold Field Emission Gun",
  "beamenergy": "80 kV",
  "resolution": "0.7 eV",
  "monochromated": "No",
  "stepSize": "0.05 eV/pixel",
  "acquisition_mode": "stem",
  "convergence": "20.4 mrad",
  "collection": "66 mrad",
  "detector": "GIF Quantum ER",
  "darkcurrent": "Yes",
  "gainvariation": "Yes",
  "calibration": "zero + dispersion",
  "reference": {
    "authors": "Magnus Nord, Per Erik Vullum, Ingrid Hallsteinsen, Thomas Tybell, Randi Holmestad",
    "year": "2016",
    "journal": "Ultramicroscopy",
    "title": "Assessing electron beam sensitivity for SrTiO3 and La0.7Sr0.3MnO3 using electron energy loss spectroscopy",
    "volume": "169",
    "page": "98-106",
    "doi": "10.1016/j.ultramic.2016.07.004",
    "url": "http://dx.doi.org/10.1016/j.ultramic.2016.07.004"
  },
  "associated_spectra": [
    {
      "name": "SrTiO3-(111)",
      "link": "https://eelsdb.eu/spectra/srtio3-111-3/",
      "type": "Low Loss"
    }
  ]
}