{
  "id": 22049,
  "title": "Si",
  "permalink": "https://eelsdb.eu/spectra/si-2/",
  "author": {
    "name": "aneeqa",
    "profile_url": "https://eelsdb.eu/author/an/",
    "profile_api_url": "https://api.eelsdb.eu/author/an/"
  },
  "published": "2016-11-25 15:36:40",
  "description": "From spectrum image of 1800 pixels over a range of thickness",
  "comment_count": 0,
  "api_permalink": "https://api.eelsdb.eu/spectra/si-2/",
  "download_link": "https://eelsdb.eu/wp-content/uploads/2016/11/LL_-Si.msa",
  "type": "Low Loss",
  "formula": "Si",
  "elements": [
    "Si"
  ],
  "microscope": "Probe Corrected Jeol ARM 200F",
  "max_energy": "159.61 eV",
  "min_energy": "-34.39 eV",
  "source_purity": "Si wafer",
  "guntype": "Cold FEG",
  "beamenergy": "200 kV",
  "resolution": "0.5 eV",
  "monochromated": "No",
  "stepSize": "0.5 eV/pixel",
  "acquisition_mode": "stem",
  "convergence": "29 mrad",
  "collection": "36 mrad",
  "integratetime": "0.0000996 secs",
  "readouts": "1800",
  "detector": "GIF Quantum ER",
  "darkcurrent": "Yes",
  "gainvariation": "Yes",
  "calibration": "Low loss + drift tube",
  "thickness": "0.708 t/&lambda;",
  "deconvolutions": [
    "Fourier-ratio"
  ]
}