{
  "id": 21688,
  "title": "YAM (monoclinic yttrium aluminate)",
  "permalink": "https://eelsdb.eu/spectra/yam-monoclinic-yttrium-aluminate-2/",
  "author": {
    "name": "Wilfried Sigle",
    "profile_url": "https://eelsdb.eu/author/wsigle/",
    "profile_api_url": "https://api.eelsdb.eu/author/wsigle/"
  },
  "published": "2008-01-31 00:00:00",
  "description": " Analyst: Saso Sturm. Temperature: Room. ",
  "comment_count": 0,
  "api_permalink": "https://api.eelsdb.eu/spectra/yam-monoclinic-yttrium-aluminate-2/",
  "keywords": [
    "imported from old site"
  ],
  "download_link": "https://eelsdb.eu/wp-content/uploads/2015/09/DspecZkpI4a.msa",
  "type": "Core Loss",
  "formula": "Y4Al2O9",
  "elements": [
    "Y",
    "Al",
    "O"
  ],
  "microscope": "VG HB501UX",
  "max_energy": "640.2 eV",
  "min_energy": "506.3 eV",
  "edges": [
    "O_K"
  ],
  "guntype": "Cold FEG",
  "beamenergy": "100 kV",
  "resolution": "0.5 eV",
  "stepSize": "0.1 eV/pixel",
  "acquisition_mode": "STEM",
  "convergence": "10 mrad",
  "collection": "6.5 mrad",
  "integratetime": "30 secs",
  "readouts": "1",
  "detector": "Parallel: Gatan ENFINA",
  "darkcurrent": "Yes",
  "gainvariation": "Yes",
  "thickness": "0.45 t/&lambda;",
  "other_links": [
    {
      "url": "http://pc-web.cemes.fr/eelsdb/index.php?page=displayspec.php&id=178",
      "title": "Old EELS DB"
    }
  ]
}