{
  "id": 21536,
  "title": "Chromium carbide",
  "permalink": "https://eelsdb.eu/spectra/chromium-carbide-3/",
  "author": {
    "name": "Dr. Gilles Hug",
    "profile_url": "https://eelsdb.eu/author/gilles-hug/",
    "profile_api_url": "https://api.eelsdb.eu/author/gilles-hug/"
  },
  "published": "2005-04-20 00:00:00",
  "description": "Hug, G., R. Leapman, and M. Jaouen. A study of EELS fine structure in three chromium carbide. in Microbeam Analysis-1995. 1995. Breckenridge: VCH Publishers, Inc. Analyst: R. Leapman. Temperature: Room. ",
  "comment_count": 0,
  "api_permalink": "https://api.eelsdb.eu/spectra/chromium-carbide-3/",
  "keywords": [
    "imported from old site"
  ],
  "download_link": "https://eelsdb.eu/wp-content/uploads/2015/09/Dspec.125834.1.msa",
  "type": "Core Loss",
  "formula": "Cr7C3",
  "elements": [
    "Cr",
    "C"
  ],
  "microscope": "HB501",
  "max_energy": "616.08 eV",
  "min_energy": "513.8 eV",
  "source_purity": "Cr7C3",
  "edges": [
    "Cr_L2,3"
  ],
  "guntype": "FEG",
  "beamenergy": "100 kV",
  "stepSize": "0.1 eV/pixel",
  "acquisition_mode": "STEM",
  "probesize": "1 nm^2",
  "beamcurrent": "1",
  "integratetime": "8 secs",
  "readouts": "5",
  "detector": "Parallel: 666 Gatan",
  "darkcurrent": "No",
  "gainvariation": "Yes",
  "other_links": [
    {
      "url": "http://pc-web.cemes.fr/eelsdb/index.php?page=displayspec.php&id=12",
      "title": "Old EELS DB"
    }
  ]
}