{
  "id": 21750,
  "title": "Iron",
  "permalink": "https://eelsdb.eu/spectra/iron/",
  "author": {
    "name": "Armin Feldhoff",
    "profile_url": "https://eelsdb.eu/author/armin-feldhoff/",
    "profile_api_url": "https://api.eelsdb.eu/author/armin-feldhoff/"
  },
  "published": "2009-12-17 00:00:00",
  "description": "Ion-milled iron wire. Absence of local oxidation was confirmed by EDXS and EELS. Analyst: Armin Feldhoff. Temperature: Room. ",
  "comment_count": 0,
  "api_permalink": "https://api.eelsdb.eu/spectra/iron/",
  "keywords": [
    "imported from old site"
  ],
  "download_link": "https://eelsdb.eu/wp-content/uploads/2015/09/DspecXK1qnF_converted.msa",
  "type": "Core Loss",
  "formula": "Fe",
  "elements": [
    "Fe"
  ],
  "microscope": "JEOL JEM-2100F-UHR",
  "max_energy": "781.5 eV",
  "min_energy": "679.2 eV",
  "source_purity": "Chempur, purity 99.99%",
  "edges": [
    "Fe_L2,3"
  ],
  "guntype": "feg Schottky",
  "beamenergy": "200 kV",
  "stepSize": "0.1 eV/pixel",
  "acquisition_mode": "Imaging",
  "convergence": "10 mrad",
  "collection": "16 mrad",
  "integratetime": "20 secs",
  "readouts": "10",
  "detector": "GIF: GIF 2001",
  "darkcurrent": "Yes",
  "gainvariation": "Yes",
  "reference": {
    "freetext": "A. Feldhoff, J. Martynczuk, M. Arnold, M. Myndyk, I. Bergmann, V. Sepelak, W. Gruner, U. Vogt, A. H\u00e4hnel, J. Woltersdorf, Journal of Solid State Chemistry 182, 2961-2971 (2009)"
  },
  "other_links": [
    {
      "url": "http://pc-web.cemes.fr/eelsdb/index.php?page=displayspec.php&id=241",
      "title": "Old EELS DB"
    }
  ]
}