{
  "id": 21577,
  "title": "Aluminium oxide (alpha)",
  "permalink": "https://eelsdb.eu/spectra/aluminium-oxide-alpha/",
  "author": {
    "name": "PD Dr. Peter A. van Aken",
    "profile_url": "https://eelsdb.eu/author/vanaken/",
    "profile_api_url": "https://api.eelsdb.eu/author/vanaken/"
  },
  "published": "2007-11-28 00:00:00",
  "description": "calibration should not be accurate Analyst: Stefan Nufer. ",
  "comment_count": 0,
  "api_permalink": "https://api.eelsdb.eu/spectra/aluminium-oxide-alpha/",
  "keywords": [
    "imported from old site"
  ],
  "download_link": "https://eelsdb.eu/wp-content/uploads/2015/09/Dspec.42170.1.msa",
  "type": "Core Loss",
  "formula": "Al2O3 (alpha)",
  "elements": [
    "Al",
    "O"
  ],
  "microscope": "VG HB501UX",
  "max_energy": "1775.14 eV",
  "min_energy": "1548.6 eV",
  "source_purity": "single crystal",
  "edges": [
    "Al_K"
  ],
  "guntype": "cold FEG",
  "beamenergy": "100 kV",
  "resolution": "0.9 eV",
  "stepSize": "0.3 eV/pixel",
  "acquisition_mode": "STEM",
  "convergence": "10 mrad",
  "collection": "12.5 mrad",
  "probesize": "1 nm^2",
  "beamcurrent": "1",
  "detector": "Parallel: ",
  "darkcurrent": "No",
  "gainvariation": "No",
  "thickness": "0.3 t/&lambda;",
  "reference": {
    "freetext": "Stefan Nufer, Thomas Gemming,Christian Elsaesser, Sibylle Koestlmeier, Manfred Ruehle, Ultramicroscopy, 86, 339, 2001"
  },
  "other_links": [
    {
      "url": "http://pc-web.cemes.fr/eelsdb/index.php?page=displayspec.php&id=53",
      "title": "Old EELS DB"
    }
  ]
}