{
  "id": 21604,
  "title": "Silicon",
  "permalink": "https://eelsdb.eu/spectra/silicon-5/",
  "author": {
    "name": "(Dr) Marie Cheynet",
    "profile_url": "https://eelsdb.eu/author/mcheynet/",
    "profile_api_url": "https://api.eelsdb.eu/author/mcheynet/"
  },
  "published": "2005-05-26 00:00:00",
  "description": " Analyst: M. Cheynet. Temperature: Room. BEAM/Crystal: (close to) perpendicular to [110] planes. ",
  "comment_count": 0,
  "api_permalink": "https://api.eelsdb.eu/spectra/silicon-5/",
  "keywords": [
    "imported from old site"
  ],
  "download_link": "https://eelsdb.eu/wp-content/uploads/2015/09/DspecVSLx5S.msa",
  "type": "Low Loss",
  "formula": "Si",
  "elements": [
    "Si"
  ],
  "microscope": "Tecnai F20",
  "max_energy": "91.9 eV",
  "min_energy": "-7.5 eV",
  "source_purity": "silicon wafer",
  "guntype": "feg Schottky",
  "beamenergy": "200 kV",
  "resolution": "0.7 eV",
  "stepSize": "0.1 eV/pixel",
  "acquisition_mode": "STEM",
  "convergence": "8 mrad",
  "collection": "1.2 mrad",
  "probesize": "0.3 nm^2",
  "integratetime": "0.5 secs",
  "readouts": "10",
  "detector": "Parallel: GIF",
  "darkcurrent": "Yes",
  "gainvariation": "Yes",
  "thickness": "0.4 t/&lambda;",
  "reference": {
    "freetext": "Structural and chemical analysis of a model Si-SiO2 interface using spatially resolved electron energy-loss spectroscopy\r\nM.C. Cheynet, T. Epicier\r\nPhilosophical Magazine84, 17, (2004), 1753"
  },
  "other_links": [
    {
      "url": "http://pc-web.cemes.fr/eelsdb/index.php?page=displayspec.php&id=87",
      "title": "Old EELS DB"
    }
  ]
}