{
  "id": 21611,
  "title": "Hexagonal Boron Nitride",
  "permalink": "https://eelsdb.eu/spectra/hexagonal-boron-nitride/",
  "author": {
    "name": "Giovanni Bertoni",
    "profile_url": "https://eelsdb.eu/author/giovanni-bertoni/",
    "profile_api_url": "https://api.eelsdb.eu/author/giovanni-bertoni/"
  },
  "published": "2007-11-12 00:00:00",
  "description": " Analyst: Giovanni Bertoni. Temperature: Room. ",
  "comment_count": 0,
  "api_permalink": "https://api.eelsdb.eu/spectra/hexagonal-boron-nitride/",
  "keywords": [
    "imported from old site"
  ],
  "download_link": "https://eelsdb.eu/wp-content/uploads/2015/09/DspecEIn4Xv.msa",
  "type": "Low Loss",
  "formula": "BN (hex)",
  "elements": [
    "B",
    "N"
  ],
  "microscope": "JEOL 3000F",
  "max_energy": "450 eV",
  "min_energy": "-61.5 eV",
  "source_purity": "Aldrich Powder",
  "guntype": "FEG Schottky",
  "beamenergy": "300 kV",
  "resolution": "1.2 eV",
  "stepSize": "0.5 eV/pixel",
  "acquisition_mode": "Diffraction",
  "convergence": "0.2 mrad",
  "collection": "2.55 mrad",
  "integratetime": "0.2 secs",
  "readouts": "10",
  "detector": "Parallel: GIF2000",
  "darkcurrent": "Yes",
  "gainvariation": "Yes",
  "thickness": "0.788 t/&lambda;",
  "reference": {
    "freetext": "j. Verbeeck, S. Van Aert, G. Bertoni, Ultramicroscopy, 106, 976-980, 2006"
  },
  "associated_spectra": [
    {
      "name": "Hexagonal Boron Nitride",
      "link": "https://eelsdb.eu/spectra/hexagonal-boron-nitride-2/",
      "type": "Core Loss"
    }
  ],
  "other_links": [
    {
      "url": "http://pc-web.cemes.fr/eelsdb/index.php?page=displayspec.php&id=96",
      "title": "Old EELS DB"
    }
  ]
}