{
  "id": 22080,
  "title": "ZrO2",
  "permalink": "https://eelsdb.eu/spectra/zro2/",
  "author": {
    "name": "Ian MacLaren",
    "profile_url": "https://eelsdb.eu/author/maclariz/",
    "profile_api_url": "https://api.eelsdb.eu/author/maclariz/"
  },
  "published": "2017-07-05 14:40:53",
  "description": "Plotted as absolute differential cross section in barns.",
  "comment_count": 0,
  "api_permalink": "https://api.eelsdb.eu/spectra/zro2/",
  "download_link": "https://eelsdb.eu/wp-content/uploads/2017/07/008-ZrO2-cross-section-barns.msa",
  "type": "Core Loss",
  "formula": "ZrO2",
  "elements": [
    "Zr",
    "O"
  ],
  "microscope": "JEOL ARM200F",
  "max_energy": "3849.53 eV",
  "min_energy": "1802.53 eV",
  "source_purity": "oxidised Zircaloy-4 in monoclinic form of ZrO2",
  "edges": [
    "Zr_L1",
    "Zr_L2,3"
  ],
  "guntype": "CFEG",
  "beamenergy": "200 kV",
  "resolution": "0.5 eV",
  "monochromated": "No",
  "stepSize": "1 eV/pixel",
  "convergence": "29 mrad",
  "collection": "36 mrad",
  "probesize": ".04 nm^2",
  "integratetime": "100 secs",
  "detector": "GIF Quantum ER",
  "darkcurrent": "Yes",
  "gainvariation": "Yes",
  "calibration": "Low loss + drift tube",
  "thickness": "0.32 t/&lambda;",
  "deconvolutions": [
    "Fourier-ratio"
  ],
  "associated_spectra": [
    {
      "name": "Zr",
      "link": "https://eelsdb.eu/spectra/zr/",
      "type": "Core Loss"
    }
  ]
}