{
  "id": 21569,
  "title": "Alumina alpha",
  "permalink": "https://eelsdb.eu/spectra/alumina-alpha-2/",
  "author": {
    "name": "daniele Bouchet",
    "profile_url": "https://eelsdb.eu/author/bouchet/",
    "profile_api_url": "https://api.eelsdb.eu/author/bouchet/"
  },
  "published": "2005-04-20 00:00:00",
  "description": "L23, L1 edges raw spectrum Analyst: Daniele Bouchet. Temperature: Room. ",
  "comment_count": 0,
  "api_permalink": "https://api.eelsdb.eu/spectra/alumina-alpha-2/",
  "keywords": [
    "imported from old site"
  ],
  "download_link": "https://eelsdb.eu/wp-content/uploads/2015/09/Dspec.97999.1.msa",
  "type": "Core Loss",
  "formula": "Al2O3 (alpha)",
  "elements": [
    "Al",
    "O"
  ],
  "microscope": "STEM-VG",
  "max_energy": "146.7 eV",
  "min_energy": "51.1 eV",
  "edges": [
    "Al_L2,3"
  ],
  "guntype": "FEG",
  "beamenergy": "100 kV",
  "resolution": "0.6 eV",
  "stepSize": "0.1 eV/pixel",
  "acquisition_mode": "STEM",
  "convergence": "15 mrad",
  "collection": "24 mrad",
  "probesize": "1.3 nm^2",
  "detector": "Parallel: 666 Gatan",
  "darkcurrent": "Yes",
  "gainvariation": "No",
  "thickness": "0.5 t/&lambda;",
  "other_links": [
    {
      "url": "http://pc-web.cemes.fr/eelsdb/index.php?page=displayspec.php&id=45",
      "title": "Old EELS DB"
    }
  ]
}