{
  "id": 21736,
  "title": "Carbon single wall nanotube",
  "permalink": "https://eelsdb.eu/spectra/carbon-single-wall-nanotube-2/",
  "author": {
    "name": "Odile Stephan",
    "profile_url": "https://eelsdb.eu/author/stephan/",
    "profile_api_url": "https://api.eelsdb.eu/author/stephan/"
  },
  "published": "2008-02-25 00:00:00",
  "description": "Spectrum was acquired at 80 keV to avoid any radiation damage. Analyst: Odile Stephan. Temperature: Room. ",
  "comment_count": 0,
  "api_permalink": "https://api.eelsdb.eu/spectra/carbon-single-wall-nanotube-2/",
  "keywords": [
    "imported from old site"
  ],
  "download_link": "https://eelsdb.eu/wp-content/uploads/2015/09/Dspecqt04o9.msa",
  "type": "Core Loss",
  "formula": "C",
  "elements": [
    "C"
  ],
  "microscope": "STEM-VG",
  "max_energy": "360.9 eV",
  "min_energy": "260.1 eV",
  "source_purity": "arc discharge",
  "edges": [
    "C_K"
  ],
  "guntype": "Cold FEG",
  "beamenergy": "80 kV",
  "resolution": "0.5 eV",
  "stepSize": "0.2 eV/pixel",
  "acquisition_mode": "STEM",
  "convergence": "7.5 mrad",
  "collection": "6 mrad",
  "probesize": "1 nm^2",
  "detector": "Parallel: 666 Gatan",
  "darkcurrent": "Yes",
  "gainvariation": "No",
  "other_links": [
    {
      "url": "http://pc-web.cemes.fr/eelsdb/index.php?page=displayspec.php&id=226",
      "title": "Old EELS DB"
    }
  ]
}