{
  "id": 21563,
  "title": "Vanadium",
  "permalink": "https://eelsdb.eu/spectra/vanadium/",
  "author": {
    "name": "Dr. Gilles Hug",
    "profile_url": "https://eelsdb.eu/author/gilles-hug/",
    "profile_api_url": "https://api.eelsdb.eu/author/gilles-hug/"
  },
  "published": "2005-04-20 00:00:00",
  "description": "plural scattering deconvoluted pretty old data, noise could be significantly reduced but sufficient for rdf analysis (see ref). Analyst: Gilles Hug. Temperature: 100. ",
  "comment_count": 0,
  "api_permalink": "https://api.eelsdb.eu/spectra/vanadium/",
  "keywords": [
    "imported from old site"
  ],
  "download_link": "https://eelsdb.eu/wp-content/uploads/2015/09/Dspec.106755.1.msa",
  "type": "Core Loss",
  "formula": "V",
  "elements": [
    "V"
  ],
  "microscope": "Jeol 4000FX",
  "max_energy": "6384 eV",
  "min_energy": "5365 eV",
  "source_purity": "Vanadium metal",
  "edges": [
    "V_K"
  ],
  "guntype": "LaB6",
  "beamenergy": "400 kV",
  "resolution": "2 eV",
  "stepSize": "1 eV/pixel",
  "acquisition_mode": "Diffraction",
  "convergence": "1.5 mrad",
  "collection": "3 mrad",
  "probesize": "10000 nm^2",
  "integratetime": "25 secs",
  "readouts": "10",
  "detector": "Parallel: 666 Gatan",
  "darkcurrent": "Yes",
  "gainvariation": "Yes",
  "reference": {
    "freetext": "Hug, G., B. Blanche, M. Jaouen, A.-M. Flank, and J.J. Rehr. Ultramic. 59(1-4): p. 121-136, 1995."
  },
  "other_links": [
    {
      "url": "http://pc-web.cemes.fr/eelsdb/index.php?page=displayspec.php&id=39",
      "title": "Old EELS DB"
    }
  ]
}