{
  "id": 21726,
  "title": "Niobium oxide NbO2",
  "permalink": "https://eelsdb.eu/spectra/niobium-oxide-nbo2/",
  "author": {
    "name": "Wilfried Sigle",
    "profile_url": "https://eelsdb.eu/author/wsigle/",
    "profile_api_url": "https://api.eelsdb.eu/author/wsigle/"
  },
  "published": "2008-02-15 00:00:00",
  "description": " Analyst: David Bach, Wilfried Sigle. Temperature: Room. ",
  "comment_count": 0,
  "api_permalink": "https://api.eelsdb.eu/spectra/niobium-oxide-nbo2/",
  "keywords": [
    "imported from old site"
  ],
  "download_link": "https://eelsdb.eu/wp-content/uploads/2015/09/Dspec0e9K4C.msa",
  "type": "Low Loss",
  "formula": "NbO2",
  "elements": [
    "Nb",
    "O"
  ],
  "microscope": "VG HB501UX",
  "max_energy": "647 eV",
  "min_energy": "-22.5 eV",
  "guntype": "cold field emission",
  "beamenergy": "100 kV",
  "resolution": "1.3 eV",
  "stepSize": "0.5 eV/pixel",
  "acquisition_mode": "STEM",
  "convergence": "10 mrad",
  "collection": "6.5 mrad",
  "integratetime": "0.05 secs",
  "readouts": "100",
  "detector": "Parallel: Gatan ENFINA",
  "darkcurrent": "Yes",
  "gainvariation": "Yes",
  "thickness": "0.58 t/&lambda;",
  "associated_spectra": [
    {
      "name": "Niobium oxide NbO2",
      "link": "https://eelsdb.eu/spectra/niobium-oxide-nbo2-2/",
      "type": "Core Loss"
    }
  ],
  "other_links": [
    {
      "url": "http://pc-web.cemes.fr/eelsdb/index.php?page=displayspec.php&id=216",
      "title": "Old EELS DB"
    }
  ]
}