{
  "id": 21600,
  "title": "Samarium oxide",
  "permalink": "https://eelsdb.eu/spectra/samarium-oxide/",
  "author": {
    "name": "(Dr) Marie Cheynet",
    "profile_url": "https://eelsdb.eu/author/mcheynet/",
    "profile_api_url": "https://api.eelsdb.eu/author/mcheynet/"
  },
  "published": "2005-05-20 00:00:00",
  "description": " Analyst: M. Cheynet. Temperature: Room. ",
  "comment_count": 0,
  "api_permalink": "https://api.eelsdb.eu/spectra/samarium-oxide/",
  "keywords": [
    "imported from old site"
  ],
  "download_link": "https://eelsdb.eu/wp-content/uploads/2015/09/Dspec2EQMJ0.msa",
  "type": "Low Loss",
  "formula": "Sm2O3",
  "elements": [
    "Sm",
    "O"
  ],
  "microscope": "Tecnai F20",
  "max_energy": "81 eV",
  "min_energy": "-17.04 eV",
  "source_purity": "99.99 powders Sm2O3",
  "guntype": "feg Schottky",
  "beamenergy": "200 kV",
  "resolution": "0.8 eV",
  "stepSize": "0.097 eV/pixel",
  "acquisition_mode": "STEM",
  "convergence": "7.3 mrad",
  "collection": "1.3 mrad",
  "probesize": "2 nm^2",
  "integratetime": "1 secs",
  "readouts": "2",
  "detector": "Parallel: GIF",
  "darkcurrent": "Yes",
  "gainvariation": "Yes",
  "thickness": "0.63 t/&lambda;",
  "other_links": [
    {
      "url": "http://pc-web.cemes.fr/eelsdb/index.php?page=displayspec.php&id=81",
      "title": "Old EELS DB"
    }
  ]
}