{
  "id": 22050,
  "title": "Si",
  "permalink": "https://eelsdb.eu/spectra/si/",
  "author": {
    "name": "aneeqa",
    "profile_url": "https://eelsdb.eu/author/an/",
    "profile_api_url": "https://api.eelsdb.eu/author/an/"
  },
  "published": "2016-11-25 15:36:23",
  "description": "from a spectrum image of 1800 pixels over a range of thickness",
  "comment_count": 0,
  "api_permalink": "https://api.eelsdb.eu/spectra/si/",
  "download_link": "https://eelsdb.eu/wp-content/uploads/2016/11/HL_-Si.msa",
  "type": "Core Loss",
  "formula": "Si",
  "elements": [
    "Si"
  ],
  "microscope": "Probe Corrected Jeol ARM 200F",
  "max_energy": "2021.11 eV",
  "min_energy": "1025.11 eV",
  "source_purity": "Si wafer",
  "edges": [
    "Si_K"
  ],
  "guntype": "Cold FEG",
  "beamenergy": "200 kV",
  "resolution": "0.5 eV",
  "monochromated": "No",
  "stepSize": "0.5 eV/pixel",
  "acquisition_mode": "stem",
  "convergence": "29 mrad",
  "collection": "36 mrad",
  "integratetime": "0.2499 secs",
  "readouts": "1800",
  "detector": "GIF Quantum ER",
  "darkcurrent": "Yes",
  "gainvariation": "Yes",
  "calibration": "Low loss + drift tube",
  "thickness": "0.708 t/&lambda;",
  "deconvolutions": [
    "Fourier-ratio"
  ]
}