{
  "id": 21619,
  "title": "Titanium Dioxide",
  "permalink": "https://eelsdb.eu/spectra/titanium-dioxide-6/",
  "author": {
    "name": "Giovanni Bertoni",
    "profile_url": "https://eelsdb.eu/author/giovanni-bertoni/",
    "profile_api_url": "https://api.eelsdb.eu/author/giovanni-bertoni/"
  },
  "published": "2007-11-12 00:00:00",
  "description": "Ti-L edge calibrated according to the measured Ti_L edge on TiO2 anatase (same edge onsets)\r\n\r\namorphous titania mesoporous sample.\r\nsample grown by E. Beyers at the Laboratory of Adsorption and Catalysis of the University of Antwerp. Analyst: Giovanni Bertoni. Temperature: Room. ",
  "comment_count": 0,
  "api_permalink": "https://api.eelsdb.eu/spectra/titanium-dioxide-6/",
  "keywords": [
    "imported from old site"
  ],
  "download_link": "https://eelsdb.eu/wp-content/uploads/2015/09/DspecHnoeuO.msa",
  "type": "Core Loss",
  "formula": "TiO2 (amorphous)",
  "elements": [
    "Ti",
    "O"
  ],
  "microscope": "CM30",
  "max_energy": "498.85 eV",
  "min_energy": "447.7 eV",
  "source_purity": "University of Antwerp (powder)",
  "edges": [
    "Ti_L2,3"
  ],
  "guntype": "feg Schottky",
  "beamenergy": "300 kV",
  "resolution": "0.7 eV",
  "stepSize": "0.05 eV/pixel",
  "acquisition_mode": "Diffraction",
  "convergence": "2.8 mrad",
  "collection": "0.81 mrad",
  "integratetime": "2 secs",
  "readouts": "20",
  "detector": "Parallel: GIF200",
  "darkcurrent": "Yes",
  "gainvariation": "Yes",
  "thickness": "0.492 t/&lambda;",
  "reference": {
    "freetext": "G. Bertoni, E. Beyers, J. Verbeeck, M. Mertens, P. Cool, E. F. Vansant, and G. Van Tendeloo, Ultramicroscopy 106, 630-635 (2006)"
  },
  "associated_spectra": [
    {
      "name": "Titanium Dioxide",
      "link": "https://eelsdb.eu/spectra/titanium-dioxide-5/",
      "type": "Low Loss"
    }
  ],
  "other_links": [
    {
      "url": "http://pc-web.cemes.fr/eelsdb/index.php?page=displayspec.php&id=105",
      "title": "Old EELS DB"
    }
  ]
}