{
  "id": 21533,
  "title": "Boron oxide",
  "permalink": "https://eelsdb.eu/spectra/boron-oxide-2/",
  "author": {
    "name": "(Dr) Karine Masenelli-Varlot",
    "profile_url": "https://eelsdb.eu/author/karine-masenelli-varlot/",
    "profile_api_url": "https://api.eelsdb.eu/author/karine-masenelli-varlot/"
  },
  "published": "2005-04-20 00:00:00",
  "description": "specimen used for calibration linear background removed Grasshopper is a grating monochromator with 1800 lines (Wisconsin, USA) Analyst: Karine Varlot. Temperature: 298. ",
  "comment_count": 0,
  "api_permalink": "https://api.eelsdb.eu/spectra/boron-oxide-2/",
  "keywords": [
    "imported from old site"
  ],
  "download_link": "https://eelsdb.eu/wp-content/uploads/2015/09/Dspec.800202.1.msa",
  "type": "X Ray Abs",
  "formula": "B2O3",
  "elements": [
    "B",
    "O"
  ],
  "microscope": "SRC (Synchrotron Radiation Center)",
  "max_energy": "244.09 eV",
  "min_energy": "181.74 eV",
  "edges": [
    "B_K"
  ],
  "guntype": "Grasshopper",
  "beamenergy": "800 kV",
  "resolution": "0.1 eV",
  "monochromated": "Yes",
  "stepSize": "0.12 eV/pixel",
  "detector": "1800 l/mm",
  "darkcurrent": "No",
  "gainvariation": "No",
  "other_links": [
    {
      "url": "http://pc-web.cemes.fr/eelsdb/index.php?page=displayspec.php&id=9",
      "title": "Old EELS DB"
    }
  ]
}