{
  "id": 21583,
  "title": "Silicon nitride alpha",
  "permalink": "https://eelsdb.eu/spectra/silicon-nitride-alpha-2/",
  "author": {
    "name": "Sylvie Schamm",
    "profile_url": "https://eelsdb.eu/author/schamm/",
    "profile_api_url": "https://api.eelsdb.eu/author/schamm/"
  },
  "published": "2005-04-20 00:00:00",
  "description": " Dispersion not 0.09 eV/ch but 0.1 eV/ch Analyst: S.Schamm. Temperature: Room. ",
  "comment_count": 0,
  "api_permalink": "https://api.eelsdb.eu/spectra/silicon-nitride-alpha-2/",
  "keywords": [
    "imported from old site"
  ],
  "download_link": "https://eelsdb.eu/wp-content/uploads/2015/09/Dspec.56408.1.msa",
  "type": "Low Loss",
  "formula": "Si3N4 (alpha)",
  "elements": [
    "Si",
    "N"
  ],
  "microscope": "CM30",
  "max_energy": "89.17 eV",
  "min_energy": "-12.7 eV",
  "source_purity": "CVD",
  "guntype": "LaB6",
  "beamenergy": "100 kV",
  "resolution": "1.1 eV",
  "stepSize": "0.1 eV/pixel",
  "acquisition_mode": "Diffraction",
  "convergence": "8.4 mrad",
  "collection": "0.65 mrad",
  "probesize": "80 nm^2",
  "beamcurrent": "1.6",
  "integratetime": "0.045 secs",
  "readouts": "50",
  "detector": "Parallel: 666 Gatan",
  "darkcurrent": "Yes",
  "gainvariation": "Yes",
  "thickness": "0.4 t/&lambda;",
  "other_links": [
    {
      "url": "http://pc-web.cemes.fr/eelsdb/index.php?page=displayspec.php&id=59",
      "title": "Old EELS DB"
    }
  ]
}