{
  "id": 21917,
  "title": "La0.7Sr0.3MnO3/SrTiO3-(001) heterostructure, brown millerite oxygen vacancies",
  "permalink": "https://eelsdb.eu/spectra/la0-7sr0-3mno3srtio3-001-heterostructure-brown-millerite-oxygen-vacancies/",
  "author": {
    "name": "magnunor",
    "profile_url": "https://eelsdb.eu/author/magnus/",
    "profile_api_url": "https://api.eelsdb.eu/author/magnus/"
  },
  "published": "2016-02-10 14:24:51",
  "description": "35 nm La0.7Sr0.3MnO3 thin film grown on SrTiO3-(001) using PLD. After 1.5 years, brownmillerite structure (La0.7Sr0.3MnO2.5) had formed in the thin film.",
  "comment_count": 0,
  "api_permalink": "https://api.eelsdb.eu/spectra/la0-7sr0-3mno3srtio3-001-heterostructure-brown-millerite-oxygen-vacancies/",
  "download_link": "https://eelsdb.eu/wp-content/uploads/2016/02/lsmo_mn_brownmillerite2.msa",
  "type": "Core Loss",
  "formula": "La0.7Sr0.3MnO3",
  "elements": [
    "La",
    "Sr",
    "Mn",
    "O"
  ],
  "microscope": "ARM 200cF",
  "max_energy": "682.8 eV",
  "min_energy": "644.7 eV",
  "edges": [
    "Mn_L2,3"
  ],
  "guntype": "Cold Field Emission Gun",
  "beamenergy": "200 kV",
  "resolution": "0.7 eV",
  "monochromated": "No",
  "stepSize": "0.1 eV/pixel",
  "acquisition_mode": "stem",
  "convergence": "27.42 mrad",
  "collection": "66.89 mrad",
  "detector": "GIF Quantum ER",
  "darkcurrent": "No",
  "gainvariation": "No",
  "calibration": "Zero loss",
  "reference": {
    "authors": "M. Nord, P. E. Vullum, M. Moreau, J. E. Boschker, S. M. Selbach, R. Holmestad, T. Tybell",
    "year": "2015",
    "journal": "Appl. Phys. Lett.",
    "title": "Structural phases driven by oxygen vacancies at the La0.7Sr0.3MnO3/SrTiO3 hetero-interface",
    "volume": "106",
    "issue": "4",
    "page": "041604",
    "doi": "10.1063/1.4906920",
    "url": "http://dx.doi.org/10.1063/1.4906920"
  },
  "associated_spectra": [
    {
      "name": "La0.7Sr0.3MnO3/SrTiO3-(001) heterostructure",
      "link": "https://eelsdb.eu/spectra/la0-7sr0-3mno3srtio3-001-heterostructure/",
      "type": "Core Loss"
    },
    {
      "name": "La0.7Sr0.3MnO3/SrTiO3-(001) heterostructure, oxygen vacancies",
      "link": "https://eelsdb.eu/spectra/la0-7sr0-3mno3srtio3-001-heterostructure-oxygen-vacancies/",
      "type": "Core Loss"
    }
  ]
}