{
  "id": 21702,
  "title": "Boron Nitride single wall nanotube",
  "permalink": "https://eelsdb.eu/spectra/boron-nitride-single-wall-nanotube/",
  "author": {
    "name": "Odile Stephan",
    "profile_url": "https://eelsdb.eu/author/stephan/",
    "profile_api_url": "https://api.eelsdb.eu/author/stephan/"
  },
  "published": "2008-02-07 00:00:00",
  "description": "the probe size is larger than the nanotube diameter. All orientations are averaged. Analyst: Odile Stephan, Raul Arenal de la Concha. Temperature: Room. ",
  "comment_count": 0,
  "api_permalink": "https://api.eelsdb.eu/spectra/boron-nitride-single-wall-nanotube/",
  "keywords": [
    "imported from old site"
  ],
  "download_link": "https://eelsdb.eu/wp-content/uploads/2015/09/DspecInywnN.msa",
  "type": "Core Loss",
  "formula": "BN",
  "elements": [
    "B",
    "N"
  ],
  "microscope": "STEM-VG",
  "max_energy": "742.97 eV",
  "min_energy": "144.08 eV",
  "edges": [
    "B_K",
    "N_K"
  ],
  "guntype": "Cold FEG",
  "beamenergy": "100 kV",
  "resolution": "0.7 eV",
  "monochromated": "No",
  "stepSize": "0.477 eV/pixel",
  "convergence": "15 mrad",
  "collection": "24 mrad",
  "probesize": "1 nm^2",
  "detector": "Parallel: 666 Gatan",
  "darkcurrent": "Yes",
  "gainvariation": "No",
  "reference": {
    "freetext": "Raul Arenal de la Concha,PhD thesis,2005 (http://lem.onera.fr/download/These_Raul-Arenal.pdf)"
  },
  "other_links": [
    {
      "url": "http://pc-web.cemes.fr/eelsdb/index.php?page=displayspec.php&id=192",
      "title": "Old EELS DB"
    }
  ]
}