{
  "id": 21744,
  "title": "cobalt oxide",
  "permalink": "https://eelsdb.eu/spectra/cobalt-oxide-3/",
  "author": {
    "name": "Dominique Imhoff",
    "profile_url": "https://eelsdb.eu/author/imhoff/",
    "profile_api_url": "https://api.eelsdb.eu/author/imhoff/"
  },
  "published": "2008-03-04 00:00:00",
  "description": "great care has been put on the energy dispersion calibration of the detector.\r\n\r\nsee CoL in pure Co and CoO. Analyst: dominique IMHOFF. Temperature: Room. ",
  "comment_count": 0,
  "api_permalink": "https://api.eelsdb.eu/spectra/cobalt-oxide-3/",
  "keywords": [
    "imported from old site"
  ],
  "download_link": "https://eelsdb.eu/wp-content/uploads/2015/09/DspecmNhoB4.msa",
  "type": "Core Loss",
  "formula": "CoO",
  "elements": [
    "Co",
    "O"
  ],
  "microscope": "STEM-VG",
  "max_energy": "605.33 eV",
  "min_energy": "518.04 eV",
  "source_purity": "CoO layer",
  "edges": [
    "O_K"
  ],
  "guntype": "cold field emission",
  "beamenergy": "100 kV",
  "resolution": "0.6 eV",
  "stepSize": "0.206 eV/pixel",
  "acquisition_mode": "STEM",
  "convergence": "7 mrad",
  "collection": "22 mrad",
  "probesize": "0.7 nm^2",
  "integratetime": "0.3 secs",
  "readouts": "50",
  "detector": "Parallel: 666 + CCD modified Orsay",
  "darkcurrent": "Yes",
  "gainvariation": "No",
  "reference": {
    "freetext": "Multi-scale analysis of the nanostructured granular solid CoO-Ag by TEM and EELS,\r\nYu-Zhang K., Imhoff D., Leprince-Wang Y., Roy E., Zhou S-M., Chien C-L.,\r\nActa-Materialia,  51(4), 1157-66, 2003"
  },
  "other_links": [
    {
      "url": "http://pc-web.cemes.fr/eelsdb/index.php?page=displayspec.php&id=235",
      "title": "Old EELS DB"
    }
  ]
}