{
  "id": 22075,
  "title": "MoO2",
  "permalink": "https://eelsdb.eu/spectra/moo2-3/",
  "author": {
    "name": "Ian MacLaren",
    "profile_url": "https://eelsdb.eu/author/maclariz/",
    "profile_api_url": "https://api.eelsdb.eu/author/maclariz/"
  },
  "published": "2017-07-05 14:40:44",
  "description": "Plotted as an absolute differential cross section in barns",
  "comment_count": 0,
  "api_permalink": "https://api.eelsdb.eu/spectra/moo2-3/",
  "download_link": "https://eelsdb.eu/wp-content/uploads/2017/07/006-MoO2-cross-section-barns.msa",
  "type": "Core Loss",
  "formula": "MoO2",
  "elements": [
    "Mo",
    "O"
  ],
  "microscope": "JEOL ARM200F",
  "max_energy": "3852.02 eV",
  "min_energy": "1805.02 eV",
  "source_purity": "Sigma Aldrich",
  "edges": [
    "Mo_L1",
    "Mo_L2,3"
  ],
  "guntype": "CFEG",
  "beamenergy": "200 kV",
  "resolution": "0.5 eV",
  "monochromated": "No",
  "stepSize": "1 eV/pixel",
  "convergence": "29 mrad",
  "collection": "36 mrad",
  "probesize": ".04 nm^2",
  "integratetime": "60 secs",
  "readouts": "60",
  "detector": "GIF Quantum ER",
  "darkcurrent": "Yes",
  "gainvariation": "Yes",
  "calibration": "Low loss + drift tube",
  "thickness": ".26 t/&lambda;",
  "deconvolutions": [
    "Fourier-ratio"
  ],
  "associated_spectra": [
    {
      "name": "Molybdenum",
      "link": "https://eelsdb.eu/spectra/molybdenum/",
      "type": "Core Loss"
    }
  ]
}