{
  "id": 21584,
  "title": "Silicon dioxide amorphous",
  "permalink": "https://eelsdb.eu/spectra/silicon-dioxide-amorphous/",
  "author": {
    "name": "Sylvie Schamm",
    "profile_url": "https://eelsdb.eu/author/schamm/",
    "profile_api_url": "https://api.eelsdb.eu/author/schamm/"
  },
  "published": "2007-11-28 00:00:00",
  "description": " Analyst: S.Schamm. ",
  "comment_count": 0,
  "api_permalink": "https://api.eelsdb.eu/spectra/silicon-dioxide-amorphous/",
  "keywords": [
    "imported from old site"
  ],
  "download_link": "https://eelsdb.eu/wp-content/uploads/2015/09/Dspec.56536.1.msa",
  "type": "Low Loss",
  "formula": "a-SiO2",
  "elements": [
    "Si",
    "O"
  ],
  "microscope": "CM20",
  "max_energy": "86.3 eV",
  "min_energy": "-14.2 eV",
  "guntype": "LaB6",
  "beamenergy": "100 kV",
  "resolution": "1.08 eV",
  "stepSize": "0.099 eV/pixel",
  "acquisition_mode": "Diffraction",
  "convergence": "5.1 mrad",
  "collection": "1.64 mrad",
  "probesize": "55 nm^2",
  "detector": "Parallel: ",
  "darkcurrent": "No",
  "gainvariation": "No",
  "thickness": "0.5 t/&lambda;",
  "other_links": [
    {
      "url": "http://pc-web.cemes.fr/eelsdb/index.php?page=displayspec.php&id=60",
      "title": "Old EELS DB"
    }
  ]
}