{
  "processing_logs": [
    {
      "event": "received process function call",
      "task": "None",
      "proc": "Calc",
      "process": "re_process_calc",
      "tasks_status": "PENDING",
      "logger": "nomad.processing",
      "timestamp": "2020-09-24 22:03.07",
      "level": "DEBUG"
    },
    {
      "event": "started process",
      "task": "parsing",
      "proc": "Calc",
      "process": "re_process_calc",
      "tasks_status": "RUNNING",
      "logger": "nomad.processing",
      "timestamp": "2020-09-24 22:03.07",
      "level": "INFO"
    },
    {
      "exec_time": "0.0008406639099121094",
      "input_size": "1398",
      "event": "parser executed",
      "task": "parsing",
      "proc": "Calc",
      "process": "re_process_calc",
      "tasks_status": "RUNNING",
      "parser": "parsers/eels",
      "step": "parsers/eels",
      "logger": "nomad.processing",
      "timestamp": "2020-09-24 22:03.07",
      "level": "INFO"
    },
    {
      "event": "successfully completed task",
      "task": "normalizing",
      "proc": "Calc",
      "process": "re_process_calc",
      "tasks_status": "RUNNING",
      "logger": "nomad.processing",
      "timestamp": "2020-09-24 22:03.07",
      "level": "INFO"
    },
    {
      "event": "successfully completed task",
      "task": "archiving",
      "proc": "Calc",
      "process": "re_process_calc",
      "tasks_status": "RUNNING",
      "logger": "nomad.processing",
      "timestamp": "2020-09-24 22:03.07",
      "level": "INFO"
    },
    {
      "exec_time": "0.0020966529846191406",
      "step": "metadata",
      "event": "saved calc metadata",
      "task": "archiving",
      "proc": "Calc",
      "process": "re_process_calc",
      "tasks_status": "RUNNING",
      "logger": "nomad.processing",
      "timestamp": "2020-09-24 22:03.07",
      "level": "INFO"
    },
    {
      "exec_time": "0.014937400817871094",
      "step": "index",
      "event": "indexed",
      "task": "archiving",
      "proc": "Calc",
      "process": "re_process_calc",
      "tasks_status": "RUNNING",
      "logger": "nomad.processing",
      "timestamp": "2020-09-24 22:03.07",
      "level": "INFO"
    }
  ],
  "section_experiment": {
    "experiment_publish_time": "2007-11-19T00:00:00",
    "raw_metadata": {
      "id": 21629,
      "title": "N2 gas",
      "permalink": "https://eelsdb.eu/spectra/n2-gas/",
      "author": {
        "name": "Susana Trasobares",
        "profile_url": "https://eelsdb.eu/author/strasos/",
        "profile_api_url": "https://api.eelsdb.eu/author/strasos/"
      },
      "published": "2007-11-19 00:00:00",
      "description": "The N2 gas spectrum was acquired through a chronospectroscopy analysis on N2 gas encapsulated inside a C nanotube Analyst: Susana Trasobares. Temperature: Room. ",
      "comment_count": 0,
      "api_permalink": "https://api.eelsdb.eu/spectra/n2-gas/",
      "keywords": [
        "imported from old site"
      ],
      "download_link": "https://eelsdb.eu/wp-content/uploads/2015/09/DspecYylKeR.msa",
      "type": "Core Loss",
      "formula": "N2",
      "elements": [
        "N"
      ],
      "microscope": "VG HB501",
      "max_energy": "439.03 eV",
      "min_energy": "352.77 eV",
      "source_purity": "N2 gas encapsulated inside C nanotube",
      "edges": [
        "N_K"
      ],
      "guntype": "Cold FEG",
      "beamenergy": "100 kV",
      "monochromated": "No",
      "stepSize": "0.205 eV/pixel",
      "convergence": "15 mrad",
      "collection": "24 mrad",
      "probesize": "0.5 nm^2",
      "integratetime": "0.6 secs",
      "detector": "Parallel: 666 Gatan",
      "darkcurrent": "Yes",
      "gainvariation": "Yes",
      "other_links": [
        {
          "url": "http://pc-web.cemes.fr/eelsdb/index.php?page=displayspec.php&id=118",
          "title": "Old EELS DB"
        }
      ]
    },
    "section_data": {
      "repository_name": "Electron Energy Loss Spectroscopy (EELS) database",
      "repository_url": "https://eelsdb.eu",
      "entry_repository_url": "https://eelsdb.eu/spectra/n2-gas/"
    },
    "section_method": {
      "data_type": "spectrum",
      "method_name": "electron energy loss spectroscopy",
      "method_abbreviation": "EELS"
    },
    "section_sample": {
      "section_material": {
        "chemical_formula": "N2",
        "chemical_name": "N2 gas",
        "atom_labels": [
          "N"
        ]
      }
    }
  },
  "section_metadata": {
    "upload_id": "hSOY_Y0iQjqvoiH-Hu-0xg",
    "calc_id": "-IP8puaJDmSApra9k1NHH_vv-hg2",
    "calc_hash": "J8dg8WHK9QNyiekwMukbaS4YA6fs",
    "mainfile": "ems_data/eelsdb/spectra/n2-ga/metadata.json",
    "files": [
      "ems_data/eelsdb/spectra/n2-ga/metadata.json",
      "ems_data/eelsdb/spectra/n2-ga/data.msa"
    ],
    "domain": "ems",
    "published": true,
    "processed": true,
    "last_processing": "2020-09-24T22:03:07.728221",
    "nomad_version": "1.0.0",
    "nomad_commit": "4d71fee0",
    "parser_name": "parsers/eels",
    "comment": "The N2 gas spectrum was acquired through a chronospectroscopy analysis on N2 gas encapsulated inside a C nanotube Analyst: Susana Trasobares. Temperature: Room. ",
    "references": [
      "https://eelsdb.eu/spectra/n2-gas/",
      "https://api.eelsdb.eu/spectra/n2-gas/",
      "https://eelsdb.eu/wp-content/uploads/2015/09/DspecYylKeR.msa"
    ],
    "external_db": "EELSDB",
    "uploader": "05375d3f-87e5-4266-9ec8-e80bfe2a739d",
    "coauthors": [
      {
        "first_name": "Susana",
        "last_name": "Trasobares"
      }
    ],
    "shared_with": [],
    "with_embargo": false,
    "upload_time": "2020-09-07T14:33:37.396000",
    "upload_name": "ems_data.zip",
    "datasets": [
      "zAStTK1PQLaZ9V9krYVzUQ",
      "kpRslScITpW-5O6mlxpzMw"
    ],
    "external_id": "21629",
    "last_edit": "2020-09-07T14:45:09.330000",
    "formula": "N2",
    "atoms": [
      "N"
    ],
    "n_atoms": 1,
    "ems": {
      "chemical": "N2 gas",
      "sample_constituents": "unavailable",
      "sample_microstructure": "unavailable",
      "experiment_summary": "None",
      "origin_time": "2007-11-19T00:00:00",
      "method": "electron energy loss spectroscopy",
      "data_type": "spectrum",
      "probing_method": "unavailable",
      "repository_name": "Electron Energy Loss Spectroscopy (EELS) database",
      "repository_url": "https://eelsdb.eu",
      "entry_repository_url": "https://eelsdb.eu/spectra/n2-gas/",
      "preview_url": "None",
      "quantities": [
        "section_method",
        "method_abbreviation",
        "repository_url",
        "raw_metadata",
        "Experiment",
        "entry_repository_url",
        "experiment_publish_time",
        "atom_labels",
        "method_name",
        "section_sample",
        "chemical_name",
        "section_material",
        "data_type",
        "section_data",
        "chemical_formula",
        "repository_name"
      ],
      "group_hash": "LzIrQyjWPydZ8WCDXTzxK0u1BJ3L"
    }
  }
}