{
  "processing_logs": [
    {
      "event": "received process function call",
      "task": "None",
      "proc": "Calc",
      "process": "re_process_calc",
      "tasks_status": "PENDING",
      "logger": "nomad.processing",
      "timestamp": "2020-09-24 22:03.08",
      "level": "DEBUG"
    },
    {
      "event": "started process",
      "task": "parsing",
      "proc": "Calc",
      "process": "re_process_calc",
      "tasks_status": "RUNNING",
      "logger": "nomad.processing",
      "timestamp": "2020-09-24 22:03.08",
      "level": "INFO"
    },
    {
      "exec_time": "0.001390695571899414",
      "input_size": "1968",
      "event": "parser executed",
      "task": "parsing",
      "proc": "Calc",
      "process": "re_process_calc",
      "tasks_status": "RUNNING",
      "parser": "parsers/eels",
      "step": "parsers/eels",
      "logger": "nomad.processing",
      "timestamp": "2020-09-24 22:03.08",
      "level": "INFO"
    },
    {
      "event": "successfully completed task",
      "task": "normalizing",
      "proc": "Calc",
      "process": "re_process_calc",
      "tasks_status": "RUNNING",
      "logger": "nomad.processing",
      "timestamp": "2020-09-24 22:03.08",
      "level": "INFO"
    },
    {
      "event": "successfully completed task",
      "task": "archiving",
      "proc": "Calc",
      "process": "re_process_calc",
      "tasks_status": "RUNNING",
      "logger": "nomad.processing",
      "timestamp": "2020-09-24 22:03.08",
      "level": "INFO"
    },
    {
      "exec_time": "0.0010547637939453125",
      "step": "metadata",
      "event": "saved calc metadata",
      "task": "archiving",
      "proc": "Calc",
      "process": "re_process_calc",
      "tasks_status": "RUNNING",
      "logger": "nomad.processing",
      "timestamp": "2020-09-24 22:03.08",
      "level": "INFO"
    },
    {
      "exec_time": "0.011561393737792969",
      "step": "index",
      "event": "indexed",
      "task": "archiving",
      "proc": "Calc",
      "process": "re_process_calc",
      "tasks_status": "RUNNING",
      "logger": "nomad.processing",
      "timestamp": "2020-09-24 22:03.08",
      "level": "INFO"
    }
  ],
  "section_experiment": {
    "experiment_publish_time": "2008-03-04T00:00:00",
    "raw_metadata": {
      "id": 21740,
      "title": "strontium titanate",
      "permalink": "https://eelsdb.eu/spectra/strontium-titanate-4/",
      "author": {
        "name": "Dominique Imhoff",
        "profile_url": "https://eelsdb.eu/author/imhoff/",
        "profile_api_url": "https://api.eelsdb.eu/author/imhoff/"
      },
      "published": "2008-03-04 00:00:00",
      "description": "background removed\r\ncalibration : 1- XAS energy reference from standard similar LSMO (maximum of MnL3 peak)\r\n              2- energy dispersion calibration of the detector from two peaks reference in low and core loss areas (STO substrate area in the multimayer system).\r\n\r\nsee also OK Analyst: imhoff. Temperature: Room. ",
      "comment_count": 0,
      "api_permalink": "https://api.eelsdb.eu/spectra/strontium-titanate-4/",
      "keywords": [
        "imported from old site"
      ],
      "download_link": "https://eelsdb.eu/wp-content/uploads/2015/09/DspecX61x1d.msa",
      "type": "Core Loss",
      "formula": "SrTiO3",
      "elements": [
        "Sr",
        "Ti",
        "O"
      ],
      "microscope": "STEM-VG",
      "max_energy": "624.02 eV",
      "min_energy": "438.34 eV",
      "source_purity": "STO substrate (perovskite multilayers UMP CNRS-Thales Palaiseau France)",
      "edges": [
        "Ti_L2,3"
      ],
      "guntype": "Cold FEG",
      "beamenergy": "100 kV",
      "stepSize": "0.212 eV/pixel",
      "acquisition_mode": "STEM",
      "convergence": "7 mrad",
      "collection": "22 mrad",
      "probesize": "0.7 nm^2",
      "integratetime": "0.1 secs",
      "readouts": "50",
      "detector": "Parallel: 666 + CCD modified Orsay",
      "darkcurrent": "Yes",
      "gainvariation": "No",
      "reference": {
        "freetext": "EELS study of interfaces in magnetoresistive LSMO/STO/LSMO tunnel junctions\r\nSamet L., Imhoff D., Maurice J-L., Contour J-P., Gloter A., Manoubi T., Fert A., Colliex C.,\r\nEuropean-Physical-Journal-B., 34(2), 179-92, 2003"
      },
      "other_links": [
        {
          "url": "http://pc-web.cemes.fr/eelsdb/index.php?page=displayspec.php&id=231",
          "title": "Old EELS DB"
        }
      ]
    },
    "section_data": {
      "repository_name": "Electron Energy Loss Spectroscopy (EELS) database",
      "repository_url": "https://eelsdb.eu",
      "entry_repository_url": "https://eelsdb.eu/spectra/strontium-titanate-4/"
    },
    "section_method": {
      "data_type": "spectrum",
      "method_name": "electron energy loss spectroscopy",
      "method_abbreviation": "EELS"
    },
    "section_sample": {
      "section_material": {
        "chemical_formula": "SrTiO3",
        "chemical_name": "strontium titanate",
        "atom_labels": [
          "Sr",
          "Ti",
          "O"
        ]
      }
    }
  },
  "section_metadata": {
    "upload_id": "hSOY_Y0iQjqvoiH-Hu-0xg",
    "calc_id": "-mRIU9XFZ0_ZwQTTRlT8fvezSxXE",
    "calc_hash": "4tXP6dkKdHpHpuOGoxpsTzURbzpi",
    "mainfile": "ems_data/eelsdb/spectra/strontium-titanate-4/metadata.json",
    "files": [
      "ems_data/eelsdb/spectra/strontium-titanate-4/metadata.json",
      "ems_data/eelsdb/spectra/strontium-titanate-4/data.msa"
    ],
    "domain": "ems",
    "published": true,
    "processed": true,
    "last_processing": "2020-09-24T22:03:08.240219",
    "nomad_version": "1.0.0",
    "nomad_commit": "4d71fee0",
    "parser_name": "parsers/eels",
    "comment": "background removed\r\ncalibration : 1- XAS energy reference from standard similar LSMO (maximum of MnL3 peak)\r\n              2- energy dispersion calibration of the detector from two peaks reference in low and core loss areas (STO substrate area in the multimayer system).\r\n\r\nsee also OK Analyst: imhoff. Temperature: Room. ",
    "references": [
      "https://eelsdb.eu/spectra/strontium-titanate-4/",
      "https://api.eelsdb.eu/spectra/strontium-titanate-4/",
      "https://eelsdb.eu/wp-content/uploads/2015/09/DspecX61x1d.msa",
      "EELS study of interfaces in magnetoresistive LSMO/STO/LSMO tunnel junctions; Samet L., Imhoff D., Maurice J-L., Contour J-P., Gloter A., Manoubi T., Fert A., Colliex C.,; European-Physical-Journal-B., 34(2), 179-92, 2003"
    ],
    "external_db": "EELSDB",
    "uploader": "05375d3f-87e5-4266-9ec8-e80bfe2a739d",
    "coauthors": [
      {
        "first_name": "Dominique",
        "last_name": "Imhoff"
      }
    ],
    "shared_with": [],
    "with_embargo": false,
    "upload_time": "2020-09-07T14:33:37.396000",
    "upload_name": "ems_data.zip",
    "datasets": [
      "zAStTK1PQLaZ9V9krYVzUQ",
      "kpRslScITpW-5O6mlxpzMw"
    ],
    "external_id": "21740",
    "last_edit": "2020-09-07T14:45:09.330000",
    "formula": "SrTiO3",
    "atoms": [
      "O",
      "Sr",
      "Ti"
    ],
    "n_atoms": 3,
    "ems": {
      "chemical": "strontium titanate",
      "sample_constituents": "unavailable",
      "sample_microstructure": "unavailable",
      "experiment_summary": "None",
      "origin_time": "2008-03-04T00:00:00",
      "method": "electron energy loss spectroscopy",
      "data_type": "spectrum",
      "probing_method": "unavailable",
      "repository_name": "Electron Energy Loss Spectroscopy (EELS) database",
      "repository_url": "https://eelsdb.eu",
      "entry_repository_url": "https://eelsdb.eu/spectra/strontium-titanate-4/",
      "preview_url": "None",
      "quantities": [
        "section_method",
        "method_abbreviation",
        "repository_url",
        "raw_metadata",
        "Experiment",
        "entry_repository_url",
        "experiment_publish_time",
        "atom_labels",
        "method_name",
        "section_sample",
        "chemical_name",
        "section_material",
        "data_type",
        "section_data",
        "chemical_formula",
        "repository_name"
      ],
      "group_hash": "MjyD9q_29EObIePN7CxccR4ZypMT"
    }
  }
}