{
  "processing_logs": [
    {
      "event": "received process function call",
      "task": "None",
      "proc": "Calc",
      "process": "re_process_calc",
      "tasks_status": "PENDING",
      "logger": "nomad.processing",
      "timestamp": "2020-09-24 22:03.08",
      "level": "DEBUG"
    },
    {
      "event": "started process",
      "task": "parsing",
      "proc": "Calc",
      "process": "re_process_calc",
      "tasks_status": "RUNNING",
      "logger": "nomad.processing",
      "timestamp": "2020-09-24 22:03.08",
      "level": "INFO"
    },
    {
      "exec_time": "0.00078582763671875",
      "input_size": "1426",
      "event": "parser executed",
      "task": "parsing",
      "proc": "Calc",
      "process": "re_process_calc",
      "tasks_status": "RUNNING",
      "parser": "parsers/eels",
      "step": "parsers/eels",
      "logger": "nomad.processing",
      "timestamp": "2020-09-24 22:03.08",
      "level": "INFO"
    },
    {
      "event": "successfully completed task",
      "task": "normalizing",
      "proc": "Calc",
      "process": "re_process_calc",
      "tasks_status": "RUNNING",
      "logger": "nomad.processing",
      "timestamp": "2020-09-24 22:03.08",
      "level": "INFO"
    },
    {
      "event": "successfully completed task",
      "task": "archiving",
      "proc": "Calc",
      "process": "re_process_calc",
      "tasks_status": "RUNNING",
      "logger": "nomad.processing",
      "timestamp": "2020-09-24 22:03.08",
      "level": "INFO"
    },
    {
      "exec_time": "0.0010311603546142578",
      "step": "metadata",
      "event": "saved calc metadata",
      "task": "archiving",
      "proc": "Calc",
      "process": "re_process_calc",
      "tasks_status": "RUNNING",
      "logger": "nomad.processing",
      "timestamp": "2020-09-24 22:03.08",
      "level": "INFO"
    },
    {
      "exec_time": "0.012291431427001953",
      "step": "index",
      "event": "indexed",
      "task": "archiving",
      "proc": "Calc",
      "process": "re_process_calc",
      "tasks_status": "RUNNING",
      "logger": "nomad.processing",
      "timestamp": "2020-09-24 22:03.08",
      "level": "INFO"
    }
  ],
  "section_experiment": {
    "experiment_publish_time": "2008-01-21T00:00:00",
    "raw_metadata": {
      "id": 21682,
      "title": "Zinc oxide",
      "permalink": "https://eelsdb.eu/spectra/zinc-oxide-2/",
      "author": {
        "name": "Wilfried Sigle",
        "profile_url": "https://eelsdb.eu/author/wsigle/",
        "profile_api_url": "https://api.eelsdb.eu/author/wsigle/"
      },
      "published": "2008-01-21 00:00:00",
      "description": " Analyst: Wilfried Sigle. Temperature: Room. ",
      "comment_count": 0,
      "api_permalink": "https://api.eelsdb.eu/spectra/zinc-oxide-2/",
      "keywords": [
        "imported from old site"
      ],
      "download_link": "https://eelsdb.eu/wp-content/uploads/2015/09/Dspecu0vO19.msa",
      "type": "Low Loss",
      "formula": "ZnO",
      "elements": [
        "Zn",
        "O"
      ],
      "microscope": "VG HB501UX",
      "max_energy": "879.68 eV",
      "min_energy": "-18.79 eV",
      "source_purity": "Stoichiometric ZnO powder",
      "guntype": "Cold FEG",
      "beamenergy": "100 kV",
      "resolution": "1 eV",
      "stepSize": "0.671 eV/pixel",
      "acquisition_mode": "STEM",
      "convergence": "10 mrad",
      "collection": "6.5 mrad",
      "detector": "Parallel: Gatan ENFINA",
      "darkcurrent": "Yes",
      "gainvariation": "Yes",
      "thickness": "0.42 t/&lambda;",
      "associated_spectra": [
        {
          "name": "Zinc oxide",
          "link": "https://eelsdb.eu/spectra/zinc-oxide/",
          "type": "Core Loss"
        }
      ],
      "other_links": [
        {
          "url": "http://pc-web.cemes.fr/eelsdb/index.php?page=displayspec.php&id=172",
          "title": "Old EELS DB"
        }
      ]
    },
    "section_data": {
      "repository_name": "Electron Energy Loss Spectroscopy (EELS) database",
      "repository_url": "https://eelsdb.eu",
      "entry_repository_url": "https://eelsdb.eu/spectra/zinc-oxide-2/"
    },
    "section_method": {
      "data_type": "spectrum",
      "method_name": "electron energy loss spectroscopy",
      "method_abbreviation": "EELS"
    },
    "section_sample": {
      "section_material": {
        "chemical_formula": "ZnO",
        "chemical_name": "Zinc oxide",
        "atom_labels": [
          "Zn",
          "O"
        ]
      }
    }
  },
  "section_metadata": {
    "upload_id": "hSOY_Y0iQjqvoiH-Hu-0xg",
    "calc_id": "0_rCdk63tiuprnNoVHljVRvY3Zb7",
    "calc_hash": "qq3tbGOb6_fDVVEUtxNH4O7L7m1-",
    "mainfile": "ems_data/eelsdb/spectra/zinc-oxide-2/metadata.json",
    "files": [
      "ems_data/eelsdb/spectra/zinc-oxide-2/metadata.json",
      "ems_data/eelsdb/spectra/zinc-oxide-2/data.msa"
    ],
    "domain": "ems",
    "published": true,
    "processed": true,
    "last_processing": "2020-09-24T22:03:08.468347",
    "nomad_version": "1.0.0",
    "nomad_commit": "4d71fee0",
    "parser_name": "parsers/eels",
    "comment": " Analyst: Wilfried Sigle. Temperature: Room. ",
    "references": [
      "https://eelsdb.eu/spectra/zinc-oxide-2/",
      "https://api.eelsdb.eu/spectra/zinc-oxide-2/",
      "https://eelsdb.eu/wp-content/uploads/2015/09/Dspecu0vO19.msa"
    ],
    "external_db": "EELSDB",
    "uploader": "05375d3f-87e5-4266-9ec8-e80bfe2a739d",
    "coauthors": [
      {
        "first_name": "Wilfried",
        "last_name": "Sigle"
      }
    ],
    "shared_with": [],
    "with_embargo": false,
    "upload_time": "2020-09-07T14:33:37.396000",
    "upload_name": "ems_data.zip",
    "datasets": [
      "zAStTK1PQLaZ9V9krYVzUQ",
      "kpRslScITpW-5O6mlxpzMw"
    ],
    "external_id": "21682",
    "last_edit": "2020-09-07T14:45:09.330000",
    "formula": "ZnO",
    "atoms": [
      "O",
      "Zn"
    ],
    "n_atoms": 2,
    "ems": {
      "chemical": "Zinc oxide",
      "sample_constituents": "unavailable",
      "sample_microstructure": "unavailable",
      "experiment_summary": "None",
      "origin_time": "2008-01-21T00:00:00",
      "method": "electron energy loss spectroscopy",
      "data_type": "spectrum",
      "probing_method": "unavailable",
      "repository_name": "Electron Energy Loss Spectroscopy (EELS) database",
      "repository_url": "https://eelsdb.eu",
      "entry_repository_url": "https://eelsdb.eu/spectra/zinc-oxide-2/",
      "preview_url": "None",
      "quantities": [
        "section_method",
        "method_abbreviation",
        "repository_url",
        "raw_metadata",
        "Experiment",
        "entry_repository_url",
        "experiment_publish_time",
        "atom_labels",
        "method_name",
        "section_sample",
        "chemical_name",
        "section_material",
        "data_type",
        "section_data",
        "chemical_formula",
        "repository_name"
      ],
      "group_hash": "ShPyn9bBsRk1zgZs3y0g8FfaCDYL"
    }
  }
}