{
  "processing_logs": [
    {
      "event": "received process function call",
      "task": "None",
      "proc": "Calc",
      "process": "re_process_calc",
      "tasks_status": "PENDING",
      "logger": "nomad.processing",
      "timestamp": "2020-09-24 22:03.05",
      "level": "DEBUG"
    },
    {
      "event": "started process",
      "task": "parsing",
      "proc": "Calc",
      "process": "re_process_calc",
      "tasks_status": "RUNNING",
      "logger": "nomad.processing",
      "timestamp": "2020-09-24 22:03.05",
      "level": "INFO"
    },
    {
      "exec_time": "0.001646280288696289",
      "input_size": "1338",
      "event": "parser executed",
      "task": "parsing",
      "proc": "Calc",
      "process": "re_process_calc",
      "tasks_status": "RUNNING",
      "parser": "parsers/eels",
      "step": "parsers/eels",
      "logger": "nomad.processing",
      "timestamp": "2020-09-24 22:03.05",
      "level": "INFO"
    },
    {
      "event": "successfully completed task",
      "task": "normalizing",
      "proc": "Calc",
      "process": "re_process_calc",
      "tasks_status": "RUNNING",
      "logger": "nomad.processing",
      "timestamp": "2020-09-24 22:03.05",
      "level": "INFO"
    },
    {
      "event": "successfully completed task",
      "task": "archiving",
      "proc": "Calc",
      "process": "re_process_calc",
      "tasks_status": "RUNNING",
      "logger": "nomad.processing",
      "timestamp": "2020-09-24 22:03.05",
      "level": "INFO"
    },
    {
      "exec_time": "0.002023935317993164",
      "step": "metadata",
      "event": "saved calc metadata",
      "task": "archiving",
      "proc": "Calc",
      "process": "re_process_calc",
      "tasks_status": "RUNNING",
      "logger": "nomad.processing",
      "timestamp": "2020-09-24 22:03.05",
      "level": "INFO"
    },
    {
      "exec_time": "0.014376163482666016",
      "step": "index",
      "event": "indexed",
      "task": "archiving",
      "proc": "Calc",
      "process": "re_process_calc",
      "tasks_status": "RUNNING",
      "logger": "nomad.processing",
      "timestamp": "2020-09-24 22:03.05",
      "level": "INFO"
    }
  ],
  "section_experiment": {
    "experiment_publish_time": "2008-02-07T00:00:00",
    "raw_metadata": {
      "id": 21698,
      "title": "aluminium metal",
      "permalink": "https://eelsdb.eu/spectra/aluminium-metal-2/",
      "author": {
        "name": "daniele Bouchet",
        "profile_url": "https://eelsdb.eu/author/bouchet/",
        "profile_api_url": "https://api.eelsdb.eu/author/bouchet/"
      },
      "published": "2008-02-07 00:00:00",
      "description": " Analyst: Daniele Bouchet. Temperature: Room. ",
      "comment_count": 0,
      "api_permalink": "https://api.eelsdb.eu/spectra/aluminium-metal-2/",
      "keywords": [
        "imported from old site"
      ],
      "download_link": "https://eelsdb.eu/wp-content/uploads/2015/09/DspecBJYfzX.msa",
      "type": "Core Loss",
      "formula": "Al",
      "elements": [
        "Al"
      ],
      "microscope": "VG HB-501",
      "max_energy": "146.1 eV",
      "min_energy": "60 eV",
      "edges": [
        "Al_L2,3"
      ],
      "guntype": "Cold FEG",
      "beamenergy": "100 kV",
      "resolution": "0.6 eV",
      "stepSize": "0.1 eV/pixel",
      "acquisition_mode": "STEM",
      "convergence": "15 mrad",
      "collection": "22 mrad",
      "probesize": "1.3 nm^2",
      "detector": "Parallel: 666 Gatan",
      "darkcurrent": "Yes",
      "gainvariation": "Yes",
      "reference": {
        "freetext": "D. Bouchet, C. Colliex, Ultramic, 96, 139,2003"
      },
      "other_links": [
        {
          "url": "http://pc-web.cemes.fr/eelsdb/index.php?page=displayspec.php&id=188",
          "title": "Old EELS DB"
        }
      ]
    },
    "section_data": {
      "repository_name": "Electron Energy Loss Spectroscopy (EELS) database",
      "repository_url": "https://eelsdb.eu",
      "entry_repository_url": "https://eelsdb.eu/spectra/aluminium-metal-2/"
    },
    "section_method": {
      "data_type": "spectrum",
      "method_name": "electron energy loss spectroscopy",
      "method_abbreviation": "EELS"
    },
    "section_sample": {
      "section_material": {
        "chemical_formula": "Al",
        "chemical_name": "aluminium metal",
        "atom_labels": [
          "Al"
        ]
      }
    }
  },
  "section_metadata": {
    "upload_id": "hSOY_Y0iQjqvoiH-Hu-0xg",
    "calc_id": "0hgOuY4zV1_mHKoQMM_87EbskWVd",
    "calc_hash": "_PYKILjzNajIJAaslPVm6ESP7W0C",
    "mainfile": "ems_data/eelsdb/spectra/aluminium-metal-2/metadata.json",
    "files": [
      "ems_data/eelsdb/spectra/aluminium-metal-2/metadata.json",
      "ems_data/eelsdb/spectra/aluminium-metal-2/data.msa"
    ],
    "domain": "ems",
    "published": true,
    "processed": true,
    "last_processing": "2020-09-24T22:03:05.776839",
    "nomad_version": "1.0.0",
    "nomad_commit": "4d71fee0",
    "parser_name": "parsers/eels",
    "comment": " Analyst: Daniele Bouchet. Temperature: Room. ",
    "references": [
      "https://eelsdb.eu/spectra/aluminium-metal-2/",
      "https://api.eelsdb.eu/spectra/aluminium-metal-2/",
      "https://eelsdb.eu/wp-content/uploads/2015/09/DspecBJYfzX.msa",
      "D. Bouchet, C. Colliex, Ultramic, 96, 139,2003"
    ],
    "external_db": "EELSDB",
    "uploader": "05375d3f-87e5-4266-9ec8-e80bfe2a739d",
    "coauthors": [
      {
        "first_name": "Daniele",
        "last_name": "Bouchet"
      }
    ],
    "shared_with": [],
    "with_embargo": false,
    "upload_time": "2020-09-07T14:33:37.396000",
    "upload_name": "ems_data.zip",
    "datasets": [
      "zAStTK1PQLaZ9V9krYVzUQ",
      "kpRslScITpW-5O6mlxpzMw"
    ],
    "external_id": "21698",
    "last_edit": "2020-09-07T14:45:09.330000",
    "formula": "Al",
    "atoms": [
      "Al"
    ],
    "n_atoms": 1,
    "ems": {
      "chemical": "aluminium metal",
      "sample_constituents": "unavailable",
      "sample_microstructure": "unavailable",
      "experiment_summary": "None",
      "origin_time": "2008-02-07T00:00:00",
      "method": "electron energy loss spectroscopy",
      "data_type": "spectrum",
      "probing_method": "unavailable",
      "repository_name": "Electron Energy Loss Spectroscopy (EELS) database",
      "repository_url": "https://eelsdb.eu",
      "entry_repository_url": "https://eelsdb.eu/spectra/aluminium-metal-2/",
      "preview_url": "None",
      "quantities": [
        "section_method",
        "method_abbreviation",
        "repository_url",
        "raw_metadata",
        "Experiment",
        "entry_repository_url",
        "experiment_publish_time",
        "atom_labels",
        "method_name",
        "section_sample",
        "chemical_name",
        "section_material",
        "data_type",
        "section_data",
        "chemical_formula",
        "repository_name"
      ],
      "group_hash": "a1YWPERN3WakKzSEmf-Z5vtOFFI0"
    }
  }
}