{
  "processing_logs": [
    {
      "event": "received process function call",
      "task": "None",
      "proc": "Calc",
      "process": "re_process_calc",
      "tasks_status": "PENDING",
      "logger": "nomad.processing",
      "timestamp": "2020-09-24 22:03.07",
      "level": "DEBUG"
    },
    {
      "event": "started process",
      "task": "parsing",
      "proc": "Calc",
      "process": "re_process_calc",
      "tasks_status": "RUNNING",
      "logger": "nomad.processing",
      "timestamp": "2020-09-24 22:03.07",
      "level": "INFO"
    },
    {
      "exec_time": "0.0010826587677001953",
      "input_size": "1829",
      "event": "parser executed",
      "task": "parsing",
      "proc": "Calc",
      "process": "re_process_calc",
      "tasks_status": "RUNNING",
      "parser": "parsers/eels",
      "step": "parsers/eels",
      "logger": "nomad.processing",
      "timestamp": "2020-09-24 22:03.07",
      "level": "INFO"
    },
    {
      "event": "successfully completed task",
      "task": "normalizing",
      "proc": "Calc",
      "process": "re_process_calc",
      "tasks_status": "RUNNING",
      "logger": "nomad.processing",
      "timestamp": "2020-09-24 22:03.07",
      "level": "INFO"
    },
    {
      "event": "successfully completed task",
      "task": "archiving",
      "proc": "Calc",
      "process": "re_process_calc",
      "tasks_status": "RUNNING",
      "logger": "nomad.processing",
      "timestamp": "2020-09-24 22:03.07",
      "level": "INFO"
    },
    {
      "exec_time": "0.0017635822296142578",
      "step": "metadata",
      "event": "saved calc metadata",
      "task": "archiving",
      "proc": "Calc",
      "process": "re_process_calc",
      "tasks_status": "RUNNING",
      "logger": "nomad.processing",
      "timestamp": "2020-09-24 22:03.07",
      "level": "INFO"
    },
    {
      "exec_time": "0.013622760772705078",
      "step": "index",
      "event": "indexed",
      "task": "archiving",
      "proc": "Calc",
      "process": "re_process_calc",
      "tasks_status": "RUNNING",
      "logger": "nomad.processing",
      "timestamp": "2020-09-24 22:03.07",
      "level": "INFO"
    }
  ],
  "section_experiment": {
    "experiment_publish_time": "2007-11-13T00:00:00",
    "raw_metadata": {
      "id": 21625,
      "title": "Magnesium Oxide",
      "permalink": "https://eelsdb.eu/spectra/magnesium-oxide-2/",
      "author": {
        "name": "Giovanni Bertoni",
        "profile_url": "https://eelsdb.eu/author/giovanni-bertoni/",
        "profile_api_url": "https://api.eelsdb.eu/author/giovanni-bertoni/"
      },
      "published": "2007-11-13 00:00:00",
      "description": "polycrystalline sample.\r\nspectrum used for quantification. It is the sum of 100 spectra available separately, which can be used for testing quantification techniques or deconvolution techniques. Analyst: Giovanni Bertoni. Temperature: Room. ",
      "comment_count": 0,
      "api_permalink": "https://api.eelsdb.eu/spectra/magnesium-oxide-2/",
      "keywords": [
        "imported from old site"
      ],
      "download_link": "https://eelsdb.eu/wp-content/uploads/2015/09/DspecelZWOy.msa",
      "type": "Core Loss",
      "formula": "MgO",
      "elements": [
        "Mg",
        "O"
      ],
      "microscope": "CM30",
      "max_energy": "1364.5 eV",
      "min_energy": "341.5 eV",
      "source_purity": "Merck (powder)",
      "edges": [
        "O_K"
      ],
      "guntype": "feg Schottky",
      "beamenergy": "300 kV",
      "resolution": "1 eV",
      "stepSize": "1 eV/pixel",
      "acquisition_mode": "Diffraction",
      "convergence": "1.3 mrad",
      "collection": "5.21 mrad",
      "integratetime": "0.4 secs",
      "readouts": "100",
      "detector": "Parallel: GIF200",
      "darkcurrent": "Yes",
      "gainvariation": "Yes",
      "thickness": "0.189 t/&lambda;",
      "reference": {
        "freetext": "G. Bertoni, J.Verbeeck, Ultramicroscopy, submitted."
      },
      "associated_spectra": [
        {
          "name": "Magnesium Oxide",
          "link": "https://eelsdb.eu/spectra/magnesium-oxide/",
          "type": "Low Loss"
        }
      ],
      "other_links": [
        {
          "url": "http://pc-web.cemes.fr/eelsdb/index.php?page=displayspec.php&id=112",
          "title": "Old EELS DB"
        }
      ]
    },
    "section_data": {
      "repository_name": "Electron Energy Loss Spectroscopy (EELS) database",
      "repository_url": "https://eelsdb.eu",
      "entry_repository_url": "https://eelsdb.eu/spectra/magnesium-oxide-2/"
    },
    "section_method": {
      "data_type": "spectrum",
      "method_name": "electron energy loss spectroscopy",
      "method_abbreviation": "EELS"
    },
    "section_sample": {
      "section_material": {
        "chemical_formula": "MgO",
        "chemical_name": "Magnesium Oxide",
        "atom_labels": [
          "Mg",
          "O"
        ]
      }
    }
  },
  "section_metadata": {
    "upload_id": "hSOY_Y0iQjqvoiH-Hu-0xg",
    "calc_id": "1YtNR6tdi63YJhZc5YcWoFW6TLOc",
    "calc_hash": "2NfLkp_Rx-xxVPBMp6oc9NdAtaTv",
    "mainfile": "ems_data/eelsdb/spectra/magnesium-oxide-2/metadata.json",
    "files": [
      "ems_data/eelsdb/spectra/magnesium-oxide-2/metadata.json",
      "ems_data/eelsdb/spectra/magnesium-oxide-2/data.msa"
    ],
    "domain": "ems",
    "published": true,
    "processed": true,
    "last_processing": "2020-09-24T22:03:07.614077",
    "nomad_version": "1.0.0",
    "nomad_commit": "4d71fee0",
    "parser_name": "parsers/eels",
    "comment": "polycrystalline sample.\r\nspectrum used for quantification. It is the sum of 100 spectra available separately, which can be used for testing quantification techniques or deconvolution techniques. Analyst: Giovanni Bertoni. Temperature: Room. ",
    "references": [
      "https://eelsdb.eu/spectra/magnesium-oxide-2/",
      "https://api.eelsdb.eu/spectra/magnesium-oxide-2/",
      "https://eelsdb.eu/wp-content/uploads/2015/09/DspecelZWOy.msa",
      "G. Bertoni, J.Verbeeck, Ultramicroscopy, submitted."
    ],
    "external_db": "EELSDB",
    "uploader": "05375d3f-87e5-4266-9ec8-e80bfe2a739d",
    "coauthors": [
      {
        "first_name": "Giovanni",
        "last_name": "Bertoni"
      }
    ],
    "shared_with": [],
    "with_embargo": false,
    "upload_time": "2020-09-07T14:33:37.396000",
    "upload_name": "ems_data.zip",
    "datasets": [
      "zAStTK1PQLaZ9V9krYVzUQ",
      "kpRslScITpW-5O6mlxpzMw"
    ],
    "external_id": "21625",
    "last_edit": "2020-09-07T14:45:09.330000",
    "formula": "MgO",
    "atoms": [
      "Mg",
      "O"
    ],
    "n_atoms": 2,
    "ems": {
      "chemical": "Magnesium Oxide",
      "sample_constituents": "unavailable",
      "sample_microstructure": "unavailable",
      "experiment_summary": "None",
      "origin_time": "2007-11-13T00:00:00",
      "method": "electron energy loss spectroscopy",
      "data_type": "spectrum",
      "probing_method": "unavailable",
      "repository_name": "Electron Energy Loss Spectroscopy (EELS) database",
      "repository_url": "https://eelsdb.eu",
      "entry_repository_url": "https://eelsdb.eu/spectra/magnesium-oxide-2/",
      "preview_url": "None",
      "quantities": [
        "section_method",
        "method_abbreviation",
        "repository_url",
        "raw_metadata",
        "Experiment",
        "entry_repository_url",
        "experiment_publish_time",
        "atom_labels",
        "method_name",
        "section_sample",
        "chemical_name",
        "section_material",
        "data_type",
        "section_data",
        "chemical_formula",
        "repository_name"
      ],
      "group_hash": "q_fZjbVr_-gG8UUS0yUfjwn4Cdm3"
    }
  }
}