{
  "processing_logs": [
    {
      "event": "received process function call",
      "task": "None",
      "proc": "Calc",
      "process": "re_process_calc",
      "tasks_status": "PENDING",
      "logger": "nomad.processing",
      "timestamp": "2020-09-24 22:03.06",
      "level": "DEBUG"
    },
    {
      "event": "started process",
      "task": "parsing",
      "proc": "Calc",
      "process": "re_process_calc",
      "tasks_status": "RUNNING",
      "logger": "nomad.processing",
      "timestamp": "2020-09-24 22:03.06",
      "level": "INFO"
    },
    {
      "exec_time": "0.0012269020080566406",
      "input_size": "1619",
      "event": "parser executed",
      "task": "parsing",
      "proc": "Calc",
      "process": "re_process_calc",
      "tasks_status": "RUNNING",
      "parser": "parsers/eels",
      "step": "parsers/eels",
      "logger": "nomad.processing",
      "timestamp": "2020-09-24 22:03.06",
      "level": "INFO"
    },
    {
      "event": "successfully completed task",
      "task": "normalizing",
      "proc": "Calc",
      "process": "re_process_calc",
      "tasks_status": "RUNNING",
      "logger": "nomad.processing",
      "timestamp": "2020-09-24 22:03.06",
      "level": "INFO"
    },
    {
      "event": "successfully completed task",
      "task": "archiving",
      "proc": "Calc",
      "process": "re_process_calc",
      "tasks_status": "RUNNING",
      "logger": "nomad.processing",
      "timestamp": "2020-09-24 22:03.06",
      "level": "INFO"
    },
    {
      "exec_time": "0.0017092227935791016",
      "step": "metadata",
      "event": "saved calc metadata",
      "task": "archiving",
      "proc": "Calc",
      "process": "re_process_calc",
      "tasks_status": "RUNNING",
      "logger": "nomad.processing",
      "timestamp": "2020-09-24 22:03.06",
      "level": "INFO"
    },
    {
      "exec_time": "0.015359640121459961",
      "step": "index",
      "event": "indexed",
      "task": "archiving",
      "proc": "Calc",
      "process": "re_process_calc",
      "tasks_status": "RUNNING",
      "logger": "nomad.processing",
      "timestamp": "2020-09-24 22:03.06",
      "level": "INFO"
    }
  ],
  "section_experiment": {
    "experiment_publish_time": "2005-05-26T00:00:00",
    "raw_metadata": {
      "id": 21607,
      "title": "Boron nitride",
      "permalink": "https://eelsdb.eu/spectra/boron-nitride/",
      "author": {
        "name": "(Dr) Marie Cheynet",
        "profile_url": "https://eelsdb.eu/author/mcheynet/",
        "profile_api_url": "https://api.eelsdb.eu/author/mcheynet/"
      },
      "published": "2005-05-26 00:00:00",
      "description": " Analyst: M. Cheynet. Temperature: Room. BEAM/Crystal: (close to) parallel to BN c axis. ",
      "comment_count": 0,
      "api_permalink": "https://api.eelsdb.eu/spectra/boron-nitride/",
      "keywords": [
        "imported from old site"
      ],
      "download_link": "https://eelsdb.eu/wp-content/uploads/2015/09/DspecarM0aP.msa",
      "type": "Low Loss",
      "formula": "BN",
      "elements": [
        "B",
        "N"
      ],
      "microscope": "STEM-VG",
      "max_energy": "90.08 eV",
      "min_energy": "-7.61 eV",
      "source_purity": "bamboo-like morphology nanotubes",
      "guntype": "cold field emission",
      "beamenergy": "100 kV",
      "resolution": "1 eV",
      "stepSize": "0.098 eV/pixel",
      "acquisition_mode": "STEM",
      "convergence": "9.33 mrad",
      "collection": "1.2 mrad",
      "probesize": "1.5 nm^2",
      "integratetime": "1 secs",
      "readouts": "6",
      "detector": "Serial: VG EL80",
      "darkcurrent": "No",
      "gainvariation": "No",
      "thickness": "0.45 t/&lambda;",
      "reference": {
        "freetext": "Improved comparison of low energy loss spectra with band structure calculations: the example of BN filaments.\r\nP. Moreau, M.C. Cheynet\r\nUltramicroscopy 94 (2003) 293"
      },
      "other_links": [
        {
          "url": "http://pc-web.cemes.fr/eelsdb/index.php?page=displayspec.php&id=90",
          "title": "Old EELS DB"
        }
      ]
    },
    "section_data": {
      "repository_name": "Electron Energy Loss Spectroscopy (EELS) database",
      "repository_url": "https://eelsdb.eu",
      "entry_repository_url": "https://eelsdb.eu/spectra/boron-nitride/"
    },
    "section_method": {
      "data_type": "spectrum",
      "method_name": "electron energy loss spectroscopy",
      "method_abbreviation": "EELS"
    },
    "section_sample": {
      "section_material": {
        "chemical_formula": "BN",
        "chemical_name": "Boron nitride",
        "atom_labels": [
          "B",
          "N"
        ]
      }
    }
  },
  "section_metadata": {
    "upload_id": "hSOY_Y0iQjqvoiH-Hu-0xg",
    "calc_id": "2XtDIcG2NAoDfsvfIGCl-OhRR2vZ",
    "calc_hash": "du_2M3iJ5XjAFTM_raMHgQnHEh0q",
    "mainfile": "ems_data/eelsdb/spectra/boron-nitride/metadata.json",
    "files": [
      "ems_data/eelsdb/spectra/boron-nitride/metadata.json",
      "ems_data/eelsdb/spectra/boron-nitride/data.msa"
    ],
    "domain": "ems",
    "published": true,
    "processed": true,
    "last_processing": "2020-09-24T22:03:06.175455",
    "nomad_version": "1.0.0",
    "nomad_commit": "4d71fee0",
    "parser_name": "parsers/eels",
    "comment": " Analyst: M. Cheynet. Temperature: Room. BEAM/Crystal: (close to) parallel to BN c axis. ",
    "references": [
      "https://eelsdb.eu/spectra/boron-nitride/",
      "https://api.eelsdb.eu/spectra/boron-nitride/",
      "https://eelsdb.eu/wp-content/uploads/2015/09/DspecarM0aP.msa",
      "Improved comparison of low energy loss spectra with band structure calculations: the example of BN filaments.; P. Moreau, M.C. Cheynet; Ultramicroscopy 94 (2003) 293"
    ],
    "external_db": "EELSDB",
    "uploader": "05375d3f-87e5-4266-9ec8-e80bfe2a739d",
    "coauthors": [
      {
        "first_name": "Marie",
        "last_name": "Cheynet"
      }
    ],
    "shared_with": [],
    "with_embargo": false,
    "upload_time": "2020-09-07T14:33:37.396000",
    "upload_name": "ems_data.zip",
    "datasets": [
      "zAStTK1PQLaZ9V9krYVzUQ",
      "kpRslScITpW-5O6mlxpzMw"
    ],
    "external_id": "21607",
    "last_edit": "2020-09-07T14:45:09.330000",
    "formula": "BN",
    "atoms": [
      "B",
      "N"
    ],
    "n_atoms": 2,
    "ems": {
      "chemical": "Boron nitride",
      "sample_constituents": "unavailable",
      "sample_microstructure": "unavailable",
      "experiment_summary": "None",
      "origin_time": "2005-05-26T00:00:00",
      "method": "electron energy loss spectroscopy",
      "data_type": "spectrum",
      "probing_method": "unavailable",
      "repository_name": "Electron Energy Loss Spectroscopy (EELS) database",
      "repository_url": "https://eelsdb.eu",
      "entry_repository_url": "https://eelsdb.eu/spectra/boron-nitride/",
      "preview_url": "None",
      "quantities": [
        "section_method",
        "method_abbreviation",
        "repository_url",
        "raw_metadata",
        "Experiment",
        "entry_repository_url",
        "experiment_publish_time",
        "atom_labels",
        "method_name",
        "section_sample",
        "chemical_name",
        "section_material",
        "data_type",
        "section_data",
        "chemical_formula",
        "repository_name"
      ],
      "group_hash": "zdM9fPQ_aiBgeb9l0rSwX4gvbd_j"
    }
  }
}