{
  "processing_logs": [
    {
      "event": "received process function call",
      "task": "None",
      "proc": "Calc",
      "process": "re_process_calc",
      "tasks_status": "PENDING",
      "logger": "nomad.processing",
      "timestamp": "2020-09-24 22:03.07",
      "level": "DEBUG"
    },
    {
      "event": "started process",
      "task": "parsing",
      "proc": "Calc",
      "process": "re_process_calc",
      "tasks_status": "RUNNING",
      "logger": "nomad.processing",
      "timestamp": "2020-09-24 22:03.07",
      "level": "INFO"
    },
    {
      "exec_time": "0.0014672279357910156",
      "input_size": "1569",
      "event": "parser executed",
      "task": "parsing",
      "proc": "Calc",
      "process": "re_process_calc",
      "tasks_status": "RUNNING",
      "parser": "parsers/eels",
      "step": "parsers/eels",
      "logger": "nomad.processing",
      "timestamp": "2020-09-24 22:03.07",
      "level": "INFO"
    },
    {
      "event": "successfully completed task",
      "task": "normalizing",
      "proc": "Calc",
      "process": "re_process_calc",
      "tasks_status": "RUNNING",
      "logger": "nomad.processing",
      "timestamp": "2020-09-24 22:03.07",
      "level": "INFO"
    },
    {
      "event": "successfully completed task",
      "task": "archiving",
      "proc": "Calc",
      "process": "re_process_calc",
      "tasks_status": "RUNNING",
      "logger": "nomad.processing",
      "timestamp": "2020-09-24 22:03.07",
      "level": "INFO"
    },
    {
      "exec_time": "0.0020024776458740234",
      "step": "metadata",
      "event": "saved calc metadata",
      "task": "archiving",
      "proc": "Calc",
      "process": "re_process_calc",
      "tasks_status": "RUNNING",
      "logger": "nomad.processing",
      "timestamp": "2020-09-24 22:03.07",
      "level": "INFO"
    },
    {
      "exec_time": "0.01451730728149414",
      "step": "index",
      "event": "indexed",
      "task": "archiving",
      "proc": "Calc",
      "process": "re_process_calc",
      "tasks_status": "RUNNING",
      "logger": "nomad.processing",
      "timestamp": "2020-09-24 22:03.07",
      "level": "INFO"
    }
  ],
  "section_experiment": {
    "experiment_publish_time": "2018-01-15T12:57:04",
    "raw_metadata": {
      "id": 22105,
      "title": "HoS(Se)-TaS2(Se) misfit nanotube",
      "permalink": "https://eelsdb.eu/spectra/hosse-tas2se-misfit-nanotube/",
      "author": {
        "name": "Luc Lajaunie",
        "profile_url": "https://eelsdb.eu/author/luc-lajaunie/",
        "profile_api_url": "https://api.eelsdb.eu/author/luc-lajaunie/"
      },
      "published": "2018-01-15 12:57:04",
      "description": "",
      "comment_count": 0,
      "api_permalink": "https://api.eelsdb.eu/spectra/hosse-tas2se-misfit-nanotube/",
      "download_link": "https://eelsdb.eu/wp-content/uploads/2018/01/cvert.msa",
      "type": "Core Loss",
      "formula": "HoS(Se)-TaS2(Se)",
      "elements": [
        "Ho",
        "S",
        "Se",
        "Ta"
      ],
      "microscope": "FEI Titan Low-Base",
      "max_energy": "2635.48 eV",
      "min_energy": "1124.8 eV",
      "edges": [
        "S_K",
        "Se_L1",
        "Se_L2,3",
        "Ta_M4,5",
        "Ho_M4,5"
      ],
      "guntype": "X-FEG",
      "beamenergy": "200 kV",
      "resolution": "2 eV",
      "monochromated": "No",
      "stepSize": "0.738 eV/pixel",
      "convergence": "18 mrad",
      "collection": "25 mrad",
      "detector": "Gatan Tridiem ESR 865",
      "darkcurrent": "No",
      "gainvariation": "No",
      "calibration": "low loss + drift tube",
      "reference": {
        "authors": "Luc Lajaunie, Gal Radovsky, Reshef Tenne, Raul Arenal",
        "year": "2017",
        "journal": "Inorganic Chemistry",
        "title": "Quaternary Chalcogenide-Based Misfit Nanotubes LnS(Se)-TaS(Se)2 (Ln = La, Ce, Nd, and Ho): Synthesis and Atomic Structural Studies",
        "doi": "10.1021/acs.inorgchem.7b02680",
        "url": "http://dx.doi.org/10.1021/acs.inorgchem.7b02680"
      }
    },
    "section_data": {
      "repository_name": "Electron Energy Loss Spectroscopy (EELS) database",
      "repository_url": "https://eelsdb.eu",
      "entry_repository_url": "https://eelsdb.eu/spectra/hosse-tas2se-misfit-nanotube/"
    },
    "section_method": {
      "data_type": "spectrum",
      "method_name": "electron energy loss spectroscopy",
      "method_abbreviation": "EELS"
    },
    "section_sample": {
      "section_material": {
        "chemical_formula": "HoS(Se)-TaS2(Se)",
        "chemical_name": "HoS(Se)-TaS2(Se) misfit nanotube",
        "atom_labels": [
          "Ho",
          "S",
          "Se",
          "Ta"
        ]
      }
    }
  },
  "section_metadata": {
    "upload_id": "hSOY_Y0iQjqvoiH-Hu-0xg",
    "calc_id": "3CpG88yPqtPXuA5HebhIVxVNOaRt",
    "calc_hash": "CZPr-Iuxt4JB_HYdpVVEuOv_nS89",
    "mainfile": "ems_data/eelsdb/spectra/hosse-tas2se-misfit-nanotube/metadata.json",
    "files": [
      "ems_data/eelsdb/spectra/hosse-tas2se-misfit-nanotube/metadata.json",
      "ems_data/eelsdb/spectra/hosse-tas2se-misfit-nanotube/data.msa"
    ],
    "domain": "ems",
    "published": true,
    "processed": true,
    "last_processing": "2020-09-24T22:03:07.209006",
    "nomad_version": "1.0.0",
    "nomad_commit": "4d71fee0",
    "parser_name": "parsers/eels",
    "comment": "",
    "references": [
      "https://eelsdb.eu/spectra/hosse-tas2se-misfit-nanotube/",
      "https://api.eelsdb.eu/spectra/hosse-tas2se-misfit-nanotube/",
      "https://eelsdb.eu/wp-content/uploads/2018/01/cvert.msa",
      "Luc Lajaunie, Gal Radovsky, Reshef Tenne, Raul Arenal; 2017; Inorganic Chemistry; Quaternary Chalcogenide-Based Misfit Nanotubes LnS(Se)-TaS(Se)2 (Ln = La, Ce, Nd, and Ho): Synthesis and Atomic Structural Studies; 10.1021/acs.inorgchem.7b02680; http://dx.doi.org/10.1021/acs.inorgchem.7b02680"
    ],
    "external_db": "EELSDB",
    "uploader": "05375d3f-87e5-4266-9ec8-e80bfe2a739d",
    "coauthors": [
      {
        "first_name": "Luc",
        "last_name": "Lajaunie"
      }
    ],
    "shared_with": [],
    "with_embargo": false,
    "upload_time": "2020-09-07T14:33:37.396000",
    "upload_name": "ems_data.zip",
    "datasets": [
      "zAStTK1PQLaZ9V9krYVzUQ",
      "kpRslScITpW-5O6mlxpzMw"
    ],
    "external_id": "22105",
    "last_edit": "2020-09-07T14:45:09.330000",
    "formula": "HoS(Se)-TaS2(Se)",
    "atoms": [
      "Ho",
      "S",
      "Se",
      "Ta"
    ],
    "n_atoms": 4,
    "ems": {
      "chemical": "HoS(Se)-TaS2(Se) misfit nanotube",
      "sample_constituents": "unavailable",
      "sample_microstructure": "unavailable",
      "experiment_summary": "None",
      "origin_time": "2018-01-15T12:57:04",
      "method": "electron energy loss spectroscopy",
      "data_type": "spectrum",
      "probing_method": "unavailable",
      "repository_name": "Electron Energy Loss Spectroscopy (EELS) database",
      "repository_url": "https://eelsdb.eu",
      "entry_repository_url": "https://eelsdb.eu/spectra/hosse-tas2se-misfit-nanotube/",
      "preview_url": "None",
      "quantities": [
        "section_method",
        "method_abbreviation",
        "repository_url",
        "raw_metadata",
        "Experiment",
        "entry_repository_url",
        "experiment_publish_time",
        "atom_labels",
        "method_name",
        "section_sample",
        "chemical_name",
        "section_material",
        "data_type",
        "section_data",
        "chemical_formula",
        "repository_name"
      ],
      "group_hash": "f-gkPBHAGMrWhgiac8yf5SotvXZL"
    }
  }
}