{
  "processing_logs": [
    {
      "event": "received process function call",
      "task": "None",
      "proc": "Calc",
      "process": "re_process_calc",
      "tasks_status": "PENDING",
      "logger": "nomad.processing",
      "timestamp": "2020-09-24 22:03.07",
      "level": "DEBUG"
    },
    {
      "event": "started process",
      "task": "parsing",
      "proc": "Calc",
      "process": "re_process_calc",
      "tasks_status": "RUNNING",
      "logger": "nomad.processing",
      "timestamp": "2020-09-24 22:03.07",
      "level": "INFO"
    },
    {
      "exec_time": "0.0011777877807617188",
      "input_size": "1377",
      "event": "parser executed",
      "task": "parsing",
      "proc": "Calc",
      "process": "re_process_calc",
      "tasks_status": "RUNNING",
      "parser": "parsers/eels",
      "step": "parsers/eels",
      "logger": "nomad.processing",
      "timestamp": "2020-09-24 22:03.07",
      "level": "INFO"
    },
    {
      "event": "successfully completed task",
      "task": "normalizing",
      "proc": "Calc",
      "process": "re_process_calc",
      "tasks_status": "RUNNING",
      "logger": "nomad.processing",
      "timestamp": "2020-09-24 22:03.07",
      "level": "INFO"
    },
    {
      "event": "successfully completed task",
      "task": "archiving",
      "proc": "Calc",
      "process": "re_process_calc",
      "tasks_status": "RUNNING",
      "logger": "nomad.processing",
      "timestamp": "2020-09-24 22:03.07",
      "level": "INFO"
    },
    {
      "exec_time": "0.001819610595703125",
      "step": "metadata",
      "event": "saved calc metadata",
      "task": "archiving",
      "proc": "Calc",
      "process": "re_process_calc",
      "tasks_status": "RUNNING",
      "logger": "nomad.processing",
      "timestamp": "2020-09-24 22:03.07",
      "level": "INFO"
    },
    {
      "exec_time": "0.014801979064941406",
      "step": "index",
      "event": "indexed",
      "task": "archiving",
      "proc": "Calc",
      "process": "re_process_calc",
      "tasks_status": "RUNNING",
      "logger": "nomad.processing",
      "timestamp": "2020-09-24 22:03.07",
      "level": "INFO"
    }
  ],
  "section_experiment": {
    "experiment_publish_time": "2014-07-20T00:00:00",
    "raw_metadata": {
      "id": 21753,
      "title": "Metallic Cobalt",
      "permalink": "https://eelsdb.eu/spectra/metallic-cobalt/",
      "author": {
        "name": "Yuan Zhao",
        "profile_url": "https://eelsdb.eu/author/yuan/",
        "profile_api_url": "https://api.eelsdb.eu/author/yuan/"
      },
      "published": "2014-07-20 00:00:00",
      "description": " Analyst: Yuan Zhao, Robert F. Klie. Temperature: 723.15. ",
      "comment_count": 0,
      "api_permalink": "https://api.eelsdb.eu/spectra/metallic-cobalt/",
      "keywords": [
        "imported from old site"
      ],
      "download_link": "https://eelsdb.eu/wp-content/uploads/2015/09/DspecU7rNYi.msa",
      "type": "Core Loss",
      "formula": "Co",
      "elements": [
        "Co"
      ],
      "microscope": "JEOL2010F",
      "max_energy": "926 eV",
      "min_energy": "414.5 eV",
      "edges": [
        "Co_L2,3"
      ],
      "guntype": "feg Schottky",
      "beamenergy": "200 kV",
      "monochromated": "No",
      "stepSize": "0.5 eV/pixel",
      "convergence": "15 mrad",
      "collection": "28 mrad",
      "integratetime": "5 secs",
      "detector": "GIF: GIF",
      "darkcurrent": "No",
      "gainvariation": "No",
      "reference": {
        "freetext": "Yuan Zhao, Theresa E. Feltes, John R. Regalbuto, Randall J. Meyer, Robert F. Klie, JOURNAL OF APPLIED PHYSICS,108, 063704,2010"
      },
      "other_links": [
        {
          "url": "http://pc-web.cemes.fr/eelsdb/index.php?page=displayspec.php&id=244",
          "title": "Old EELS DB"
        }
      ]
    },
    "section_data": {
      "repository_name": "Electron Energy Loss Spectroscopy (EELS) database",
      "repository_url": "https://eelsdb.eu",
      "entry_repository_url": "https://eelsdb.eu/spectra/metallic-cobalt/"
    },
    "section_method": {
      "data_type": "spectrum",
      "method_name": "electron energy loss spectroscopy",
      "method_abbreviation": "EELS"
    },
    "section_sample": {
      "section_material": {
        "chemical_formula": "Co",
        "chemical_name": "Metallic Cobalt",
        "atom_labels": [
          "Co"
        ]
      }
    }
  },
  "section_metadata": {
    "upload_id": "hSOY_Y0iQjqvoiH-Hu-0xg",
    "calc_id": "3tQuv3oyz3k-kXeJjujTCLFH3Fk9",
    "calc_hash": "C2aSwjnDY9cNIa1X3CCnMv1CX3Mz",
    "mainfile": "ems_data/eelsdb/spectra/metallic-cobal/metadata.json",
    "files": [
      "ems_data/eelsdb/spectra/metallic-cobal/metadata.json",
      "ems_data/eelsdb/spectra/metallic-cobal/data.msa"
    ],
    "domain": "ems",
    "published": true,
    "processed": true,
    "last_processing": "2020-09-24T22:03:07.649726",
    "nomad_version": "1.0.0",
    "nomad_commit": "4d71fee0",
    "parser_name": "parsers/eels",
    "comment": " Analyst: Yuan Zhao, Robert F. Klie. Temperature: 723.15. ",
    "references": [
      "https://eelsdb.eu/spectra/metallic-cobalt/",
      "https://api.eelsdb.eu/spectra/metallic-cobalt/",
      "https://eelsdb.eu/wp-content/uploads/2015/09/DspecU7rNYi.msa",
      "Yuan Zhao, Theresa E. Feltes, John R. Regalbuto, Randall J. Meyer, Robert F. Klie, JOURNAL OF APPLIED PHYSICS,108, 063704,2010"
    ],
    "external_db": "EELSDB",
    "uploader": "05375d3f-87e5-4266-9ec8-e80bfe2a739d",
    "coauthors": [
      {
        "first_name": "Yuan",
        "last_name": "Zhao"
      }
    ],
    "shared_with": [],
    "with_embargo": false,
    "upload_time": "2020-09-07T14:33:37.396000",
    "upload_name": "ems_data.zip",
    "datasets": [
      "zAStTK1PQLaZ9V9krYVzUQ",
      "kpRslScITpW-5O6mlxpzMw"
    ],
    "external_id": "21753",
    "last_edit": "2020-09-07T14:45:09.330000",
    "formula": "Co",
    "atoms": [
      "Co"
    ],
    "n_atoms": 1,
    "ems": {
      "chemical": "Metallic Cobalt",
      "sample_constituents": "unavailable",
      "sample_microstructure": "unavailable",
      "experiment_summary": "None",
      "origin_time": "2014-07-20T00:00:00",
      "method": "electron energy loss spectroscopy",
      "data_type": "spectrum",
      "probing_method": "unavailable",
      "repository_name": "Electron Energy Loss Spectroscopy (EELS) database",
      "repository_url": "https://eelsdb.eu",
      "entry_repository_url": "https://eelsdb.eu/spectra/metallic-cobalt/",
      "preview_url": "None",
      "quantities": [
        "section_method",
        "method_abbreviation",
        "repository_url",
        "raw_metadata",
        "Experiment",
        "entry_repository_url",
        "experiment_publish_time",
        "atom_labels",
        "method_name",
        "section_sample",
        "chemical_name",
        "section_material",
        "data_type",
        "section_data",
        "chemical_formula",
        "repository_name"
      ],
      "group_hash": "uXMfEnvg_9o82ts4dH3qQfpC8jKZ"
    }
  }
}