{
  "processing_logs": [
    {
      "event": "received process function call",
      "task": "None",
      "proc": "Calc",
      "process": "re_process_calc",
      "tasks_status": "PENDING",
      "logger": "nomad.processing",
      "timestamp": "2020-09-24 22:03.07",
      "level": "DEBUG"
    },
    {
      "event": "started process",
      "task": "parsing",
      "proc": "Calc",
      "process": "re_process_calc",
      "tasks_status": "RUNNING",
      "logger": "nomad.processing",
      "timestamp": "2020-09-24 22:03.07",
      "level": "INFO"
    },
    {
      "exec_time": "0.0013158321380615234",
      "input_size": "1783",
      "event": "parser executed",
      "task": "parsing",
      "proc": "Calc",
      "process": "re_process_calc",
      "tasks_status": "RUNNING",
      "parser": "parsers/eels",
      "step": "parsers/eels",
      "logger": "nomad.processing",
      "timestamp": "2020-09-24 22:03.07",
      "level": "INFO"
    },
    {
      "event": "successfully completed task",
      "task": "normalizing",
      "proc": "Calc",
      "process": "re_process_calc",
      "tasks_status": "RUNNING",
      "logger": "nomad.processing",
      "timestamp": "2020-09-24 22:03.07",
      "level": "INFO"
    },
    {
      "event": "successfully completed task",
      "task": "archiving",
      "proc": "Calc",
      "process": "re_process_calc",
      "tasks_status": "RUNNING",
      "logger": "nomad.processing",
      "timestamp": "2020-09-24 22:03.07",
      "level": "INFO"
    },
    {
      "exec_time": "0.0020384788513183594",
      "step": "metadata",
      "event": "saved calc metadata",
      "task": "archiving",
      "proc": "Calc",
      "process": "re_process_calc",
      "tasks_status": "RUNNING",
      "logger": "nomad.processing",
      "timestamp": "2020-09-24 22:03.07",
      "level": "INFO"
    },
    {
      "exec_time": "0.025534629821777344",
      "step": "index",
      "event": "indexed",
      "task": "archiving",
      "proc": "Calc",
      "process": "re_process_calc",
      "tasks_status": "RUNNING",
      "logger": "nomad.processing",
      "timestamp": "2020-09-24 22:03.07",
      "level": "INFO"
    }
  ],
  "section_experiment": {
    "experiment_publish_time": "2008-02-25T00:00:00",
    "raw_metadata": {
      "id": 21731,
      "title": "Helium",
      "permalink": "https://eelsdb.eu/spectra/helium/",
      "author": {
        "name": "Odile Stephan",
        "profile_url": "https://eelsdb.eu/author/stephan/",
        "profile_api_url": "https://api.eelsdb.eu/author/stephan/"
      },
      "published": "2008-02-25 00:00:00",
      "description": "He K line (1s -> 2p) from a pressured He bubble formed in a tritiated PdPt matrix.\r\nThe energy of the K line depends on the pressure (here 22 eV at 0.1 Gpa) . It has to be compared to the value for an isolated atom: 21.218 eV.\r\nThe 1s->3p transition is also visible in the spectrum at 23.8 eV\r\nSee paper for details Analyst: Odile Stephan,Dario Taverna. Temperature: Room. ",
      "comment_count": 0,
      "api_permalink": "https://api.eelsdb.eu/spectra/helium/",
      "keywords": [
        "imported from old site"
      ],
      "download_link": "https://eelsdb.eu/wp-content/uploads/2015/09/Dspecc0KOZx.msa",
      "type": "Core Loss",
      "formula": "He",
      "elements": [
        "He"
      ],
      "microscope": "STEM-VG",
      "max_energy": "32.93 eV",
      "min_energy": "14.98 eV",
      "source_purity": "19.5 nm Helium bubble in an aged tritiated Pd90Pt10 matrix",
      "edges": [
        "He_K"
      ],
      "guntype": "Cold FEG",
      "beamenergy": "100 kV",
      "resolution": "0.7 eV",
      "stepSize": "0.048 eV/pixel",
      "acquisition_mode": "STEM",
      "convergence": "15 mrad",
      "collection": "24 mrad",
      "probesize": "1 nm^2",
      "integratetime": "0.2 secs",
      "readouts": "50",
      "detector": "Parallel: 666 Gatan",
      "darkcurrent": "Yes",
      "gainvariation": "No",
      "reference": {
        "freetext": "S. Taverna, M. Kocia, O.Stephan et al., PRL, 100, 035301, 2008"
      },
      "other_links": [
        {
          "url": "http://pc-web.cemes.fr/eelsdb/index.php?page=displayspec.php&id=221",
          "title": "Old EELS DB"
        }
      ]
    },
    "section_data": {
      "repository_name": "Electron Energy Loss Spectroscopy (EELS) database",
      "repository_url": "https://eelsdb.eu",
      "entry_repository_url": "https://eelsdb.eu/spectra/helium/"
    },
    "section_method": {
      "data_type": "spectrum",
      "method_name": "electron energy loss spectroscopy",
      "method_abbreviation": "EELS"
    },
    "section_sample": {
      "section_material": {
        "chemical_formula": "He",
        "chemical_name": "Helium",
        "atom_labels": [
          "He"
        ]
      }
    }
  },
  "section_metadata": {
    "upload_id": "hSOY_Y0iQjqvoiH-Hu-0xg",
    "calc_id": "4oIFgIyjusttHNd9WAp_E9HkFF31",
    "calc_hash": "yHzLPRAm4L3ib1ZqJlcujRcylVdh",
    "mainfile": "ems_data/eelsdb/spectra/helium/metadata.json",
    "files": [
      "ems_data/eelsdb/spectra/helium/metadata.json",
      "ems_data/eelsdb/spectra/helium/data.msa"
    ],
    "domain": "ems",
    "published": true,
    "processed": true,
    "last_processing": "2020-09-24T22:03:07.135719",
    "nomad_version": "1.0.0",
    "nomad_commit": "4d71fee0",
    "parser_name": "parsers/eels",
    "comment": "He K line (1s -> 2p) from a pressured He bubble formed in a tritiated PdPt matrix.\r\nThe energy of the K line depends on the pressure (here 22 eV at 0.1 Gpa) . It has to be compared to the value for an isolated atom: 21.218 eV.\r\nThe 1s->3p transition is also visible in the spectrum at 23.8 eV\r\nSee paper for details Analyst: Odile Stephan,Dario Taverna. Temperature: Room. ",
    "references": [
      "https://eelsdb.eu/spectra/helium/",
      "https://api.eelsdb.eu/spectra/helium/",
      "https://eelsdb.eu/wp-content/uploads/2015/09/Dspecc0KOZx.msa",
      "S. Taverna, M. Kocia, O.Stephan et al., PRL, 100, 035301, 2008"
    ],
    "external_db": "EELSDB",
    "uploader": "05375d3f-87e5-4266-9ec8-e80bfe2a739d",
    "coauthors": [
      {
        "first_name": "Odile",
        "last_name": "Stephan"
      }
    ],
    "shared_with": [],
    "with_embargo": false,
    "upload_time": "2020-09-07T14:33:37.396000",
    "upload_name": "ems_data.zip",
    "datasets": [
      "zAStTK1PQLaZ9V9krYVzUQ",
      "kpRslScITpW-5O6mlxpzMw"
    ],
    "external_id": "21731",
    "last_edit": "2020-09-07T14:45:09.330000",
    "formula": "He",
    "atoms": [
      "He"
    ],
    "n_atoms": 1,
    "ems": {
      "chemical": "Helium",
      "sample_constituents": "unavailable",
      "sample_microstructure": "unavailable",
      "experiment_summary": "None",
      "origin_time": "2008-02-25T00:00:00",
      "method": "electron energy loss spectroscopy",
      "data_type": "spectrum",
      "probing_method": "unavailable",
      "repository_name": "Electron Energy Loss Spectroscopy (EELS) database",
      "repository_url": "https://eelsdb.eu",
      "entry_repository_url": "https://eelsdb.eu/spectra/helium/",
      "preview_url": "None",
      "quantities": [
        "section_method",
        "method_abbreviation",
        "repository_url",
        "raw_metadata",
        "Experiment",
        "entry_repository_url",
        "experiment_publish_time",
        "atom_labels",
        "method_name",
        "section_sample",
        "chemical_name",
        "section_material",
        "data_type",
        "section_data",
        "chemical_formula",
        "repository_name"
      ],
      "group_hash": "mo02IMdiR9ub44d1CYEXLPFhR66d"
    }
  }
}