{
  "processing_logs": [
    {
      "event": "received process function call",
      "task": "None",
      "proc": "Calc",
      "process": "re_process_calc",
      "tasks_status": "PENDING",
      "logger": "nomad.processing",
      "timestamp": "2020-09-24 22:03.07",
      "level": "DEBUG"
    },
    {
      "event": "started process",
      "task": "parsing",
      "proc": "Calc",
      "process": "re_process_calc",
      "tasks_status": "RUNNING",
      "logger": "nomad.processing",
      "timestamp": "2020-09-24 22:03.07",
      "level": "INFO"
    },
    {
      "exec_time": "0.0037124156951904297",
      "input_size": "2162",
      "event": "parser executed",
      "task": "parsing",
      "proc": "Calc",
      "process": "re_process_calc",
      "tasks_status": "RUNNING",
      "parser": "parsers/eels",
      "step": "parsers/eels",
      "logger": "nomad.processing",
      "timestamp": "2020-09-24 22:03.07",
      "level": "INFO"
    },
    {
      "event": "successfully completed task",
      "task": "normalizing",
      "proc": "Calc",
      "process": "re_process_calc",
      "tasks_status": "RUNNING",
      "logger": "nomad.processing",
      "timestamp": "2020-09-24 22:03.07",
      "level": "INFO"
    },
    {
      "event": "successfully completed task",
      "task": "archiving",
      "proc": "Calc",
      "process": "re_process_calc",
      "tasks_status": "RUNNING",
      "logger": "nomad.processing",
      "timestamp": "2020-09-24 22:03.07",
      "level": "INFO"
    },
    {
      "exec_time": "0.0010650157928466797",
      "step": "metadata",
      "event": "saved calc metadata",
      "task": "archiving",
      "proc": "Calc",
      "process": "re_process_calc",
      "tasks_status": "RUNNING",
      "logger": "nomad.processing",
      "timestamp": "2020-09-24 22:03.07",
      "level": "INFO"
    },
    {
      "exec_time": "0.2605431079864502",
      "step": "index",
      "event": "indexed",
      "task": "archiving",
      "proc": "Calc",
      "process": "re_process_calc",
      "tasks_status": "RUNNING",
      "logger": "nomad.processing",
      "timestamp": "2020-09-24 22:03.07",
      "level": "INFO"
    }
  ],
  "section_experiment": {
    "experiment_publish_time": "2007-11-19T00:00:00",
    "raw_metadata": {
      "id": 21628,
      "title": "Melamine Powder -Irradiated",
      "permalink": "https://eelsdb.eu/spectra/melamine-powder-irradiated/",
      "author": {
        "name": "Susana Trasobares",
        "profile_url": "https://eelsdb.eu/author/strasos/",
        "profile_api_url": "https://api.eelsdb.eu/author/strasos/"
      },
      "published": "2007-11-19 00:00:00",
      "description": "The experiment was performed with the chronospectroscopy mode, every spectrun was acquired using an acquisition time of 9 millisecond. The submitted spectrum is a collection of 10 spectra.\r\nMelamine is really sensitive to beam damage, after 0.4 seconds the origianl melamine spectra is transformed into the spectrun submitted here. Analyst: Susana Trasobares. Temperature: Room. ",
      "comment_count": 0,
      "api_permalink": "https://api.eelsdb.eu/spectra/melamine-powder-irradiated/",
      "keywords": [
        "imported from old site"
      ],
      "download_link": "https://eelsdb.eu/wp-content/uploads/2015/09/DspecvHYEok.msa",
      "type": "Core Loss",
      "formula": "C3N6H6",
      "elements": [
        "C",
        "N",
        "H"
      ],
      "microscope": "VG HB501",
      "max_energy": "457.19 eV",
      "min_energy": "244.41 eV",
      "source_purity": "Aldrich 99%",
      "edges": [
        "C_K"
      ],
      "guntype": "Cold FEG",
      "beamenergy": "100 kV",
      "monochromated": "No",
      "stepSize": "0.208 eV/pixel",
      "convergence": "15 mrad",
      "collection": "24 mrad",
      "probesize": "0.5 nm^2",
      "detector": "Parallel: 666 Gatan",
      "darkcurrent": "Yes",
      "gainvariation": "Yes",
      "reference": {
        "authors": "Susana Trasobares, Christine Kolczewski, Riitta Räty, Niclas Borglund, Arianna Bassan, Gilles Hug, Christian Colliex, Stefan Csillag, Lars G. M. Pettersson",
        "year": "2003",
        "journal": "J. Phys. Chem. A",
        "title": "Monitoring the Decomposition of Melamine in the Solid Phase by Electron Energy Loss Chronospectroscopy",
        "volume": "107",
        "issue": "2",
        "page": "228-235",
        "doi": "10.1021/jp026340j",
        "url": "http://dx.doi.org/10.1021/jp026340j"
      },
      "other_links": [
        {
          "url": "http://pc-web.cemes.fr/eelsdb/index.php?page=displayspec.php&id=115",
          "title": "Old EELS DB"
        }
      ]
    },
    "section_data": {
      "repository_name": "Electron Energy Loss Spectroscopy (EELS) database",
      "repository_url": "https://eelsdb.eu",
      "entry_repository_url": "https://eelsdb.eu/spectra/melamine-powder-irradiated/"
    },
    "section_method": {
      "data_type": "spectrum",
      "method_name": "electron energy loss spectroscopy",
      "method_abbreviation": "EELS"
    },
    "section_sample": {
      "section_material": {
        "chemical_formula": "C3N6H6",
        "chemical_name": "Melamine Powder -Irradiated",
        "atom_labels": [
          "C",
          "N",
          "H"
        ]
      }
    }
  },
  "section_metadata": {
    "upload_id": "hSOY_Y0iQjqvoiH-Hu-0xg",
    "calc_id": "4YnTNVMDt3oomxM2y7DKuB85LIGL",
    "calc_hash": "7VKHkqsFRYsKgtgyVt0nNXHtrSFL",
    "mainfile": "ems_data/eelsdb/spectra/melamine-powder-irradiated/metadata.json",
    "files": [
      "ems_data/eelsdb/spectra/melamine-powder-irradiated/metadata.json",
      "ems_data/eelsdb/spectra/melamine-powder-irradiated/data.msa"
    ],
    "domain": "ems",
    "published": true,
    "processed": true,
    "last_processing": "2020-09-24T22:03:07.650754",
    "nomad_version": "1.0.0",
    "nomad_commit": "4d71fee0",
    "parser_name": "parsers/eels",
    "comment": "The experiment was performed with the chronospectroscopy mode, every spectrun was acquired using an acquisition time of 9 millisecond. The submitted spectrum is a collection of 10 spectra.\r\nMelamine is really sensitive to beam damage, after 0.4 seconds the origianl melamine spectra is transformed into the spectrun submitted here. Analyst: Susana Trasobares. Temperature: Room. ",
    "references": [
      "https://eelsdb.eu/spectra/melamine-powder-irradiated/",
      "https://api.eelsdb.eu/spectra/melamine-powder-irradiated/",
      "https://eelsdb.eu/wp-content/uploads/2015/09/DspecvHYEok.msa",
      "Susana Trasobares, Christine Kolczewski, Riitta Räty, Niclas Borglund, Arianna Bassan, Gilles Hug, Christian Colliex, Stefan Csillag, Lars G. M. Pettersson; 2003; J. Phys. Chem. A; Monitoring the Decomposition of Melamine in the Solid Phase by Electron Energy Loss Chronospectroscopy; 107; 2; 228-235; 10.1021/jp026340j; http://dx.doi.org/10.1021/jp026340j"
    ],
    "external_db": "EELSDB",
    "uploader": "05375d3f-87e5-4266-9ec8-e80bfe2a739d",
    "coauthors": [
      {
        "first_name": "Susana",
        "last_name": "Trasobares"
      }
    ],
    "shared_with": [],
    "with_embargo": false,
    "upload_time": "2020-09-07T14:33:37.396000",
    "upload_name": "ems_data.zip",
    "datasets": [
      "zAStTK1PQLaZ9V9krYVzUQ",
      "kpRslScITpW-5O6mlxpzMw"
    ],
    "external_id": "21628",
    "last_edit": "2020-09-07T14:45:09.330000",
    "formula": "C3N6H6",
    "atoms": [
      "C",
      "H",
      "N"
    ],
    "n_atoms": 3,
    "ems": {
      "chemical": "Melamine Powder -Irradiated",
      "sample_constituents": "unavailable",
      "sample_microstructure": "unavailable",
      "experiment_summary": "None",
      "origin_time": "2007-11-19T00:00:00",
      "method": "electron energy loss spectroscopy",
      "data_type": "spectrum",
      "probing_method": "unavailable",
      "repository_name": "Electron Energy Loss Spectroscopy (EELS) database",
      "repository_url": "https://eelsdb.eu",
      "entry_repository_url": "https://eelsdb.eu/spectra/melamine-powder-irradiated/",
      "preview_url": "None",
      "quantities": [
        "section_method",
        "method_abbreviation",
        "repository_url",
        "raw_metadata",
        "Experiment",
        "entry_repository_url",
        "experiment_publish_time",
        "atom_labels",
        "method_name",
        "section_sample",
        "chemical_name",
        "section_material",
        "data_type",
        "section_data",
        "chemical_formula",
        "repository_name"
      ],
      "group_hash": "8RbeUMHI-xThzkMlQ3BWQspNAEop"
    }
  }
}