{
  "processing_logs": [
    {
      "event": "received process function call",
      "task": "None",
      "proc": "Calc",
      "process": "re_process_calc",
      "tasks_status": "PENDING",
      "logger": "nomad.processing",
      "timestamp": "2020-09-24 22:03.08",
      "level": "DEBUG"
    },
    {
      "event": "started process",
      "task": "parsing",
      "proc": "Calc",
      "process": "re_process_calc",
      "tasks_status": "RUNNING",
      "logger": "nomad.processing",
      "timestamp": "2020-09-24 22:03.08",
      "level": "INFO"
    },
    {
      "exec_time": "0.0007975101470947266",
      "input_size": "1610",
      "event": "parser executed",
      "task": "parsing",
      "proc": "Calc",
      "process": "re_process_calc",
      "tasks_status": "RUNNING",
      "parser": "parsers/eels",
      "step": "parsers/eels",
      "logger": "nomad.processing",
      "timestamp": "2020-09-24 22:03.08",
      "level": "INFO"
    },
    {
      "event": "successfully completed task",
      "task": "normalizing",
      "proc": "Calc",
      "process": "re_process_calc",
      "tasks_status": "RUNNING",
      "logger": "nomad.processing",
      "timestamp": "2020-09-24 22:03.08",
      "level": "INFO"
    },
    {
      "event": "successfully completed task",
      "task": "archiving",
      "proc": "Calc",
      "process": "re_process_calc",
      "tasks_status": "RUNNING",
      "logger": "nomad.processing",
      "timestamp": "2020-09-24 22:03.08",
      "level": "INFO"
    },
    {
      "exec_time": "0.0010671615600585938",
      "step": "metadata",
      "event": "saved calc metadata",
      "task": "archiving",
      "proc": "Calc",
      "process": "re_process_calc",
      "tasks_status": "RUNNING",
      "logger": "nomad.processing",
      "timestamp": "2020-09-24 22:03.08",
      "level": "INFO"
    },
    {
      "exec_time": "0.01011514663696289",
      "step": "index",
      "event": "indexed",
      "task": "archiving",
      "proc": "Calc",
      "process": "re_process_calc",
      "tasks_status": "RUNNING",
      "logger": "nomad.processing",
      "timestamp": "2020-09-24 22:03.08",
      "level": "INFO"
    }
  ],
  "section_experiment": {
    "experiment_publish_time": "2008-01-15T00:00:00",
    "raw_metadata": {
      "id": 21671,
      "title": "vanadium oxide",
      "permalink": "https://eelsdb.eu/spectra/vanadium-oxide-2/",
      "author": {
        "name": "Ferdinand Hofer",
        "profile_url": "https://eelsdb.eu/author/ferdinand-hofer/",
        "profile_api_url": "https://api.eelsdb.eu/author/ferdinand-hofer/"
      },
      "published": "2008-01-15 00:00:00",
      "description": " Analyst: Gerald Kothleitner. Temperature: Room. ",
      "comment_count": 0,
      "api_permalink": "https://api.eelsdb.eu/spectra/vanadium-oxide-2/",
      "keywords": [
        "imported from old site"
      ],
      "download_link": "https://eelsdb.eu/wp-content/uploads/2015/09/DspecT9rL6p.msa",
      "type": "Core Loss",
      "formula": "V2O5",
      "elements": [
        "V",
        "O"
      ],
      "microscope": "Tecnai F20 monochromator",
      "max_energy": "538.46 eV",
      "min_energy": "518 eV",
      "source_purity": "Dangsheng Su, Fitz-Haber-Institute, Berlin",
      "edges": [
        "V_L2,3"
      ],
      "guntype": "feg Schottky",
      "beamenergy": "200 kV",
      "resolution": "0.2 eV",
      "monochromated": "Yes",
      "stepSize": "0.02 eV/pixel",
      "convergence": "2 mrad",
      "collection": "7.5 mrad",
      "detector": "GIF: GIF Tridiem",
      "darkcurrent": "Yes",
      "gainvariation": "Yes",
      "reference": {
        "freetext": "D.S.Su, H.W.Zandbergen,P.C.Tiemeier,G.Kothleiner,et al.,Micron, 34, 235-238, 2003"
      },
      "associated_spectra": [
        {
          "name": "vanadium oxide",
          "link": "https://eelsdb.eu/spectra/vanadium-oxide/",
          "type": "Low Loss"
        }
      ],
      "other_links": [
        {
          "url": "http://pc-web.cemes.fr/eelsdb/index.php?page=displayspec.php&id=160",
          "title": "Old EELS DB"
        }
      ]
    },
    "section_data": {
      "repository_name": "Electron Energy Loss Spectroscopy (EELS) database",
      "repository_url": "https://eelsdb.eu",
      "entry_repository_url": "https://eelsdb.eu/spectra/vanadium-oxide-2/"
    },
    "section_method": {
      "data_type": "spectrum",
      "method_name": "electron energy loss spectroscopy",
      "method_abbreviation": "EELS"
    },
    "section_sample": {
      "section_material": {
        "chemical_formula": "V2O5",
        "chemical_name": "vanadium oxide",
        "atom_labels": [
          "V",
          "O"
        ]
      }
    }
  },
  "section_metadata": {
    "upload_id": "hSOY_Y0iQjqvoiH-Hu-0xg",
    "calc_id": "5ERZTWJLZfXI3-vLkFzB6HNI9lOs",
    "calc_hash": "l11xFylFTCbhbtEJnsdmVUrUdmEf",
    "mainfile": "ems_data/eelsdb/spectra/vanadium-oxide-2/metadata.json",
    "files": [
      "ems_data/eelsdb/spectra/vanadium-oxide-2/metadata.json",
      "ems_data/eelsdb/spectra/vanadium-oxide-2/data.msa"
    ],
    "domain": "ems",
    "published": true,
    "processed": true,
    "last_processing": "2020-09-24T22:03:08.361415",
    "nomad_version": "1.0.0",
    "nomad_commit": "4d71fee0",
    "parser_name": "parsers/eels",
    "comment": " Analyst: Gerald Kothleitner. Temperature: Room. ",
    "references": [
      "https://eelsdb.eu/spectra/vanadium-oxide-2/",
      "https://api.eelsdb.eu/spectra/vanadium-oxide-2/",
      "https://eelsdb.eu/wp-content/uploads/2015/09/DspecT9rL6p.msa",
      "D.S.Su, H.W.Zandbergen,P.C.Tiemeier,G.Kothleiner,et al.,Micron, 34, 235-238, 2003"
    ],
    "external_db": "EELSDB",
    "uploader": "05375d3f-87e5-4266-9ec8-e80bfe2a739d",
    "coauthors": [
      {
        "first_name": "Ferdinand",
        "last_name": "Hofer"
      }
    ],
    "shared_with": [],
    "with_embargo": false,
    "upload_time": "2020-09-07T14:33:37.396000",
    "upload_name": "ems_data.zip",
    "datasets": [
      "zAStTK1PQLaZ9V9krYVzUQ",
      "kpRslScITpW-5O6mlxpzMw"
    ],
    "external_id": "21671",
    "last_edit": "2020-09-07T14:45:09.330000",
    "formula": "V2O5",
    "atoms": [
      "O",
      "V"
    ],
    "n_atoms": 2,
    "ems": {
      "chemical": "vanadium oxide",
      "sample_constituents": "unavailable",
      "sample_microstructure": "unavailable",
      "experiment_summary": "None",
      "origin_time": "2008-01-15T00:00:00",
      "method": "electron energy loss spectroscopy",
      "data_type": "spectrum",
      "probing_method": "unavailable",
      "repository_name": "Electron Energy Loss Spectroscopy (EELS) database",
      "repository_url": "https://eelsdb.eu",
      "entry_repository_url": "https://eelsdb.eu/spectra/vanadium-oxide-2/",
      "preview_url": "None",
      "quantities": [
        "section_method",
        "method_abbreviation",
        "repository_url",
        "raw_metadata",
        "Experiment",
        "entry_repository_url",
        "experiment_publish_time",
        "atom_labels",
        "method_name",
        "section_sample",
        "chemical_name",
        "section_material",
        "data_type",
        "section_data",
        "chemical_formula",
        "repository_name"
      ],
      "group_hash": "_aXPhvsy1dGY9jStDi4hrynOMEgF"
    }
  }
}