{
  "processing_logs": [
    {
      "event": "received process function call",
      "task": "None",
      "proc": "Calc",
      "process": "re_process_calc",
      "tasks_status": "PENDING",
      "logger": "nomad.processing",
      "timestamp": "2020-09-24 22:03.07",
      "level": "DEBUG"
    },
    {
      "event": "started process",
      "task": "parsing",
      "proc": "Calc",
      "process": "re_process_calc",
      "tasks_status": "RUNNING",
      "logger": "nomad.processing",
      "timestamp": "2020-09-24 22:03.07",
      "level": "INFO"
    },
    {
      "exec_time": "0.0007982254028320312",
      "input_size": "2048",
      "event": "parser executed",
      "task": "parsing",
      "proc": "Calc",
      "process": "re_process_calc",
      "tasks_status": "RUNNING",
      "parser": "parsers/eels",
      "step": "parsers/eels",
      "logger": "nomad.processing",
      "timestamp": "2020-09-24 22:03.07",
      "level": "INFO"
    },
    {
      "event": "successfully completed task",
      "task": "normalizing",
      "proc": "Calc",
      "process": "re_process_calc",
      "tasks_status": "RUNNING",
      "logger": "nomad.processing",
      "timestamp": "2020-09-24 22:03.07",
      "level": "INFO"
    },
    {
      "event": "successfully completed task",
      "task": "archiving",
      "proc": "Calc",
      "process": "re_process_calc",
      "tasks_status": "RUNNING",
      "logger": "nomad.processing",
      "timestamp": "2020-09-24 22:03.07",
      "level": "INFO"
    },
    {
      "exec_time": "0.0010144710540771484",
      "step": "metadata",
      "event": "saved calc metadata",
      "task": "archiving",
      "proc": "Calc",
      "process": "re_process_calc",
      "tasks_status": "RUNNING",
      "logger": "nomad.processing",
      "timestamp": "2020-09-24 22:03.07",
      "level": "INFO"
    },
    {
      "exec_time": "0.010325431823730469",
      "step": "index",
      "event": "indexed",
      "task": "archiving",
      "proc": "Calc",
      "process": "re_process_calc",
      "tasks_status": "RUNNING",
      "logger": "nomad.processing",
      "timestamp": "2020-09-24 22:03.07",
      "level": "INFO"
    }
  ],
  "section_experiment": {
    "experiment_publish_time": "2007-11-12T00:00:00",
    "raw_metadata": {
      "id": 21623,
      "title": "Nickel Titanium",
      "permalink": "https://eelsdb.eu/spectra/nickel-titanium-2/",
      "author": {
        "name": "Giovanni Bertoni",
        "profile_url": "https://eelsdb.eu/author/giovanni-bertoni/",
        "profile_api_url": "https://api.eelsdb.eu/author/giovanni-bertoni/"
      },
      "published": "2007-11-12 00:00:00",
      "description": "spectrum calibrated with Ni-L3 edge at 855 eV.\r\nspectrum on a Ti3Ni4 precipitate in a NiTi memory shape alloy, used for quantification.\r\nthe sample can contain small amount of Oxygen due to surface oxydation. Analyst: Giovanni Bertoni. Temperature: Room. BEAM/Crystal: some degrees out of zone axis. ",
      "comment_count": 0,
      "api_permalink": "https://api.eelsdb.eu/spectra/nickel-titanium-2/",
      "keywords": [
        "imported from old site"
      ],
      "download_link": "https://eelsdb.eu/wp-content/uploads/2015/09/DspecacxB3G.msa",
      "type": "Core Loss",
      "formula": "Ti3Ni4",
      "elements": [
        "Ti",
        "Ni"
      ],
      "microscope": "CM30",
      "max_energy": "1365 eV",
      "min_energy": "342 eV",
      "source_purity": "Nickel Titanium memory shape alloy precipitate",
      "edges": [
        "Ti_L2,3"
      ],
      "guntype": "feg Schottky",
      "beamenergy": "300 kV",
      "resolution": "1 eV",
      "stepSize": "1 eV/pixel",
      "acquisition_mode": "Diffraction",
      "convergence": "1 mrad",
      "collection": "4.01 mrad",
      "detector": "Parallel: GIF200",
      "darkcurrent": "Yes",
      "gainvariation": "Yes",
      "thickness": "0.376 t/&lambda;",
      "reference": {
        "freetext": "W. Tirry, D. Schryvers, K. Jorissen, D. Lamoen, Acta Cryst. B 62, 2006, 966-971.\r\nZ. Yang, W. Tirry, D. Lamoen, S. Kulkova, D. Schryvers, Acta Materialia, In Press, 2007.\r\nG. Bertoni, J.Verbeeck, Ultramicroscopy, submitted."
      },
      "associated_spectra": [
        {
          "name": "Nickel Titanium",
          "link": "https://eelsdb.eu/spectra/nickel-titanium/",
          "type": "Low Loss"
        }
      ],
      "other_links": [
        {
          "url": "http://pc-web.cemes.fr/eelsdb/index.php?page=displayspec.php&id=110",
          "title": "Old EELS DB"
        }
      ]
    },
    "section_data": {
      "repository_name": "Electron Energy Loss Spectroscopy (EELS) database",
      "repository_url": "https://eelsdb.eu",
      "entry_repository_url": "https://eelsdb.eu/spectra/nickel-titanium-2/"
    },
    "section_method": {
      "data_type": "spectrum",
      "method_name": "electron energy loss spectroscopy",
      "method_abbreviation": "EELS"
    },
    "section_sample": {
      "section_material": {
        "chemical_formula": "Ti3Ni4",
        "chemical_name": "Nickel Titanium",
        "atom_labels": [
          "Ti",
          "Ni"
        ]
      }
    }
  },
  "section_metadata": {
    "upload_id": "hSOY_Y0iQjqvoiH-Hu-0xg",
    "calc_id": "5Q_kZmszwAbWekaFHjYglV4AtaPG",
    "calc_hash": "x0s7DGuOeBbXg8ky7dP6OAd4WmrF",
    "mainfile": "ems_data/eelsdb/spectra/nickel-titanium-2/metadata.json",
    "files": [
      "ems_data/eelsdb/spectra/nickel-titanium-2/metadata.json",
      "ems_data/eelsdb/spectra/nickel-titanium-2/data.msa"
    ],
    "domain": "ems",
    "published": true,
    "processed": true,
    "last_processing": "2020-09-24T22:03:07.775786",
    "nomad_version": "1.0.0",
    "nomad_commit": "4d71fee0",
    "parser_name": "parsers/eels",
    "comment": "spectrum calibrated with Ni-L3 edge at 855 eV.\r\nspectrum on a Ti3Ni4 precipitate in a NiTi memory shape alloy, used for quantification.\r\nthe sample can contain small amount of Oxygen due to surface oxydation. Analyst: Giovanni Bertoni. Temperature: Room. BEAM/Crystal: some degrees out of zone axis. ",
    "references": [
      "https://eelsdb.eu/spectra/nickel-titanium-2/",
      "https://api.eelsdb.eu/spectra/nickel-titanium-2/",
      "https://eelsdb.eu/wp-content/uploads/2015/09/DspecacxB3G.msa",
      "W. Tirry, D. Schryvers, K. Jorissen, D. Lamoen, Acta Cryst. B 62, 2006, 966-971.; Z. Yang, W. Tirry, D. Lamoen, S. Kulkova, D. Schryvers, Acta Materialia, In Press, 2007.; G. Bertoni, J.Verbeeck, Ultramicroscopy, submitted."
    ],
    "external_db": "EELSDB",
    "uploader": "05375d3f-87e5-4266-9ec8-e80bfe2a739d",
    "coauthors": [
      {
        "first_name": "Giovanni",
        "last_name": "Bertoni"
      }
    ],
    "shared_with": [],
    "with_embargo": false,
    "upload_time": "2020-09-07T14:33:37.396000",
    "upload_name": "ems_data.zip",
    "datasets": [
      "zAStTK1PQLaZ9V9krYVzUQ",
      "kpRslScITpW-5O6mlxpzMw"
    ],
    "external_id": "21623",
    "last_edit": "2020-09-07T14:45:09.330000",
    "formula": "Ti3Ni4",
    "atoms": [
      "Ni",
      "Ti"
    ],
    "n_atoms": 2,
    "ems": {
      "chemical": "Nickel Titanium",
      "sample_constituents": "unavailable",
      "sample_microstructure": "unavailable",
      "experiment_summary": "None",
      "origin_time": "2007-11-12T00:00:00",
      "method": "electron energy loss spectroscopy",
      "data_type": "spectrum",
      "probing_method": "unavailable",
      "repository_name": "Electron Energy Loss Spectroscopy (EELS) database",
      "repository_url": "https://eelsdb.eu",
      "entry_repository_url": "https://eelsdb.eu/spectra/nickel-titanium-2/",
      "preview_url": "None",
      "quantities": [
        "section_method",
        "method_abbreviation",
        "repository_url",
        "raw_metadata",
        "Experiment",
        "entry_repository_url",
        "experiment_publish_time",
        "atom_labels",
        "method_name",
        "section_sample",
        "chemical_name",
        "section_material",
        "data_type",
        "section_data",
        "chemical_formula",
        "repository_name"
      ],
      "group_hash": "iRfwnXnC2Dz1hGoF9biEzuEdMTmy"
    }
  }
}