{
  "processing_logs": [
    {
      "event": "received process function call",
      "task": "None",
      "proc": "Calc",
      "process": "re_process_calc",
      "tasks_status": "PENDING",
      "logger": "nomad.processing",
      "timestamp": "2020-09-24 22:03.06",
      "level": "DEBUG"
    },
    {
      "event": "started process",
      "task": "parsing",
      "proc": "Calc",
      "process": "re_process_calc",
      "tasks_status": "RUNNING",
      "logger": "nomad.processing",
      "timestamp": "2020-09-24 22:03.06",
      "level": "INFO"
    },
    {
      "exec_time": "0.0011725425720214844",
      "input_size": "1439",
      "event": "parser executed",
      "task": "parsing",
      "proc": "Calc",
      "process": "re_process_calc",
      "tasks_status": "RUNNING",
      "parser": "parsers/eels",
      "step": "parsers/eels",
      "logger": "nomad.processing",
      "timestamp": "2020-09-24 22:03.06",
      "level": "INFO"
    },
    {
      "event": "successfully completed task",
      "task": "normalizing",
      "proc": "Calc",
      "process": "re_process_calc",
      "tasks_status": "RUNNING",
      "logger": "nomad.processing",
      "timestamp": "2020-09-24 22:03.06",
      "level": "INFO"
    },
    {
      "event": "successfully completed task",
      "task": "archiving",
      "proc": "Calc",
      "process": "re_process_calc",
      "tasks_status": "RUNNING",
      "logger": "nomad.processing",
      "timestamp": "2020-09-24 22:03.06",
      "level": "INFO"
    },
    {
      "exec_time": "0.0018932819366455078",
      "step": "metadata",
      "event": "saved calc metadata",
      "task": "archiving",
      "proc": "Calc",
      "process": "re_process_calc",
      "tasks_status": "RUNNING",
      "logger": "nomad.processing",
      "timestamp": "2020-09-24 22:03.06",
      "level": "INFO"
    },
    {
      "exec_time": "0.011984825134277344",
      "step": "index",
      "event": "indexed",
      "task": "archiving",
      "proc": "Calc",
      "process": "re_process_calc",
      "tasks_status": "RUNNING",
      "logger": "nomad.processing",
      "timestamp": "2020-09-24 22:03.06",
      "level": "INFO"
    }
  ],
  "section_experiment": {
    "experiment_publish_time": "2005-04-20T00:00:00",
    "raw_metadata": {
      "id": 21536,
      "title": "Chromium carbide",
      "permalink": "https://eelsdb.eu/spectra/chromium-carbide-3/",
      "author": {
        "name": "Dr. Gilles Hug",
        "profile_url": "https://eelsdb.eu/author/gilles-hug/",
        "profile_api_url": "https://api.eelsdb.eu/author/gilles-hug/"
      },
      "published": "2005-04-20 00:00:00",
      "description": "Hug, G., R. Leapman, and M. Jaouen. A study of EELS fine structure in three chromium carbide. in Microbeam Analysis-1995. 1995. Breckenridge: VCH Publishers, Inc. Analyst: R. Leapman. Temperature: Room. ",
      "comment_count": 0,
      "api_permalink": "https://api.eelsdb.eu/spectra/chromium-carbide-3/",
      "keywords": [
        "imported from old site"
      ],
      "download_link": "https://eelsdb.eu/wp-content/uploads/2015/09/Dspec.125834.1.msa",
      "type": "Core Loss",
      "formula": "Cr7C3",
      "elements": [
        "Cr",
        "C"
      ],
      "microscope": "HB501",
      "max_energy": "616.08 eV",
      "min_energy": "513.8 eV",
      "source_purity": "Cr7C3",
      "edges": [
        "Cr_L2,3"
      ],
      "guntype": "FEG",
      "beamenergy": "100 kV",
      "stepSize": "0.1 eV/pixel",
      "acquisition_mode": "STEM",
      "probesize": "1 nm^2",
      "beamcurrent": "1",
      "integratetime": "8 secs",
      "readouts": "5",
      "detector": "Parallel: 666 Gatan",
      "darkcurrent": "No",
      "gainvariation": "Yes",
      "other_links": [
        {
          "url": "http://pc-web.cemes.fr/eelsdb/index.php?page=displayspec.php&id=12",
          "title": "Old EELS DB"
        }
      ]
    },
    "section_data": {
      "repository_name": "Electron Energy Loss Spectroscopy (EELS) database",
      "repository_url": "https://eelsdb.eu",
      "entry_repository_url": "https://eelsdb.eu/spectra/chromium-carbide-3/"
    },
    "section_method": {
      "data_type": "spectrum",
      "method_name": "electron energy loss spectroscopy",
      "method_abbreviation": "EELS"
    },
    "section_sample": {
      "section_material": {
        "chemical_formula": "Cr7C3",
        "chemical_name": "Chromium carbide",
        "atom_labels": [
          "Cr",
          "C"
        ]
      }
    }
  },
  "section_metadata": {
    "upload_id": "hSOY_Y0iQjqvoiH-Hu-0xg",
    "calc_id": "8JyLaz805G3MopA05TeOq-JbF2Ov",
    "calc_hash": "MqYaEKm8Rmcv98RnLpZxGKcnI6LI",
    "mainfile": "ems_data/eelsdb/spectra/chromium-carbide-3/metadata.json",
    "files": [
      "ems_data/eelsdb/spectra/chromium-carbide-3/metadata.json",
      "ems_data/eelsdb/spectra/chromium-carbide-3/data.msa"
    ],
    "domain": "ems",
    "published": true,
    "processed": true,
    "last_processing": "2020-09-24T22:03:06.465179",
    "nomad_version": "1.0.0",
    "nomad_commit": "4d71fee0",
    "parser_name": "parsers/eels",
    "comment": "Hug, G., R. Leapman, and M. Jaouen. A study of EELS fine structure in three chromium carbide. in Microbeam Analysis-1995. 1995. Breckenridge: VCH Publishers, Inc. Analyst: R. Leapman. Temperature: Room. ",
    "references": [
      "https://eelsdb.eu/spectra/chromium-carbide-3/",
      "https://api.eelsdb.eu/spectra/chromium-carbide-3/",
      "https://eelsdb.eu/wp-content/uploads/2015/09/Dspec.125834.1.msa"
    ],
    "external_db": "EELSDB",
    "uploader": "05375d3f-87e5-4266-9ec8-e80bfe2a739d",
    "coauthors": [
      {
        "first_name": "Dr. Gilles",
        "last_name": "Hug"
      }
    ],
    "shared_with": [],
    "with_embargo": false,
    "upload_time": "2020-09-07T14:33:37.396000",
    "upload_name": "ems_data.zip",
    "datasets": [
      "zAStTK1PQLaZ9V9krYVzUQ",
      "kpRslScITpW-5O6mlxpzMw"
    ],
    "external_id": "21536",
    "last_edit": "2020-09-07T14:45:09.330000",
    "formula": "Cr7C3",
    "atoms": [
      "C",
      "Cr"
    ],
    "n_atoms": 2,
    "ems": {
      "chemical": "Chromium carbide",
      "sample_constituents": "unavailable",
      "sample_microstructure": "unavailable",
      "experiment_summary": "None",
      "origin_time": "2005-04-20T00:00:00",
      "method": "electron energy loss spectroscopy",
      "data_type": "spectrum",
      "probing_method": "unavailable",
      "repository_name": "Electron Energy Loss Spectroscopy (EELS) database",
      "repository_url": "https://eelsdb.eu",
      "entry_repository_url": "https://eelsdb.eu/spectra/chromium-carbide-3/",
      "preview_url": "None",
      "quantities": [
        "section_method",
        "method_abbreviation",
        "repository_url",
        "raw_metadata",
        "Experiment",
        "entry_repository_url",
        "experiment_publish_time",
        "atom_labels",
        "method_name",
        "section_sample",
        "chemical_name",
        "section_material",
        "data_type",
        "section_data",
        "chemical_formula",
        "repository_name"
      ],
      "group_hash": "AbsuWWhRgqKxdCl0ClQ67Sk8j9m7"
    }
  }
}