{
  "processing_logs": [
    {
      "event": "received process function call",
      "task": "None",
      "proc": "Calc",
      "process": "re_process_calc",
      "tasks_status": "PENDING",
      "logger": "nomad.processing",
      "timestamp": "2020-09-24 22:03.06",
      "level": "DEBUG"
    },
    {
      "event": "started process",
      "task": "parsing",
      "proc": "Calc",
      "process": "re_process_calc",
      "tasks_status": "RUNNING",
      "logger": "nomad.processing",
      "timestamp": "2020-09-24 22:03.06",
      "level": "INFO"
    },
    {
      "exec_time": "0.0013501644134521484",
      "input_size": "1670",
      "event": "parser executed",
      "task": "parsing",
      "proc": "Calc",
      "process": "re_process_calc",
      "tasks_status": "RUNNING",
      "parser": "parsers/eels",
      "step": "parsers/eels",
      "logger": "nomad.processing",
      "timestamp": "2020-09-24 22:03.06",
      "level": "INFO"
    },
    {
      "event": "successfully completed task",
      "task": "normalizing",
      "proc": "Calc",
      "process": "re_process_calc",
      "tasks_status": "RUNNING",
      "logger": "nomad.processing",
      "timestamp": "2020-09-24 22:03.06",
      "level": "INFO"
    },
    {
      "event": "successfully completed task",
      "task": "archiving",
      "proc": "Calc",
      "process": "re_process_calc",
      "tasks_status": "RUNNING",
      "logger": "nomad.processing",
      "timestamp": "2020-09-24 22:03.06",
      "level": "INFO"
    },
    {
      "exec_time": "0.0020689964294433594",
      "step": "metadata",
      "event": "saved calc metadata",
      "task": "archiving",
      "proc": "Calc",
      "process": "re_process_calc",
      "tasks_status": "RUNNING",
      "logger": "nomad.processing",
      "timestamp": "2020-09-24 22:03.06",
      "level": "INFO"
    },
    {
      "exec_time": "0.024108171463012695",
      "step": "index",
      "event": "indexed",
      "task": "archiving",
      "proc": "Calc",
      "process": "re_process_calc",
      "tasks_status": "RUNNING",
      "logger": "nomad.processing",
      "timestamp": "2020-09-24 22:03.06",
      "level": "INFO"
    }
  ],
  "section_experiment": {
    "experiment_publish_time": "2007-11-19T00:00:00",
    "raw_metadata": {
      "id": 21631,
      "title": "Cerium Praseodymium mixed oxide supported on Al2O3 doped with La2O3",
      "permalink": "https://eelsdb.eu/spectra/cerium-praseodymium-mixed-oxide-supported-on-al2o3-doped-with-la2o3/",
      "author": {
        "name": "Susana Trasobares",
        "profile_url": "https://eelsdb.eu/author/strasos/",
        "profile_api_url": "https://api.eelsdb.eu/author/strasos/"
      },
      "published": "2007-11-19 00:00:00",
      "description": "The Cerium mixed oxide is supported on alumina doped with La2O3, The La signal is coming from the support meanwhile Ce and Pr signal are coming from the nanocrystal Analyst: Susana Trasobares. Temperature: Room.",
      "comment_count": 0,
      "api_permalink": "https://api.eelsdb.eu/spectra/cerium-praseodymium-mixed-oxide-supported-on-al2o3-doped-with-la2o3/",
      "keywords": [
        "imported from old site"
      ],
      "download_link": "https://eelsdb.eu/wp-content/uploads/2016/02/DspecSuXdEW.msa",
      "type": "Core Loss",
      "formula": "CePrOx/Al2O3-La2O3",
      "elements": [
        "Ce",
        "Pr",
        "Al",
        "O",
        "La"
      ],
      "microscope": "JEOL2010F",
      "max_energy": "1065 eV",
      "min_energy": "758.1 eV",
      "edges": [
        "La_M4,5",
        "Ce_M4,5",
        "Pr_M4,5"
      ],
      "guntype": "feg",
      "beamenergy": "200 kV",
      "monochromated": "No",
      "stepSize": "0.3 eV/pixel",
      "convergence": "8 mrad",
      "collection": "24 mrad",
      "probesize": "0.5 nm^2",
      "integratetime": "10 secs",
      "detector": "Parallel: GIF2000",
      "darkcurrent": "Yes",
      "gainvariation": "Yes",
      "calibration": "-",
      "other_links": [
        {
          "url": "http://pc-web.cemes.fr/eelsdb/index.php?page=displayspec.php&id=120",
          "title": "Old EELS DB"
        }
      ]
    },
    "section_data": {
      "repository_name": "Electron Energy Loss Spectroscopy (EELS) database",
      "repository_url": "https://eelsdb.eu",
      "entry_repository_url": "https://eelsdb.eu/spectra/cerium-praseodymium-mixed-oxide-supported-on-al2o3-doped-with-la2o3/"
    },
    "section_method": {
      "data_type": "spectrum",
      "method_name": "electron energy loss spectroscopy",
      "method_abbreviation": "EELS"
    },
    "section_sample": {
      "section_material": {
        "chemical_formula": "CePrOx/Al2O3-La2O3",
        "chemical_name": "Cerium Praseodymium mixed oxide supported on Al2O3 doped with La2O3",
        "atom_labels": [
          "Ce",
          "Pr",
          "Al",
          "O",
          "La"
        ]
      }
    }
  },
  "section_metadata": {
    "upload_id": "hSOY_Y0iQjqvoiH-Hu-0xg",
    "calc_id": "95SkKN0pWkYlVgLElQxwYeCXrVaY",
    "calc_hash": "m2pBWei82ZusjTCpEEpGZeE_kQSc",
    "mainfile": "ems_data/eelsdb/spectra/cerium-praseodymium-mixed-oxide-supported-on-al2o3-doped-with-la2o3/metadata.json",
    "files": [
      "ems_data/eelsdb/spectra/cerium-praseodymium-mixed-oxide-supported-on-al2o3-doped-with-la2o3/metadata.json",
      "ems_data/eelsdb/spectra/cerium-praseodymium-mixed-oxide-supported-on-al2o3-doped-with-la2o3/data.msa"
    ],
    "domain": "ems",
    "published": true,
    "processed": true,
    "last_processing": "2020-09-24T22:03:06.422531",
    "nomad_version": "1.0.0",
    "nomad_commit": "4d71fee0",
    "parser_name": "parsers/eels",
    "comment": "The Cerium mixed oxide is supported on alumina doped with La2O3, The La signal is coming from the support meanwhile Ce and Pr signal are coming from the nanocrystal Analyst: Susana Trasobares. Temperature: Room.",
    "references": [
      "https://eelsdb.eu/spectra/cerium-praseodymium-mixed-oxide-supported-on-al2o3-doped-with-la2o3/",
      "https://api.eelsdb.eu/spectra/cerium-praseodymium-mixed-oxide-supported-on-al2o3-doped-with-la2o3/",
      "https://eelsdb.eu/wp-content/uploads/2016/02/DspecSuXdEW.msa"
    ],
    "external_db": "EELSDB",
    "uploader": "05375d3f-87e5-4266-9ec8-e80bfe2a739d",
    "coauthors": [
      {
        "first_name": "Susana",
        "last_name": "Trasobares"
      }
    ],
    "shared_with": [],
    "with_embargo": false,
    "upload_time": "2020-09-07T14:33:37.396000",
    "upload_name": "ems_data.zip",
    "datasets": [
      "zAStTK1PQLaZ9V9krYVzUQ",
      "kpRslScITpW-5O6mlxpzMw"
    ],
    "external_id": "21631",
    "last_edit": "2020-09-07T14:45:09.330000",
    "formula": "CePrOx/Al2O3-La2O3",
    "atoms": [
      "Al",
      "Ce",
      "La",
      "O",
      "Pr"
    ],
    "n_atoms": 5,
    "ems": {
      "chemical": "Cerium Praseodymium mixed oxide supported on Al2O3 doped with La2O3",
      "sample_constituents": "unavailable",
      "sample_microstructure": "unavailable",
      "experiment_summary": "None",
      "origin_time": "2007-11-19T00:00:00",
      "method": "electron energy loss spectroscopy",
      "data_type": "spectrum",
      "probing_method": "unavailable",
      "repository_name": "Electron Energy Loss Spectroscopy (EELS) database",
      "repository_url": "https://eelsdb.eu",
      "entry_repository_url": "https://eelsdb.eu/spectra/cerium-praseodymium-mixed-oxide-supported-on-al2o3-doped-with-la2o3/",
      "preview_url": "None",
      "quantities": [
        "section_method",
        "method_abbreviation",
        "repository_url",
        "raw_metadata",
        "Experiment",
        "entry_repository_url",
        "experiment_publish_time",
        "atom_labels",
        "method_name",
        "section_sample",
        "chemical_name",
        "section_material",
        "data_type",
        "section_data",
        "chemical_formula",
        "repository_name"
      ],
      "group_hash": "l6dVFeWr1QL6186w1lcR5CjQJrSi"
    }
  }
}