{
  "processing_logs": [
    {
      "event": "received process function call",
      "task": "None",
      "proc": "Calc",
      "process": "re_process_calc",
      "tasks_status": "PENDING",
      "logger": "nomad.processing",
      "timestamp": "2020-09-24 22:03.08",
      "level": "DEBUG"
    },
    {
      "event": "started process",
      "task": "parsing",
      "proc": "Calc",
      "process": "re_process_calc",
      "tasks_status": "RUNNING",
      "logger": "nomad.processing",
      "timestamp": "2020-09-24 22:03.08",
      "level": "INFO"
    },
    {
      "exec_time": "0.0012238025665283203",
      "input_size": "1202",
      "event": "parser executed",
      "task": "parsing",
      "proc": "Calc",
      "process": "re_process_calc",
      "tasks_status": "RUNNING",
      "parser": "parsers/eels",
      "step": "parsers/eels",
      "logger": "nomad.processing",
      "timestamp": "2020-09-24 22:03.08",
      "level": "INFO"
    },
    {
      "event": "successfully completed task",
      "task": "normalizing",
      "proc": "Calc",
      "process": "re_process_calc",
      "tasks_status": "RUNNING",
      "logger": "nomad.processing",
      "timestamp": "2020-09-24 22:03.08",
      "level": "INFO"
    },
    {
      "event": "successfully completed task",
      "task": "archiving",
      "proc": "Calc",
      "process": "re_process_calc",
      "tasks_status": "RUNNING",
      "logger": "nomad.processing",
      "timestamp": "2020-09-24 22:03.08",
      "level": "INFO"
    },
    {
      "exec_time": "0.0010352134704589844",
      "step": "metadata",
      "event": "saved calc metadata",
      "task": "archiving",
      "proc": "Calc",
      "process": "re_process_calc",
      "tasks_status": "RUNNING",
      "logger": "nomad.processing",
      "timestamp": "2020-09-24 22:03.08",
      "level": "INFO"
    },
    {
      "exec_time": "0.013084888458251953",
      "step": "index",
      "event": "indexed",
      "task": "archiving",
      "proc": "Calc",
      "process": "re_process_calc",
      "tasks_status": "RUNNING",
      "logger": "nomad.processing",
      "timestamp": "2020-09-24 22:03.08",
      "level": "INFO"
    }
  ],
  "section_experiment": {
    "experiment_publish_time": "2008-01-21T00:00:00",
    "raw_metadata": {
      "id": 21683,
      "title": "Titanium",
      "permalink": "https://eelsdb.eu/spectra/titanium/",
      "author": {
        "name": "Wilfried Sigle",
        "profile_url": "https://eelsdb.eu/author/wsigle/",
        "profile_api_url": "https://api.eelsdb.eu/author/wsigle/"
      },
      "published": "2008-01-21 00:00:00",
      "description": " Analyst: Zaoli Zhang. Temperature: Room. ",
      "comment_count": 0,
      "api_permalink": "https://api.eelsdb.eu/spectra/titanium/",
      "keywords": [
        "imported from old site"
      ],
      "download_link": "https://eelsdb.eu/wp-content/uploads/2016/03/DspecByKukd.msa",
      "type": "Core Loss",
      "formula": "Ti",
      "elements": [
        "Ti"
      ],
      "microscope": "VG HB501UX",
      "max_energy": "568.6 eV",
      "min_energy": "435 eV",
      "source_purity": "Ti substrate",
      "edges": [
        "Ti_L2,3"
      ],
      "guntype": "Cold FEG",
      "beamenergy": "100 kV",
      "monochromated": "No",
      "stepSize": "0.1 eV/pixel",
      "convergence": "10 mrad",
      "collection": "6.5 mrad",
      "detector": "Parallel: Gatan ENFINA",
      "darkcurrent": "Yes",
      "gainvariation": "Yes",
      "other_links": [
        {
          "url": "http://pc-web.cemes.fr/eelsdb/index.php?page=displayspec.php&id=173",
          "title": "Old EELS DB"
        }
      ]
    },
    "section_data": {
      "repository_name": "Electron Energy Loss Spectroscopy (EELS) database",
      "repository_url": "https://eelsdb.eu",
      "entry_repository_url": "https://eelsdb.eu/spectra/titanium/"
    },
    "section_method": {
      "data_type": "spectrum",
      "method_name": "electron energy loss spectroscopy",
      "method_abbreviation": "EELS"
    },
    "section_sample": {
      "section_material": {
        "chemical_formula": "Ti",
        "chemical_name": "Titanium",
        "atom_labels": [
          "Ti"
        ]
      }
    }
  },
  "section_metadata": {
    "upload_id": "hSOY_Y0iQjqvoiH-Hu-0xg",
    "calc_id": "_4Odxka9v2hiT40xWDo_CdhCb5Qa",
    "calc_hash": "3FCll4gt_ckabgyV9DucLybZNxjk",
    "mainfile": "ems_data/eelsdb/spectra/titanium/metadata.json",
    "files": [
      "ems_data/eelsdb/spectra/titanium/metadata.json",
      "ems_data/eelsdb/spectra/titanium/data.msa"
    ],
    "domain": "ems",
    "published": true,
    "processed": true,
    "last_processing": "2020-09-24T22:03:08.351424",
    "nomad_version": "1.0.0",
    "nomad_commit": "4d71fee0",
    "parser_name": "parsers/eels",
    "comment": " Analyst: Zaoli Zhang. Temperature: Room. ",
    "references": [
      "https://eelsdb.eu/spectra/titanium/",
      "https://api.eelsdb.eu/spectra/titanium/",
      "https://eelsdb.eu/wp-content/uploads/2016/03/DspecByKukd.msa"
    ],
    "external_db": "EELSDB",
    "uploader": "05375d3f-87e5-4266-9ec8-e80bfe2a739d",
    "coauthors": [
      {
        "first_name": "Wilfried",
        "last_name": "Sigle"
      }
    ],
    "shared_with": [],
    "with_embargo": false,
    "upload_time": "2020-09-07T14:33:37.396000",
    "upload_name": "ems_data.zip",
    "datasets": [
      "zAStTK1PQLaZ9V9krYVzUQ",
      "kpRslScITpW-5O6mlxpzMw"
    ],
    "external_id": "21683",
    "last_edit": "2020-09-07T14:45:09.330000",
    "formula": "Ti",
    "atoms": [
      "Ti"
    ],
    "n_atoms": 1,
    "ems": {
      "chemical": "Titanium",
      "sample_constituents": "unavailable",
      "sample_microstructure": "unavailable",
      "experiment_summary": "None",
      "origin_time": "2008-01-21T00:00:00",
      "method": "electron energy loss spectroscopy",
      "data_type": "spectrum",
      "probing_method": "unavailable",
      "repository_name": "Electron Energy Loss Spectroscopy (EELS) database",
      "repository_url": "https://eelsdb.eu",
      "entry_repository_url": "https://eelsdb.eu/spectra/titanium/",
      "preview_url": "None",
      "quantities": [
        "section_method",
        "method_abbreviation",
        "repository_url",
        "raw_metadata",
        "Experiment",
        "entry_repository_url",
        "experiment_publish_time",
        "atom_labels",
        "method_name",
        "section_sample",
        "chemical_name",
        "section_material",
        "data_type",
        "section_data",
        "chemical_formula",
        "repository_name"
      ],
      "group_hash": "yv6PrNNy0BD2uAsA1SeBvUYS8VNz"
    }
  }
}