{
  "processing_logs": [
    {
      "event": "received process function call",
      "task": "None",
      "proc": "Calc",
      "process": "re_process_calc",
      "tasks_status": "PENDING",
      "logger": "nomad.processing",
      "timestamp": "2020-09-24 22:03.07",
      "level": "DEBUG"
    },
    {
      "event": "started process",
      "task": "parsing",
      "proc": "Calc",
      "process": "re_process_calc",
      "tasks_status": "RUNNING",
      "logger": "nomad.processing",
      "timestamp": "2020-09-24 22:03.07",
      "level": "INFO"
    },
    {
      "exec_time": "0.0010273456573486328",
      "input_size": "1593",
      "event": "parser executed",
      "task": "parsing",
      "proc": "Calc",
      "process": "re_process_calc",
      "tasks_status": "RUNNING",
      "parser": "parsers/eels",
      "step": "parsers/eels",
      "logger": "nomad.processing",
      "timestamp": "2020-09-24 22:03.07",
      "level": "INFO"
    },
    {
      "event": "successfully completed task",
      "task": "normalizing",
      "proc": "Calc",
      "process": "re_process_calc",
      "tasks_status": "RUNNING",
      "logger": "nomad.processing",
      "timestamp": "2020-09-24 22:03.07",
      "level": "INFO"
    },
    {
      "event": "successfully completed task",
      "task": "archiving",
      "proc": "Calc",
      "process": "re_process_calc",
      "tasks_status": "RUNNING",
      "logger": "nomad.processing",
      "timestamp": "2020-09-24 22:03.07",
      "level": "INFO"
    },
    {
      "exec_time": "0.0010418891906738281",
      "step": "metadata",
      "event": "saved calc metadata",
      "task": "archiving",
      "proc": "Calc",
      "process": "re_process_calc",
      "tasks_status": "RUNNING",
      "logger": "nomad.processing",
      "timestamp": "2020-09-24 22:03.07",
      "level": "INFO"
    },
    {
      "exec_time": "0.012132644653320312",
      "step": "index",
      "event": "indexed",
      "task": "archiving",
      "proc": "Calc",
      "process": "re_process_calc",
      "tasks_status": "RUNNING",
      "logger": "nomad.processing",
      "timestamp": "2020-09-24 22:03.07",
      "level": "INFO"
    }
  ],
  "section_experiment": {
    "experiment_publish_time": "2009-12-17T00:00:00",
    "raw_metadata": {
      "id": 21750,
      "title": "Iron",
      "permalink": "https://eelsdb.eu/spectra/iron/",
      "author": {
        "name": "Armin Feldhoff",
        "profile_url": "https://eelsdb.eu/author/armin-feldhoff/",
        "profile_api_url": "https://api.eelsdb.eu/author/armin-feldhoff/"
      },
      "published": "2009-12-17 00:00:00",
      "description": "Ion-milled iron wire. Absence of local oxidation was confirmed by EDXS and EELS. Analyst: Armin Feldhoff. Temperature: Room. ",
      "comment_count": 0,
      "api_permalink": "https://api.eelsdb.eu/spectra/iron/",
      "keywords": [
        "imported from old site"
      ],
      "download_link": "https://eelsdb.eu/wp-content/uploads/2015/09/DspecXK1qnF_converted.msa",
      "type": "Core Loss",
      "formula": "Fe",
      "elements": [
        "Fe"
      ],
      "microscope": "JEOL JEM-2100F-UHR",
      "max_energy": "781.5 eV",
      "min_energy": "679.2 eV",
      "source_purity": "Chempur, purity 99.99%",
      "edges": [
        "Fe_L2,3"
      ],
      "guntype": "feg Schottky",
      "beamenergy": "200 kV",
      "stepSize": "0.1 eV/pixel",
      "acquisition_mode": "Imaging",
      "convergence": "10 mrad",
      "collection": "16 mrad",
      "integratetime": "20 secs",
      "readouts": "10",
      "detector": "GIF: GIF 2001",
      "darkcurrent": "Yes",
      "gainvariation": "Yes",
      "reference": {
        "freetext": "A. Feldhoff, J. Martynczuk, M. Arnold, M. Myndyk, I. Bergmann, V. Sepelak, W. Gruner, U. Vogt, A. Hähnel, J. Woltersdorf, Journal of Solid State Chemistry 182, 2961-2971 (2009)"
      },
      "other_links": [
        {
          "url": "http://pc-web.cemes.fr/eelsdb/index.php?page=displayspec.php&id=241",
          "title": "Old EELS DB"
        }
      ]
    },
    "section_data": {
      "repository_name": "Electron Energy Loss Spectroscopy (EELS) database",
      "repository_url": "https://eelsdb.eu",
      "entry_repository_url": "https://eelsdb.eu/spectra/iron/"
    },
    "section_method": {
      "data_type": "spectrum",
      "method_name": "electron energy loss spectroscopy",
      "method_abbreviation": "EELS"
    },
    "section_sample": {
      "section_material": {
        "chemical_formula": "Fe",
        "chemical_name": "Iron",
        "atom_labels": [
          "Fe"
        ]
      }
    }
  },
  "section_metadata": {
    "upload_id": "hSOY_Y0iQjqvoiH-Hu-0xg",
    "calc_id": "_xRyM_1vxP9nkYKIIh0IXjZepj6t",
    "calc_hash": "5egG1SmKUz2XrJ8p-lIf8KruaIbf",
    "mainfile": "ems_data/eelsdb/spectra/iron/metadata.json",
    "files": [
      "ems_data/eelsdb/spectra/iron/metadata.json",
      "ems_data/eelsdb/spectra/iron/data.msa"
    ],
    "domain": "ems",
    "published": true,
    "processed": true,
    "last_processing": "2020-09-24T22:03:07.409202",
    "nomad_version": "1.0.0",
    "nomad_commit": "4d71fee0",
    "parser_name": "parsers/eels",
    "comment": "Ion-milled iron wire. Absence of local oxidation was confirmed by EDXS and EELS. Analyst: Armin Feldhoff. Temperature: Room. ",
    "references": [
      "https://eelsdb.eu/spectra/iron/",
      "https://api.eelsdb.eu/spectra/iron/",
      "https://eelsdb.eu/wp-content/uploads/2015/09/DspecXK1qnF_converted.msa",
      "A. Feldhoff, J. Martynczuk, M. Arnold, M. Myndyk, I. Bergmann, V. Sepelak, W. Gruner, U. Vogt, A. Hähnel, J. Woltersdorf, Journal of Solid State Chemistry 182, 2961-2971 (2009)"
    ],
    "external_db": "EELSDB",
    "uploader": "05375d3f-87e5-4266-9ec8-e80bfe2a739d",
    "coauthors": [
      {
        "first_name": "Armin",
        "last_name": "Feldhoff"
      }
    ],
    "shared_with": [],
    "with_embargo": false,
    "upload_time": "2020-09-07T14:33:37.396000",
    "upload_name": "ems_data.zip",
    "datasets": [
      "zAStTK1PQLaZ9V9krYVzUQ",
      "kpRslScITpW-5O6mlxpzMw"
    ],
    "external_id": "21750",
    "last_edit": "2020-09-07T14:45:09.330000",
    "formula": "Fe",
    "atoms": [
      "Fe"
    ],
    "n_atoms": 1,
    "ems": {
      "chemical": "Iron",
      "sample_constituents": "unavailable",
      "sample_microstructure": "unavailable",
      "experiment_summary": "None",
      "origin_time": "2009-12-17T00:00:00",
      "method": "electron energy loss spectroscopy",
      "data_type": "spectrum",
      "probing_method": "unavailable",
      "repository_name": "Electron Energy Loss Spectroscopy (EELS) database",
      "repository_url": "https://eelsdb.eu",
      "entry_repository_url": "https://eelsdb.eu/spectra/iron/",
      "preview_url": "None",
      "quantities": [
        "section_method",
        "method_abbreviation",
        "repository_url",
        "raw_metadata",
        "Experiment",
        "entry_repository_url",
        "experiment_publish_time",
        "atom_labels",
        "method_name",
        "section_sample",
        "chemical_name",
        "section_material",
        "data_type",
        "section_data",
        "chemical_formula",
        "repository_name"
      ],
      "group_hash": "4D8ZrmiZ2YdY-LlnmUp1PoG17B4L"
    }
  }
}