{
  "processing_logs": [
    {
      "event": "received process function call",
      "task": "None",
      "proc": "Calc",
      "process": "re_process_calc",
      "tasks_status": "PENDING",
      "logger": "nomad.processing",
      "timestamp": "2020-09-24 22:03.08",
      "level": "DEBUG"
    },
    {
      "event": "started process",
      "task": "parsing",
      "proc": "Calc",
      "process": "re_process_calc",
      "tasks_status": "RUNNING",
      "logger": "nomad.processing",
      "timestamp": "2020-09-24 22:03.08",
      "level": "INFO"
    },
    {
      "exec_time": "0.0008270740509033203",
      "input_size": "1424",
      "event": "parser executed",
      "task": "parsing",
      "proc": "Calc",
      "process": "re_process_calc",
      "tasks_status": "RUNNING",
      "parser": "parsers/eels",
      "step": "parsers/eels",
      "logger": "nomad.processing",
      "timestamp": "2020-09-24 22:03.08",
      "level": "INFO"
    },
    {
      "event": "successfully completed task",
      "task": "normalizing",
      "proc": "Calc",
      "process": "re_process_calc",
      "tasks_status": "RUNNING",
      "logger": "nomad.processing",
      "timestamp": "2020-09-24 22:03.08",
      "level": "INFO"
    },
    {
      "event": "successfully completed task",
      "task": "archiving",
      "proc": "Calc",
      "process": "re_process_calc",
      "tasks_status": "RUNNING",
      "logger": "nomad.processing",
      "timestamp": "2020-09-24 22:03.08",
      "level": "INFO"
    },
    {
      "exec_time": "0.0013861656188964844",
      "step": "metadata",
      "event": "saved calc metadata",
      "task": "archiving",
      "proc": "Calc",
      "process": "re_process_calc",
      "tasks_status": "RUNNING",
      "logger": "nomad.processing",
      "timestamp": "2020-09-24 22:03.08",
      "level": "INFO"
    },
    {
      "exec_time": "0.01458597183227539",
      "step": "index",
      "event": "indexed",
      "task": "archiving",
      "proc": "Calc",
      "process": "re_process_calc",
      "tasks_status": "RUNNING",
      "logger": "nomad.processing",
      "timestamp": "2020-09-24 22:03.08",
      "level": "INFO"
    }
  ],
  "section_experiment": {
    "experiment_publish_time": "2016-12-19T13:48:29",
    "raw_metadata": {
      "id": 22059,
      "title": "SrCoO Misfit NT",
      "permalink": "https://eelsdb.eu/spectra/srcoo-misfit-nt/",
      "author": {
        "name": "Luc Lajaunie",
        "profile_url": "https://eelsdb.eu/author/luc-lajaunie/",
        "profile_api_url": "https://api.eelsdb.eu/author/luc-lajaunie/"
      },
      "published": "2016-12-19 13:48:29",
      "description": "",
      "comment_count": 0,
      "api_permalink": "https://api.eelsdb.eu/spectra/srcoo-misfit-nt/",
      "download_link": "https://eelsdb.eu/wp-content/uploads/2016/12/Spectre-centre-EELSDB.msa",
      "type": "Core Loss",
      "formula": "SrCoO",
      "elements": [
        "Sr",
        "Co",
        "O"
      ],
      "microscope": "FEI Titan Low-Base",
      "max_energy": "923.19 eV",
      "min_energy": "235.81 eV",
      "edges": [
        "O_K",
        "Co_L2,3",
        "Sr_M2,3"
      ],
      "guntype": "X-FEG",
      "beamenergy": "200 kV",
      "resolution": "2 eV",
      "monochromated": "No",
      "stepSize": "0.518 eV/pixel",
      "acquisition_mode": "stem",
      "convergence": "18 mrad",
      "collection": "17 mrad",
      "detector": "Gatan Tridiem ESR 865",
      "darkcurrent": "No",
      "gainvariation": "No",
      "reference": {
        "authors": "Leela S. Panchakarla, Luc Lajaunie, Ashwin Ramasubramaniam, Raul Arenal, Reshef Tenne",
        "year": "2016",
        "journal": "Chemistry of Materials",
        "title": "Strontium Cobalt Oxide Misfit Nanotubes",
        "doi": "10.1021/acs.chemmater.6b04396",
        "url": "http://dx.doi.org/10.1021/acs.chemmater.6b04396"
      }
    },
    "section_data": {
      "repository_name": "Electron Energy Loss Spectroscopy (EELS) database",
      "repository_url": "https://eelsdb.eu",
      "entry_repository_url": "https://eelsdb.eu/spectra/srcoo-misfit-nt/"
    },
    "section_method": {
      "data_type": "spectrum",
      "method_name": "electron energy loss spectroscopy",
      "method_abbreviation": "EELS"
    },
    "section_sample": {
      "section_material": {
        "chemical_formula": "SrCoO",
        "chemical_name": "SrCoO Misfit NT",
        "atom_labels": [
          "Sr",
          "Co",
          "O"
        ]
      }
    }
  },
  "section_metadata": {
    "upload_id": "hSOY_Y0iQjqvoiH-Hu-0xg",
    "calc_id": "A5z5TycPORoCjuFtuKke1O_hKM7G",
    "calc_hash": "o2h6_EblHCRAOrCbV55NrxkoRcXT",
    "mainfile": "ems_data/eelsdb/spectra/srcoo-misfit-n/metadata.json",
    "files": [
      "ems_data/eelsdb/spectra/srcoo-misfit-n/metadata.json",
      "ems_data/eelsdb/spectra/srcoo-misfit-n/data.msa"
    ],
    "domain": "ems",
    "published": true,
    "processed": true,
    "last_processing": "2020-09-24T22:03:08.151674",
    "nomad_version": "1.0.0",
    "nomad_commit": "4d71fee0",
    "parser_name": "parsers/eels",
    "comment": "",
    "references": [
      "https://eelsdb.eu/spectra/srcoo-misfit-nt/",
      "https://api.eelsdb.eu/spectra/srcoo-misfit-nt/",
      "https://eelsdb.eu/wp-content/uploads/2016/12/Spectre-centre-EELSDB.msa",
      "Leela S. Panchakarla, Luc Lajaunie, Ashwin Ramasubramaniam, Raul Arenal, Reshef Tenne; 2016; Chemistry of Materials; Strontium Cobalt Oxide Misfit Nanotubes; 10.1021/acs.chemmater.6b04396; http://dx.doi.org/10.1021/acs.chemmater.6b04396"
    ],
    "external_db": "EELSDB",
    "uploader": "05375d3f-87e5-4266-9ec8-e80bfe2a739d",
    "coauthors": [
      {
        "first_name": "Luc",
        "last_name": "Lajaunie"
      }
    ],
    "shared_with": [],
    "with_embargo": false,
    "upload_time": "2020-09-07T14:33:37.396000",
    "upload_name": "ems_data.zip",
    "datasets": [
      "zAStTK1PQLaZ9V9krYVzUQ",
      "kpRslScITpW-5O6mlxpzMw"
    ],
    "external_id": "22059",
    "last_edit": "2020-09-07T14:45:09.330000",
    "formula": "SrCoO",
    "atoms": [
      "Co",
      "O",
      "Sr"
    ],
    "n_atoms": 3,
    "ems": {
      "chemical": "SrCoO Misfit NT",
      "sample_constituents": "unavailable",
      "sample_microstructure": "unavailable",
      "experiment_summary": "None",
      "origin_time": "2016-12-19T13:48:29",
      "method": "electron energy loss spectroscopy",
      "data_type": "spectrum",
      "probing_method": "unavailable",
      "repository_name": "Electron Energy Loss Spectroscopy (EELS) database",
      "repository_url": "https://eelsdb.eu",
      "entry_repository_url": "https://eelsdb.eu/spectra/srcoo-misfit-nt/",
      "preview_url": "None",
      "quantities": [
        "section_method",
        "method_abbreviation",
        "repository_url",
        "raw_metadata",
        "Experiment",
        "entry_repository_url",
        "experiment_publish_time",
        "atom_labels",
        "method_name",
        "section_sample",
        "chemical_name",
        "section_material",
        "data_type",
        "section_data",
        "chemical_formula",
        "repository_name"
      ],
      "group_hash": "26uakDavUNesM_vYCQ8wQlHHKnQn"
    }
  }
}