{
  "processing_logs": [
    {
      "event": "received process function call",
      "task": "None",
      "proc": "Calc",
      "process": "re_process_calc",
      "tasks_status": "PENDING",
      "logger": "nomad.processing",
      "timestamp": "2020-09-24 22:03.08",
      "level": "DEBUG"
    },
    {
      "event": "started process",
      "task": "parsing",
      "proc": "Calc",
      "process": "re_process_calc",
      "tasks_status": "RUNNING",
      "logger": "nomad.processing",
      "timestamp": "2020-09-24 22:03.08",
      "level": "INFO"
    },
    {
      "exec_time": "0.0008165836334228516",
      "input_size": "1486",
      "event": "parser executed",
      "task": "parsing",
      "proc": "Calc",
      "process": "re_process_calc",
      "tasks_status": "RUNNING",
      "parser": "parsers/eels",
      "step": "parsers/eels",
      "logger": "nomad.processing",
      "timestamp": "2020-09-24 22:03.08",
      "level": "INFO"
    },
    {
      "event": "successfully completed task",
      "task": "normalizing",
      "proc": "Calc",
      "process": "re_process_calc",
      "tasks_status": "RUNNING",
      "logger": "nomad.processing",
      "timestamp": "2020-09-24 22:03.08",
      "level": "INFO"
    },
    {
      "event": "successfully completed task",
      "task": "archiving",
      "proc": "Calc",
      "process": "re_process_calc",
      "tasks_status": "RUNNING",
      "logger": "nomad.processing",
      "timestamp": "2020-09-24 22:03.08",
      "level": "INFO"
    },
    {
      "exec_time": "0.001043081283569336",
      "step": "metadata",
      "event": "saved calc metadata",
      "task": "archiving",
      "proc": "Calc",
      "process": "re_process_calc",
      "tasks_status": "RUNNING",
      "logger": "nomad.processing",
      "timestamp": "2020-09-24 22:03.08",
      "level": "INFO"
    },
    {
      "exec_time": "0.01062321662902832",
      "step": "index",
      "event": "indexed",
      "task": "archiving",
      "proc": "Calc",
      "process": "re_process_calc",
      "tasks_status": "RUNNING",
      "logger": "nomad.processing",
      "timestamp": "2020-09-24 22:03.08",
      "level": "INFO"
    }
  ],
  "section_experiment": {
    "experiment_publish_time": "2007-12-18T00:00:00",
    "raw_metadata": {
      "id": 21666,
      "title": "Silicon",
      "permalink": "https://eelsdb.eu/spectra/silicon-7/",
      "author": {
        "name": "Michael Stöger-Pollach",
        "profile_url": "https://eelsdb.eu/author/michaels/",
        "profile_api_url": "https://api.eelsdb.eu/author/michaels/"
      },
      "published": "2007-12-18 00:00:00",
      "description": "Cerenkov losses and light guiding modes are present in the very low loss!\r\nCompare with spectra recorded at other thicknesses in this base. Analyst: M. Stoeger-Pollach. Temperature: Room. ",
      "comment_count": 0,
      "api_permalink": "https://api.eelsdb.eu/spectra/silicon-7/",
      "keywords": [
        "imported from old site"
      ],
      "download_link": "https://eelsdb.eu/wp-content/uploads/2015/09/Dspecshb3tD.msa",
      "type": "Low Loss",
      "formula": "Si",
      "elements": [
        "Si"
      ],
      "microscope": "Tecnai F20 monochromator",
      "max_energy": "20.79 eV",
      "min_energy": "-2.11 eV",
      "source_purity": "99.999%",
      "guntype": "Thermal type FEG ( monochromator was used )",
      "beamenergy": "200 kV",
      "resolution": "0.12 eV",
      "monochromated": "Yes",
      "stepSize": "0.02 eV/pixel",
      "convergence": "0.5 mrad",
      "collection": "0.18 mrad",
      "integratetime": "0.1 secs",
      "readouts": "1",
      "detector": "Parallel: GIF",
      "darkcurrent": "Yes",
      "gainvariation": "Yes",
      "thickness": "3.3 t/&lambda;",
      "other_links": [
        {
          "url": "http://pc-web.cemes.fr/eelsdb/index.php?page=displayspec.php&id=155",
          "title": "Old EELS DB"
        }
      ]
    },
    "section_data": {
      "repository_name": "Electron Energy Loss Spectroscopy (EELS) database",
      "repository_url": "https://eelsdb.eu",
      "entry_repository_url": "https://eelsdb.eu/spectra/silicon-7/"
    },
    "section_method": {
      "data_type": "spectrum",
      "method_name": "electron energy loss spectroscopy",
      "method_abbreviation": "EELS"
    },
    "section_sample": {
      "section_material": {
        "chemical_formula": "Si",
        "chemical_name": "Silicon",
        "atom_labels": [
          "Si"
        ]
      }
    }
  },
  "section_metadata": {
    "upload_id": "hSOY_Y0iQjqvoiH-Hu-0xg",
    "calc_id": "ADEpXMgIOr8_mHfrDU1kvcifv77s",
    "calc_hash": "FvQO2k7gu-CHr10Gb3mypP_MyK6P",
    "mainfile": "ems_data/eelsdb/spectra/silicon-7/metadata.json",
    "files": [
      "ems_data/eelsdb/spectra/silicon-7/metadata.json",
      "ems_data/eelsdb/spectra/silicon-7/data.msa"
    ],
    "domain": "ems",
    "published": true,
    "processed": true,
    "last_processing": "2020-09-24T22:03:08.022565",
    "nomad_version": "1.0.0",
    "nomad_commit": "4d71fee0",
    "parser_name": "parsers/eels",
    "comment": "Cerenkov losses and light guiding modes are present in the very low loss!\r\nCompare with spectra recorded at other thicknesses in this base. Analyst: M. Stoeger-Pollach. Temperature: Room. ",
    "references": [
      "https://eelsdb.eu/spectra/silicon-7/",
      "https://api.eelsdb.eu/spectra/silicon-7/",
      "https://eelsdb.eu/wp-content/uploads/2015/09/Dspecshb3tD.msa"
    ],
    "external_db": "EELSDB",
    "uploader": "05375d3f-87e5-4266-9ec8-e80bfe2a739d",
    "coauthors": [
      {
        "first_name": "Michael",
        "last_name": "Stöger-Pollach"
      }
    ],
    "shared_with": [],
    "with_embargo": false,
    "upload_time": "2020-09-07T14:33:37.396000",
    "upload_name": "ems_data.zip",
    "datasets": [
      "zAStTK1PQLaZ9V9krYVzUQ",
      "kpRslScITpW-5O6mlxpzMw"
    ],
    "external_id": "21666",
    "last_edit": "2020-09-07T14:45:09.330000",
    "formula": "Si",
    "atoms": [
      "Si"
    ],
    "n_atoms": 1,
    "ems": {
      "chemical": "Silicon",
      "sample_constituents": "unavailable",
      "sample_microstructure": "unavailable",
      "experiment_summary": "None",
      "origin_time": "2007-12-18T00:00:00",
      "method": "electron energy loss spectroscopy",
      "data_type": "spectrum",
      "probing_method": "unavailable",
      "repository_name": "Electron Energy Loss Spectroscopy (EELS) database",
      "repository_url": "https://eelsdb.eu",
      "entry_repository_url": "https://eelsdb.eu/spectra/silicon-7/",
      "preview_url": "None",
      "quantities": [
        "section_method",
        "method_abbreviation",
        "repository_url",
        "raw_metadata",
        "Experiment",
        "entry_repository_url",
        "experiment_publish_time",
        "atom_labels",
        "method_name",
        "section_sample",
        "chemical_name",
        "section_material",
        "data_type",
        "section_data",
        "chemical_formula",
        "repository_name"
      ],
      "group_hash": "M2Cnk43w7lYCRUhs7ymwb47FZR30"
    }
  }
}