{
  "processing_logs": [
    {
      "event": "received process function call",
      "task": "None",
      "proc": "Calc",
      "process": "re_process_calc",
      "tasks_status": "PENDING",
      "logger": "nomad.processing",
      "timestamp": "2020-09-24 22:03.08",
      "level": "DEBUG"
    },
    {
      "event": "started process",
      "task": "parsing",
      "proc": "Calc",
      "process": "re_process_calc",
      "tasks_status": "RUNNING",
      "logger": "nomad.processing",
      "timestamp": "2020-09-24 22:03.08",
      "level": "INFO"
    },
    {
      "exec_time": "0.0008068084716796875",
      "input_size": "1591",
      "event": "parser executed",
      "task": "parsing",
      "proc": "Calc",
      "process": "re_process_calc",
      "tasks_status": "RUNNING",
      "parser": "parsers/eels",
      "step": "parsers/eels",
      "logger": "nomad.processing",
      "timestamp": "2020-09-24 22:03.08",
      "level": "INFO"
    },
    {
      "event": "successfully completed task",
      "task": "normalizing",
      "proc": "Calc",
      "process": "re_process_calc",
      "tasks_status": "RUNNING",
      "logger": "nomad.processing",
      "timestamp": "2020-09-24 22:03.08",
      "level": "INFO"
    },
    {
      "event": "successfully completed task",
      "task": "archiving",
      "proc": "Calc",
      "process": "re_process_calc",
      "tasks_status": "RUNNING",
      "logger": "nomad.processing",
      "timestamp": "2020-09-24 22:03.08",
      "level": "INFO"
    },
    {
      "exec_time": "0.001753091812133789",
      "step": "metadata",
      "event": "saved calc metadata",
      "task": "archiving",
      "proc": "Calc",
      "process": "re_process_calc",
      "tasks_status": "RUNNING",
      "logger": "nomad.processing",
      "timestamp": "2020-09-24 22:03.08",
      "level": "INFO"
    },
    {
      "exec_time": "0.013143777847290039",
      "step": "index",
      "event": "indexed",
      "task": "archiving",
      "proc": "Calc",
      "process": "re_process_calc",
      "tasks_status": "RUNNING",
      "logger": "nomad.processing",
      "timestamp": "2020-09-24 22:03.08",
      "level": "INFO"
    }
  ],
  "section_experiment": {
    "experiment_publish_time": "2015-11-29T20:34:49",
    "raw_metadata": {
      "id": 21896,
      "title": "TbS-CrS2 Misfit Nanotube",
      "permalink": "https://eelsdb.eu/spectra/tbs-crs2-nanotube/",
      "author": {
        "name": "Luc Lajaunie",
        "profile_url": "https://eelsdb.eu/author/luc-lajaunie/",
        "profile_api_url": "https://api.eelsdb.eu/author/luc-lajaunie/"
      },
      "published": "2015-11-29 20:34:49",
      "description": "Exact composition unknown, carbon coming from surface contamination.",
      "comment_count": 0,
      "api_permalink": "https://api.eelsdb.eu/spectra/tbs-crs2-nanotube/",
      "download_link": "https://eelsdb.eu/wp-content/uploads/2015/11/S3.msa",
      "type": "Core Loss",
      "formula": "TbS-CrS2",
      "elements": [
        "Tb",
        "S",
        "Cr"
      ],
      "microscope": "FEI Titan Low-Base",
      "max_energy": "673.51 eV",
      "min_energy": "112.63 eV",
      "edges": [
        "S_L2,3",
        "S_L1",
        "Cr_L2,3",
        "Tb_N4,5"
      ],
      "guntype": "X-FEG",
      "beamenergy": "80 kV",
      "resolution": "0.6 eV",
      "monochromated": "No",
      "stepSize": "0.274 eV/pixel",
      "acquisition_mode": "stem",
      "convergence": "25 mrad",
      "collection": "31 mrad",
      "detector": "Gatan Tridiem ESR 865",
      "darkcurrent": "Yes",
      "gainvariation": "Yes",
      "calibration": "low loss + drift tube",
      "reference": {
        "authors": "Leela S. Panchakarla, Luc Lajaunie, Reshef Tenne, Raul Arenal",
        "year": "2015",
        "journal": "J. Phys. Chem. C",
        "title": "Atomic Structural Studies on Thin Single-Crystalline Misfit-Layered Nanotubes of TbS-CrS 2",
        "page": "150810161124005",
        "doi": "10.1021/acs.jpcc.5b05811",
        "url": "http://dx.doi.org/10.1021/acs.jpcc.5b05811"
      }
    },
    "section_data": {
      "repository_name": "Electron Energy Loss Spectroscopy (EELS) database",
      "repository_url": "https://eelsdb.eu",
      "entry_repository_url": "https://eelsdb.eu/spectra/tbs-crs2-nanotube/"
    },
    "section_method": {
      "data_type": "spectrum",
      "method_name": "electron energy loss spectroscopy",
      "method_abbreviation": "EELS"
    },
    "section_sample": {
      "section_material": {
        "chemical_formula": "TbS-CrS2",
        "chemical_name": "TbS-CrS2 Misfit Nanotube",
        "atom_labels": [
          "Tb",
          "S",
          "Cr"
        ]
      }
    }
  },
  "section_metadata": {
    "upload_id": "hSOY_Y0iQjqvoiH-Hu-0xg",
    "calc_id": "ArSWr6j2jz5Ti17erbFoJKMrFOgp",
    "calc_hash": "lCCv9QZdCITLUrDGxUGSWVCPkMvZ",
    "mainfile": "ems_data/eelsdb/spectra/tbs-crs2-nanotube/metadata.json",
    "files": [
      "ems_data/eelsdb/spectra/tbs-crs2-nanotube/metadata.json",
      "ems_data/eelsdb/spectra/tbs-crs2-nanotube/data.msa"
    ],
    "domain": "ems",
    "published": true,
    "processed": true,
    "last_processing": "2020-09-24T22:03:08.251775",
    "nomad_version": "1.0.0",
    "nomad_commit": "4d71fee0",
    "parser_name": "parsers/eels",
    "comment": "Exact composition unknown, carbon coming from surface contamination.",
    "references": [
      "https://eelsdb.eu/spectra/tbs-crs2-nanotube/",
      "https://api.eelsdb.eu/spectra/tbs-crs2-nanotube/",
      "https://eelsdb.eu/wp-content/uploads/2015/11/S3.msa",
      "Leela S. Panchakarla, Luc Lajaunie, Reshef Tenne, Raul Arenal; 2015; J. Phys. Chem. C; Atomic Structural Studies on Thin Single-Crystalline Misfit-Layered Nanotubes of TbS-CrS 2; 150810161124005; 10.1021/acs.jpcc.5b05811; http://dx.doi.org/10.1021/acs.jpcc.5b05811"
    ],
    "external_db": "EELSDB",
    "uploader": "05375d3f-87e5-4266-9ec8-e80bfe2a739d",
    "coauthors": [
      {
        "first_name": "Luc",
        "last_name": "Lajaunie"
      }
    ],
    "shared_with": [],
    "with_embargo": false,
    "upload_time": "2020-09-07T14:33:37.396000",
    "upload_name": "ems_data.zip",
    "datasets": [
      "zAStTK1PQLaZ9V9krYVzUQ",
      "kpRslScITpW-5O6mlxpzMw"
    ],
    "external_id": "21896",
    "last_edit": "2020-09-07T14:45:09.330000",
    "formula": "TbS-CrS2",
    "atoms": [
      "Cr",
      "S",
      "Tb"
    ],
    "n_atoms": 3,
    "ems": {
      "chemical": "TbS-CrS2 Misfit Nanotube",
      "sample_constituents": "unavailable",
      "sample_microstructure": "unavailable",
      "experiment_summary": "None",
      "origin_time": "2015-11-29T20:34:49",
      "method": "electron energy loss spectroscopy",
      "data_type": "spectrum",
      "probing_method": "unavailable",
      "repository_name": "Electron Energy Loss Spectroscopy (EELS) database",
      "repository_url": "https://eelsdb.eu",
      "entry_repository_url": "https://eelsdb.eu/spectra/tbs-crs2-nanotube/",
      "preview_url": "None",
      "quantities": [
        "section_method",
        "method_abbreviation",
        "repository_url",
        "raw_metadata",
        "Experiment",
        "entry_repository_url",
        "experiment_publish_time",
        "atom_labels",
        "method_name",
        "section_sample",
        "chemical_name",
        "section_material",
        "data_type",
        "section_data",
        "chemical_formula",
        "repository_name"
      ],
      "group_hash": "fKlCAGvEuIdyHxN9gNNwGHb6X0Hs"
    }
  }
}