{
  "processing_logs": [
    {
      "event": "received process function call",
      "task": "None",
      "proc": "Calc",
      "process": "re_process_calc",
      "tasks_status": "PENDING",
      "logger": "nomad.processing",
      "timestamp": "2020-09-24 22:03.06",
      "level": "DEBUG"
    },
    {
      "event": "started process",
      "task": "parsing",
      "proc": "Calc",
      "process": "re_process_calc",
      "tasks_status": "RUNNING",
      "logger": "nomad.processing",
      "timestamp": "2020-09-24 22:03.06",
      "level": "INFO"
    },
    {
      "exec_time": "0.0012073516845703125",
      "input_size": "1643",
      "event": "parser executed",
      "task": "parsing",
      "proc": "Calc",
      "process": "re_process_calc",
      "tasks_status": "RUNNING",
      "parser": "parsers/eels",
      "step": "parsers/eels",
      "logger": "nomad.processing",
      "timestamp": "2020-09-24 22:03.06",
      "level": "INFO"
    },
    {
      "event": "successfully completed task",
      "task": "normalizing",
      "proc": "Calc",
      "process": "re_process_calc",
      "tasks_status": "RUNNING",
      "logger": "nomad.processing",
      "timestamp": "2020-09-24 22:03.06",
      "level": "INFO"
    },
    {
      "event": "successfully completed task",
      "task": "archiving",
      "proc": "Calc",
      "process": "re_process_calc",
      "tasks_status": "RUNNING",
      "logger": "nomad.processing",
      "timestamp": "2020-09-24 22:03.06",
      "level": "INFO"
    },
    {
      "exec_time": "0.0019450187683105469",
      "step": "metadata",
      "event": "saved calc metadata",
      "task": "archiving",
      "proc": "Calc",
      "process": "re_process_calc",
      "tasks_status": "RUNNING",
      "logger": "nomad.processing",
      "timestamp": "2020-09-24 22:03.06",
      "level": "INFO"
    },
    {
      "exec_time": "0.01451420783996582",
      "step": "index",
      "event": "indexed",
      "task": "archiving",
      "proc": "Calc",
      "process": "re_process_calc",
      "tasks_status": "RUNNING",
      "logger": "nomad.processing",
      "timestamp": "2020-09-24 22:03.06",
      "level": "INFO"
    }
  ],
  "section_experiment": {
    "experiment_publish_time": "2005-04-20T00:00:00",
    "raw_metadata": {
      "id": 21539,
      "title": "Cubic boron nitride",
      "permalink": "https://eelsdb.eu/spectra/cubic-boron-nitride/",
      "author": {
        "name": "Dr. Gilles Hug",
        "profile_url": "https://eelsdb.eu/author/gilles-hug/",
        "profile_api_url": "https://api.eelsdb.eu/author/gilles-hug/"
      },
      "published": "2005-04-20 00:00:00",
      "description": "plural scattering corrected Analyst: Gilles Hug. Temperature: 100. ",
      "comment_count": 0,
      "api_permalink": "https://api.eelsdb.eu/spectra/cubic-boron-nitride/",
      "keywords": [
        "imported from old site"
      ],
      "download_link": "https://eelsdb.eu/wp-content/uploads/2015/09/Dspec.60967.1.msa",
      "type": "Core Loss",
      "formula": "c-BN",
      "elements": [
        "B",
        "N"
      ],
      "microscope": "Jeol 4000FX",
      "max_energy": "262.2 eV",
      "min_energy": "167.7 eV",
      "source_purity": "synthesis @ high pressure (G. Demazeau ICMCB Bordeaux)",
      "edges": [
        "B_K"
      ],
      "guntype": "LaB6",
      "beamenergy": "400 kV",
      "resolution": "1.8 eV",
      "stepSize": "0.1 eV/pixel",
      "acquisition_mode": "Diffraction",
      "convergence": "1.5 mrad",
      "collection": "1.5 mrad",
      "detector": "Parallel: 666 Gatan",
      "darkcurrent": "Yes",
      "gainvariation": "Yes",
      "thickness": "0.275 t/&lambda;",
      "reference": {
        "freetext": "M. Jaouen, G. Hug, V. Gonnet, G. Demazeau, G. Tourillon, An EELS and XAS study of cubic Boron Nitride synthezized under high pressure-high temperature conditions. Microsc. Microanal. Microstruc. 6: p. 127-139, 1995."
      },
      "other_links": [
        {
          "url": "http://pc-web.cemes.fr/eelsdb/index.php?page=displayspec.php&id=15",
          "title": "Old EELS DB"
        }
      ]
    },
    "section_data": {
      "repository_name": "Electron Energy Loss Spectroscopy (EELS) database",
      "repository_url": "https://eelsdb.eu",
      "entry_repository_url": "https://eelsdb.eu/spectra/cubic-boron-nitride/"
    },
    "section_method": {
      "data_type": "spectrum",
      "method_name": "electron energy loss spectroscopy",
      "method_abbreviation": "EELS"
    },
    "section_sample": {
      "section_material": {
        "chemical_formula": "c-BN",
        "chemical_name": "Cubic boron nitride",
        "atom_labels": [
          "B",
          "N"
        ]
      }
    }
  },
  "section_metadata": {
    "upload_id": "hSOY_Y0iQjqvoiH-Hu-0xg",
    "calc_id": "B0rNO0ngjaRE9W6lwS-zB11Aa6gO",
    "calc_hash": "T5XYhxM9D0VD48f0oyqGLtxl5god",
    "mainfile": "ems_data/eelsdb/spectra/cubic-boron-nitride/metadata.json",
    "files": [
      "ems_data/eelsdb/spectra/cubic-boron-nitride/metadata.json",
      "ems_data/eelsdb/spectra/cubic-boron-nitride/data.msa"
    ],
    "domain": "ems",
    "published": true,
    "processed": true,
    "last_processing": "2020-09-24T22:03:06.819918",
    "nomad_version": "1.0.0",
    "nomad_commit": "4d71fee0",
    "parser_name": "parsers/eels",
    "comment": "plural scattering corrected Analyst: Gilles Hug. Temperature: 100. ",
    "references": [
      "https://eelsdb.eu/spectra/cubic-boron-nitride/",
      "https://api.eelsdb.eu/spectra/cubic-boron-nitride/",
      "https://eelsdb.eu/wp-content/uploads/2015/09/Dspec.60967.1.msa",
      "M. Jaouen, G. Hug, V. Gonnet, G. Demazeau, G. Tourillon, An EELS and XAS study of cubic Boron Nitride synthezized under high pressure-high temperature conditions. Microsc. Microanal. Microstruc. 6: p. 127-139, 1995."
    ],
    "external_db": "EELSDB",
    "uploader": "05375d3f-87e5-4266-9ec8-e80bfe2a739d",
    "coauthors": [
      {
        "first_name": "Dr. Gilles",
        "last_name": "Hug"
      }
    ],
    "shared_with": [],
    "with_embargo": false,
    "upload_time": "2020-09-07T14:33:37.396000",
    "upload_name": "ems_data.zip",
    "datasets": [
      "zAStTK1PQLaZ9V9krYVzUQ",
      "kpRslScITpW-5O6mlxpzMw"
    ],
    "external_id": "21539",
    "last_edit": "2020-09-07T14:45:09.330000",
    "formula": "c-BN",
    "atoms": [
      "B",
      "N"
    ],
    "n_atoms": 2,
    "ems": {
      "chemical": "Cubic boron nitride",
      "sample_constituents": "unavailable",
      "sample_microstructure": "unavailable",
      "experiment_summary": "None",
      "origin_time": "2005-04-20T00:00:00",
      "method": "electron energy loss spectroscopy",
      "data_type": "spectrum",
      "probing_method": "unavailable",
      "repository_name": "Electron Energy Loss Spectroscopy (EELS) database",
      "repository_url": "https://eelsdb.eu",
      "entry_repository_url": "https://eelsdb.eu/spectra/cubic-boron-nitride/",
      "preview_url": "None",
      "quantities": [
        "section_method",
        "method_abbreviation",
        "repository_url",
        "raw_metadata",
        "Experiment",
        "entry_repository_url",
        "experiment_publish_time",
        "atom_labels",
        "method_name",
        "section_sample",
        "chemical_name",
        "section_material",
        "data_type",
        "section_data",
        "chemical_formula",
        "repository_name"
      ],
      "group_hash": "CTa-q6o42n0A9A_KoHf127OSt2k1"
    }
  }
}