{
  "processing_logs": [
    {
      "event": "received process function call",
      "task": "None",
      "proc": "Calc",
      "process": "re_process_calc",
      "tasks_status": "PENDING",
      "logger": "nomad.processing",
      "timestamp": "2020-09-24 22:03.07",
      "level": "DEBUG"
    },
    {
      "event": "started process",
      "task": "parsing",
      "proc": "Calc",
      "process": "re_process_calc",
      "tasks_status": "RUNNING",
      "logger": "nomad.processing",
      "timestamp": "2020-09-24 22:03.07",
      "level": "INFO"
    },
    {
      "exec_time": "0.0008153915405273438",
      "input_size": "1620",
      "event": "parser executed",
      "task": "parsing",
      "proc": "Calc",
      "process": "re_process_calc",
      "tasks_status": "RUNNING",
      "parser": "parsers/eels",
      "step": "parsers/eels",
      "logger": "nomad.processing",
      "timestamp": "2020-09-24 22:03.07",
      "level": "INFO"
    },
    {
      "event": "successfully completed task",
      "task": "normalizing",
      "proc": "Calc",
      "process": "re_process_calc",
      "tasks_status": "RUNNING",
      "logger": "nomad.processing",
      "timestamp": "2020-09-24 22:03.07",
      "level": "INFO"
    },
    {
      "event": "successfully completed task",
      "task": "archiving",
      "proc": "Calc",
      "process": "re_process_calc",
      "tasks_status": "RUNNING",
      "logger": "nomad.processing",
      "timestamp": "2020-09-24 22:03.07",
      "level": "INFO"
    },
    {
      "exec_time": "0.0019922256469726562",
      "step": "metadata",
      "event": "saved calc metadata",
      "task": "archiving",
      "proc": "Calc",
      "process": "re_process_calc",
      "tasks_status": "RUNNING",
      "logger": "nomad.processing",
      "timestamp": "2020-09-24 22:03.07",
      "level": "INFO"
    },
    {
      "exec_time": "0.011638641357421875",
      "step": "index",
      "event": "indexed",
      "task": "archiving",
      "proc": "Calc",
      "process": "re_process_calc",
      "tasks_status": "RUNNING",
      "logger": "nomad.processing",
      "timestamp": "2020-09-24 22:03.07",
      "level": "INFO"
    }
  ],
  "section_experiment": {
    "experiment_publish_time": "2008-01-19T00:00:00",
    "raw_metadata": {
      "id": 21673,
      "title": "Lanathanum Cobalt Oxide",
      "permalink": "https://eelsdb.eu/spectra/lanathanum-cobalt-oxide/",
      "author": {
        "name": "Ferdinand Hofer",
        "profile_url": "https://eelsdb.eu/author/ferdinand-hofer/",
        "profile_api_url": "https://api.eelsdb.eu/author/ferdinand-hofer/"
      },
      "published": "2008-01-19 00:00:00",
      "description": "Not calibrated Analyst: Irmgrad Rom, Ferdinand Hofer. Temperature: Room. ",
      "comment_count": 0,
      "api_permalink": "https://api.eelsdb.eu/spectra/lanathanum-cobalt-oxide/",
      "keywords": [
        "imported from old site"
      ],
      "download_link": "https://eelsdb.eu/wp-content/uploads/2015/09/DspecjCEOHt.msa",
      "type": "Core Loss",
      "formula": "LaCoO3",
      "elements": [
        "La",
        "Co",
        "O"
      ],
      "microscope": "Philips CM20",
      "max_energy": "966.5 eV",
      "min_energy": "455 eV",
      "source_purity": "stoechiometric phase",
      "edges": [
        "O_K",
        "La_M4,5",
        "Co_L2,3",
        "Co_L1"
      ],
      "guntype": "LaB6",
      "beamenergy": "200 kV",
      "resolution": "2 eV",
      "monochromated": "No",
      "stepSize": "0.5 eV/pixel",
      "convergence": "1.5 mrad",
      "collection": "7.5 mrad",
      "integratetime": "20 secs",
      "detector": "Parallel: GIF200",
      "darkcurrent": "Yes",
      "gainvariation": "Yes",
      "thickness": "1 t/&lambda;",
      "associated_spectra": [
        {
          "name": "Lanthanum Cobalt Oxide",
          "link": "https://eelsdb.eu/spectra/lanthanum-cobalt-oxide/",
          "type": "Low Loss"
        }
      ],
      "other_links": [
        {
          "url": "http://pc-web.cemes.fr/eelsdb/index.php?page=displayspec.php&id=162",
          "title": "Old EELS DB"
        }
      ]
    },
    "section_data": {
      "repository_name": "Electron Energy Loss Spectroscopy (EELS) database",
      "repository_url": "https://eelsdb.eu",
      "entry_repository_url": "https://eelsdb.eu/spectra/lanathanum-cobalt-oxide/"
    },
    "section_method": {
      "data_type": "spectrum",
      "method_name": "electron energy loss spectroscopy",
      "method_abbreviation": "EELS"
    },
    "section_sample": {
      "section_material": {
        "chemical_formula": "LaCoO3",
        "chemical_name": "Lanathanum Cobalt Oxide",
        "atom_labels": [
          "La",
          "Co",
          "O"
        ]
      }
    }
  },
  "section_metadata": {
    "upload_id": "hSOY_Y0iQjqvoiH-Hu-0xg",
    "calc_id": "B5hs6xziTwDadsc29KbKz3nS7Io0",
    "calc_hash": "oSAbfyL4eRLSjbobhNFgnBlOGz9e",
    "mainfile": "ems_data/eelsdb/spectra/lanathanum-cobalt-oxide/metadata.json",
    "files": [
      "ems_data/eelsdb/spectra/lanathanum-cobalt-oxide/metadata.json",
      "ems_data/eelsdb/spectra/lanathanum-cobalt-oxide/data.msa"
    ],
    "domain": "ems",
    "published": true,
    "processed": true,
    "last_processing": "2020-09-24T22:03:07.541456",
    "nomad_version": "1.0.0",
    "nomad_commit": "4d71fee0",
    "parser_name": "parsers/eels",
    "comment": "Not calibrated Analyst: Irmgrad Rom, Ferdinand Hofer. Temperature: Room. ",
    "references": [
      "https://eelsdb.eu/spectra/lanathanum-cobalt-oxide/",
      "https://api.eelsdb.eu/spectra/lanathanum-cobalt-oxide/",
      "https://eelsdb.eu/wp-content/uploads/2015/09/DspecjCEOHt.msa"
    ],
    "external_db": "EELSDB",
    "uploader": "05375d3f-87e5-4266-9ec8-e80bfe2a739d",
    "coauthors": [
      {
        "first_name": "Ferdinand",
        "last_name": "Hofer"
      }
    ],
    "shared_with": [],
    "with_embargo": false,
    "upload_time": "2020-09-07T14:33:37.396000",
    "upload_name": "ems_data.zip",
    "datasets": [
      "zAStTK1PQLaZ9V9krYVzUQ",
      "kpRslScITpW-5O6mlxpzMw"
    ],
    "external_id": "21673",
    "last_edit": "2020-09-07T14:45:09.330000",
    "formula": "LaCoO3",
    "atoms": [
      "Co",
      "La",
      "O"
    ],
    "n_atoms": 3,
    "ems": {
      "chemical": "Lanathanum Cobalt Oxide",
      "sample_constituents": "unavailable",
      "sample_microstructure": "unavailable",
      "experiment_summary": "None",
      "origin_time": "2008-01-19T00:00:00",
      "method": "electron energy loss spectroscopy",
      "data_type": "spectrum",
      "probing_method": "unavailable",
      "repository_name": "Electron Energy Loss Spectroscopy (EELS) database",
      "repository_url": "https://eelsdb.eu",
      "entry_repository_url": "https://eelsdb.eu/spectra/lanathanum-cobalt-oxide/",
      "preview_url": "None",
      "quantities": [
        "section_method",
        "method_abbreviation",
        "repository_url",
        "raw_metadata",
        "Experiment",
        "entry_repository_url",
        "experiment_publish_time",
        "atom_labels",
        "method_name",
        "section_sample",
        "chemical_name",
        "section_material",
        "data_type",
        "section_data",
        "chemical_formula",
        "repository_name"
      ],
      "group_hash": "KOEEYBniAKWCc47eO3_ICIQFU-gu"
    }
  }
}