{
  "processing_logs": [
    {
      "event": "received process function call",
      "task": "None",
      "proc": "Calc",
      "process": "re_process_calc",
      "tasks_status": "PENDING",
      "logger": "nomad.processing",
      "timestamp": "2020-09-24 22:03.08",
      "level": "DEBUG"
    },
    {
      "event": "started process",
      "task": "parsing",
      "proc": "Calc",
      "process": "re_process_calc",
      "tasks_status": "RUNNING",
      "logger": "nomad.processing",
      "timestamp": "2020-09-24 22:03.08",
      "level": "INFO"
    },
    {
      "exec_time": "0.0007987022399902344",
      "input_size": "1439",
      "event": "parser executed",
      "task": "parsing",
      "proc": "Calc",
      "process": "re_process_calc",
      "tasks_status": "RUNNING",
      "parser": "parsers/eels",
      "step": "parsers/eels",
      "logger": "nomad.processing",
      "timestamp": "2020-09-24 22:03.08",
      "level": "INFO"
    },
    {
      "event": "successfully completed task",
      "task": "normalizing",
      "proc": "Calc",
      "process": "re_process_calc",
      "tasks_status": "RUNNING",
      "logger": "nomad.processing",
      "timestamp": "2020-09-24 22:03.08",
      "level": "INFO"
    },
    {
      "event": "successfully completed task",
      "task": "archiving",
      "proc": "Calc",
      "process": "re_process_calc",
      "tasks_status": "RUNNING",
      "logger": "nomad.processing",
      "timestamp": "2020-09-24 22:03.08",
      "level": "INFO"
    },
    {
      "exec_time": "0.0010194778442382812",
      "step": "metadata",
      "event": "saved calc metadata",
      "task": "archiving",
      "proc": "Calc",
      "process": "re_process_calc",
      "tasks_status": "RUNNING",
      "logger": "nomad.processing",
      "timestamp": "2020-09-24 22:03.08",
      "level": "INFO"
    },
    {
      "exec_time": "0.01030588150024414",
      "step": "index",
      "event": "indexed",
      "task": "archiving",
      "proc": "Calc",
      "process": "re_process_calc",
      "tasks_status": "RUNNING",
      "logger": "nomad.processing",
      "timestamp": "2020-09-24 22:03.08",
      "level": "INFO"
    }
  ],
  "section_experiment": {
    "experiment_publish_time": "2017-07-05T14:40:56",
    "raw_metadata": {
      "id": 22081,
      "title": "Tin",
      "permalink": "https://eelsdb.eu/spectra/tin/",
      "author": {
        "name": "Ian MacLaren",
        "profile_url": "https://eelsdb.eu/author/maclariz/",
        "profile_api_url": "https://api.eelsdb.eu/author/maclariz/"
      },
      "published": "2017-07-05 14:40:56",
      "description": "",
      "comment_count": 0,
      "api_permalink": "https://api.eelsdb.eu/spectra/tin/",
      "download_link": "https://eelsdb.eu/wp-content/uploads/2017/07/Sn-Deconvolved-Spectrum.msa",
      "type": "Core Loss",
      "formula": "Sn",
      "elements": [
        "Sn"
      ],
      "microscope": "JEOL ARM200F",
      "max_energy": "5457.32 eV",
      "min_energy": "3410.32 eV",
      "source_purity": "High purity tin sheet",
      "guntype": "CFEG",
      "beamenergy": "200 kV",
      "resolution": "0.5 eV",
      "monochromated": "No",
      "stepSize": "1 eV/pixel",
      "convergence": "29 mrad",
      "collection": "36 mrad",
      "probesize": ".04 nm^2",
      "detector": "GIF Quantum ER",
      "darkcurrent": "Yes",
      "gainvariation": "Yes",
      "calibration": "Low loss + drift tube + shift of magnet excitation (i.e. absolute energies may be slightly inaccurate)",
      "deconvolutions": [
        "Fourier-ratio"
      ],
      "associated_spectra": [
        {
          "name": "Tin (II) oxide",
          "link": "https://eelsdb.eu/spectra/tin-ii-oxide/",
          "type": "Core Loss"
        },
        {
          "name": "Tin (IV) oxide",
          "link": "https://eelsdb.eu/spectra/tin-iv-oxide/",
          "type": "Core Loss"
        }
      ]
    },
    "section_data": {
      "repository_name": "Electron Energy Loss Spectroscopy (EELS) database",
      "repository_url": "https://eelsdb.eu",
      "entry_repository_url": "https://eelsdb.eu/spectra/tin/"
    },
    "section_method": {
      "data_type": "spectrum",
      "method_name": "electron energy loss spectroscopy",
      "method_abbreviation": "EELS"
    },
    "section_sample": {
      "section_material": {
        "chemical_formula": "Sn",
        "chemical_name": "Tin",
        "atom_labels": [
          "Sn"
        ]
      }
    }
  },
  "section_metadata": {
    "upload_id": "hSOY_Y0iQjqvoiH-Hu-0xg",
    "calc_id": "BunFFGnEt-xocIU9MgEkYOZbgBTj",
    "calc_hash": "O0HT73e6ahw-rp8pDwKQXIoh1YwF",
    "mainfile": "ems_data/eelsdb/spectra/tin/metadata.json",
    "files": [
      "ems_data/eelsdb/spectra/tin/metadata.json",
      "ems_data/eelsdb/spectra/tin/data.msa"
    ],
    "domain": "ems",
    "published": true,
    "processed": true,
    "last_processing": "2020-09-24T22:03:08.299926",
    "nomad_version": "1.0.0",
    "nomad_commit": "4d71fee0",
    "parser_name": "parsers/eels",
    "comment": "",
    "references": [
      "https://eelsdb.eu/spectra/tin/",
      "https://api.eelsdb.eu/spectra/tin/",
      "https://eelsdb.eu/wp-content/uploads/2017/07/Sn-Deconvolved-Spectrum.msa"
    ],
    "external_db": "EELSDB",
    "uploader": "05375d3f-87e5-4266-9ec8-e80bfe2a739d",
    "coauthors": [
      {
        "first_name": "Ian",
        "last_name": "MacLaren"
      }
    ],
    "shared_with": [],
    "with_embargo": false,
    "upload_time": "2020-09-07T14:33:37.396000",
    "upload_name": "ems_data.zip",
    "datasets": [
      "zAStTK1PQLaZ9V9krYVzUQ",
      "kpRslScITpW-5O6mlxpzMw"
    ],
    "external_id": "22081",
    "last_edit": "2020-09-07T14:45:09.330000",
    "formula": "Sn",
    "atoms": [
      "Sn"
    ],
    "n_atoms": 1,
    "ems": {
      "chemical": "Tin",
      "sample_constituents": "unavailable",
      "sample_microstructure": "unavailable",
      "experiment_summary": "None",
      "origin_time": "2017-07-05T14:40:56",
      "method": "electron energy loss spectroscopy",
      "data_type": "spectrum",
      "probing_method": "unavailable",
      "repository_name": "Electron Energy Loss Spectroscopy (EELS) database",
      "repository_url": "https://eelsdb.eu",
      "entry_repository_url": "https://eelsdb.eu/spectra/tin/",
      "preview_url": "None",
      "quantities": [
        "section_method",
        "method_abbreviation",
        "repository_url",
        "raw_metadata",
        "Experiment",
        "entry_repository_url",
        "experiment_publish_time",
        "atom_labels",
        "method_name",
        "section_sample",
        "chemical_name",
        "section_material",
        "data_type",
        "section_data",
        "chemical_formula",
        "repository_name"
      ],
      "group_hash": "Io3AW8bf-ajp7XqdMONewaReVHMG"
    }
  }
}