{
  "processing_logs": [
    {
      "event": "received process function call",
      "task": "None",
      "proc": "Calc",
      "process": "re_process_calc",
      "tasks_status": "PENDING",
      "logger": "nomad.processing",
      "timestamp": "2020-09-24 22:03.07",
      "level": "DEBUG"
    },
    {
      "event": "started process",
      "task": "parsing",
      "proc": "Calc",
      "process": "re_process_calc",
      "tasks_status": "RUNNING",
      "logger": "nomad.processing",
      "timestamp": "2020-09-24 22:03.07",
      "level": "INFO"
    },
    {
      "exec_time": "0.001226186752319336",
      "input_size": "1425",
      "event": "parser executed",
      "task": "parsing",
      "proc": "Calc",
      "process": "re_process_calc",
      "tasks_status": "RUNNING",
      "parser": "parsers/eels",
      "step": "parsers/eels",
      "logger": "nomad.processing",
      "timestamp": "2020-09-24 22:03.07",
      "level": "INFO"
    },
    {
      "event": "successfully completed task",
      "task": "normalizing",
      "proc": "Calc",
      "process": "re_process_calc",
      "tasks_status": "RUNNING",
      "logger": "nomad.processing",
      "timestamp": "2020-09-24 22:03.07",
      "level": "INFO"
    },
    {
      "event": "successfully completed task",
      "task": "archiving",
      "proc": "Calc",
      "process": "re_process_calc",
      "tasks_status": "RUNNING",
      "logger": "nomad.processing",
      "timestamp": "2020-09-24 22:03.07",
      "level": "INFO"
    },
    {
      "exec_time": "0.0018401145935058594",
      "step": "metadata",
      "event": "saved calc metadata",
      "task": "archiving",
      "proc": "Calc",
      "process": "re_process_calc",
      "tasks_status": "RUNNING",
      "logger": "nomad.processing",
      "timestamp": "2020-09-24 22:03.07",
      "level": "INFO"
    },
    {
      "exec_time": "0.010530471801757812",
      "step": "index",
      "event": "indexed",
      "task": "archiving",
      "proc": "Calc",
      "process": "re_process_calc",
      "tasks_status": "RUNNING",
      "logger": "nomad.processing",
      "timestamp": "2020-09-24 22:03.07",
      "level": "INFO"
    }
  ],
  "section_experiment": {
    "experiment_publish_time": "2017-07-05T14:40:44",
    "raw_metadata": {
      "id": 22075,
      "title": "MoO2",
      "permalink": "https://eelsdb.eu/spectra/moo2-3/",
      "author": {
        "name": "Ian MacLaren",
        "profile_url": "https://eelsdb.eu/author/maclariz/",
        "profile_api_url": "https://api.eelsdb.eu/author/maclariz/"
      },
      "published": "2017-07-05 14:40:44",
      "description": "Plotted as an absolute differential cross section in barns",
      "comment_count": 0,
      "api_permalink": "https://api.eelsdb.eu/spectra/moo2-3/",
      "download_link": "https://eelsdb.eu/wp-content/uploads/2017/07/006-MoO2-cross-section-barns.msa",
      "type": "Core Loss",
      "formula": "MoO2",
      "elements": [
        "Mo",
        "O"
      ],
      "microscope": "JEOL ARM200F",
      "max_energy": "3852.02 eV",
      "min_energy": "1805.02 eV",
      "source_purity": "Sigma Aldrich",
      "edges": [
        "Mo_L1",
        "Mo_L2,3"
      ],
      "guntype": "CFEG",
      "beamenergy": "200 kV",
      "resolution": "0.5 eV",
      "monochromated": "No",
      "stepSize": "1 eV/pixel",
      "convergence": "29 mrad",
      "collection": "36 mrad",
      "probesize": ".04 nm^2",
      "integratetime": "60 secs",
      "readouts": "60",
      "detector": "GIF Quantum ER",
      "darkcurrent": "Yes",
      "gainvariation": "Yes",
      "calibration": "Low loss + drift tube",
      "thickness": ".26 t/&lambda;",
      "deconvolutions": [
        "Fourier-ratio"
      ],
      "associated_spectra": [
        {
          "name": "Molybdenum",
          "link": "https://eelsdb.eu/spectra/molybdenum/",
          "type": "Core Loss"
        }
      ]
    },
    "section_data": {
      "repository_name": "Electron Energy Loss Spectroscopy (EELS) database",
      "repository_url": "https://eelsdb.eu",
      "entry_repository_url": "https://eelsdb.eu/spectra/moo2-3/"
    },
    "section_method": {
      "data_type": "spectrum",
      "method_name": "electron energy loss spectroscopy",
      "method_abbreviation": "EELS"
    },
    "section_sample": {
      "section_material": {
        "chemical_formula": "MoO2",
        "chemical_name": "MoO2",
        "atom_labels": [
          "Mo",
          "O"
        ]
      }
    }
  },
  "section_metadata": {
    "upload_id": "hSOY_Y0iQjqvoiH-Hu-0xg",
    "calc_id": "D8jdpU73vKJ9ZWkwUsdiLM3oqH_C",
    "calc_hash": "9wNtxX_AwG188ADDwXuWnP1_wCsU",
    "mainfile": "ems_data/eelsdb/spectra/moo2-3/metadata.json",
    "files": [
      "ems_data/eelsdb/spectra/moo2-3/metadata.json",
      "ems_data/eelsdb/spectra/moo2-3/data.msa"
    ],
    "domain": "ems",
    "published": true,
    "processed": true,
    "last_processing": "2020-09-24T22:03:07.684805",
    "nomad_version": "1.0.0",
    "nomad_commit": "4d71fee0",
    "parser_name": "parsers/eels",
    "comment": "Plotted as an absolute differential cross section in barns",
    "references": [
      "https://eelsdb.eu/spectra/moo2-3/",
      "https://api.eelsdb.eu/spectra/moo2-3/",
      "https://eelsdb.eu/wp-content/uploads/2017/07/006-MoO2-cross-section-barns.msa"
    ],
    "external_db": "EELSDB",
    "uploader": "05375d3f-87e5-4266-9ec8-e80bfe2a739d",
    "coauthors": [
      {
        "first_name": "Ian",
        "last_name": "MacLaren"
      }
    ],
    "shared_with": [],
    "with_embargo": false,
    "upload_time": "2020-09-07T14:33:37.396000",
    "upload_name": "ems_data.zip",
    "datasets": [
      "zAStTK1PQLaZ9V9krYVzUQ",
      "kpRslScITpW-5O6mlxpzMw"
    ],
    "external_id": "22075",
    "last_edit": "2020-09-07T14:45:09.330000",
    "formula": "MoO2",
    "atoms": [
      "Mo",
      "O"
    ],
    "n_atoms": 2,
    "ems": {
      "chemical": "MoO2",
      "sample_constituents": "unavailable",
      "sample_microstructure": "unavailable",
      "experiment_summary": "None",
      "origin_time": "2017-07-05T14:40:44",
      "method": "electron energy loss spectroscopy",
      "data_type": "spectrum",
      "probing_method": "unavailable",
      "repository_name": "Electron Energy Loss Spectroscopy (EELS) database",
      "repository_url": "https://eelsdb.eu",
      "entry_repository_url": "https://eelsdb.eu/spectra/moo2-3/",
      "preview_url": "None",
      "quantities": [
        "section_method",
        "method_abbreviation",
        "repository_url",
        "raw_metadata",
        "Experiment",
        "entry_repository_url",
        "experiment_publish_time",
        "atom_labels",
        "method_name",
        "section_sample",
        "chemical_name",
        "section_material",
        "data_type",
        "section_data",
        "chemical_formula",
        "repository_name"
      ],
      "group_hash": "4YgdeQVDa14o18J_IeVA6I5BZGzp"
    }
  }
}