{
  "processing_logs": [
    {
      "event": "received process function call",
      "task": "None",
      "proc": "Calc",
      "process": "re_process_calc",
      "tasks_status": "PENDING",
      "logger": "nomad.processing",
      "timestamp": "2020-09-24 22:03.07",
      "level": "DEBUG"
    },
    {
      "event": "started process",
      "task": "parsing",
      "proc": "Calc",
      "process": "re_process_calc",
      "tasks_status": "RUNNING",
      "logger": "nomad.processing",
      "timestamp": "2020-09-24 22:03.07",
      "level": "INFO"
    },
    {
      "exec_time": "0.001310586929321289",
      "input_size": "1229",
      "event": "parser executed",
      "task": "parsing",
      "proc": "Calc",
      "process": "re_process_calc",
      "tasks_status": "RUNNING",
      "parser": "parsers/eels",
      "step": "parsers/eels",
      "logger": "nomad.processing",
      "timestamp": "2020-09-24 22:03.07",
      "level": "INFO"
    },
    {
      "event": "successfully completed task",
      "task": "normalizing",
      "proc": "Calc",
      "process": "re_process_calc",
      "tasks_status": "RUNNING",
      "logger": "nomad.processing",
      "timestamp": "2020-09-24 22:03.07",
      "level": "INFO"
    },
    {
      "event": "successfully completed task",
      "task": "archiving",
      "proc": "Calc",
      "process": "re_process_calc",
      "tasks_status": "RUNNING",
      "logger": "nomad.processing",
      "timestamp": "2020-09-24 22:03.08",
      "level": "INFO"
    },
    {
      "exec_time": "0.0014500617980957031",
      "step": "metadata",
      "event": "saved calc metadata",
      "task": "archiving",
      "proc": "Calc",
      "process": "re_process_calc",
      "tasks_status": "RUNNING",
      "logger": "nomad.processing",
      "timestamp": "2020-09-24 22:03.08",
      "level": "INFO"
    },
    {
      "exec_time": "0.012233734130859375",
      "step": "index",
      "event": "indexed",
      "task": "archiving",
      "proc": "Calc",
      "process": "re_process_calc",
      "tasks_status": "RUNNING",
      "logger": "nomad.processing",
      "timestamp": "2020-09-24 22:03.08",
      "level": "INFO"
    }
  ],
  "section_experiment": {
    "experiment_publish_time": "2016-11-25T15:36:23",
    "raw_metadata": {
      "id": 22050,
      "title": "Si",
      "permalink": "https://eelsdb.eu/spectra/si/",
      "author": {
        "name": "aneeqa",
        "profile_url": "https://eelsdb.eu/author/an/",
        "profile_api_url": "https://api.eelsdb.eu/author/an/"
      },
      "published": "2016-11-25 15:36:23",
      "description": "from a spectrum image of 1800 pixels over a range of thickness",
      "comment_count": 0,
      "api_permalink": "https://api.eelsdb.eu/spectra/si/",
      "download_link": "https://eelsdb.eu/wp-content/uploads/2016/11/HL_-Si.msa",
      "type": "Core Loss",
      "formula": "Si",
      "elements": [
        "Si"
      ],
      "microscope": "Probe Corrected Jeol ARM 200F",
      "max_energy": "2021.11 eV",
      "min_energy": "1025.11 eV",
      "source_purity": "Si wafer",
      "edges": [
        "Si_K"
      ],
      "guntype": "Cold FEG",
      "beamenergy": "200 kV",
      "resolution": "0.5 eV",
      "monochromated": "No",
      "stepSize": "0.5 eV/pixel",
      "acquisition_mode": "stem",
      "convergence": "29 mrad",
      "collection": "36 mrad",
      "integratetime": "0.2499 secs",
      "readouts": "1800",
      "detector": "GIF Quantum ER",
      "darkcurrent": "Yes",
      "gainvariation": "Yes",
      "calibration": "Low loss + drift tube",
      "thickness": "0.708 t/&lambda;",
      "deconvolutions": [
        "Fourier-ratio"
      ]
    },
    "section_data": {
      "repository_name": "Electron Energy Loss Spectroscopy (EELS) database",
      "repository_url": "https://eelsdb.eu",
      "entry_repository_url": "https://eelsdb.eu/spectra/si/"
    },
    "section_method": {
      "data_type": "spectrum",
      "method_name": "electron energy loss spectroscopy",
      "method_abbreviation": "EELS"
    },
    "section_sample": {
      "section_material": {
        "chemical_formula": "Si",
        "chemical_name": "Si",
        "atom_labels": [
          "Si"
        ]
      }
    }
  },
  "section_metadata": {
    "upload_id": "hSOY_Y0iQjqvoiH-Hu-0xg",
    "calc_id": "DGbAScXaDtUOma5eCJS29FaRu8cX",
    "calc_hash": "dA-3vI1Ops3hzk354GC--0zERHQH",
    "mainfile": "ems_data/eelsdb/spectra/si/metadata.json",
    "files": [
      "ems_data/eelsdb/spectra/si/metadata.json",
      "ems_data/eelsdb/spectra/si/data.msa"
    ],
    "domain": "ems",
    "published": true,
    "processed": true,
    "last_processing": "2020-09-24T22:03:07.982362",
    "nomad_version": "1.0.0",
    "nomad_commit": "4d71fee0",
    "parser_name": "parsers/eels",
    "comment": "from a spectrum image of 1800 pixels over a range of thickness",
    "references": [
      "https://eelsdb.eu/spectra/si/",
      "https://api.eelsdb.eu/spectra/si/",
      "https://eelsdb.eu/wp-content/uploads/2016/11/HL_-Si.msa"
    ],
    "external_db": "EELSDB",
    "uploader": "05375d3f-87e5-4266-9ec8-e80bfe2a739d",
    "coauthors": [
      {
        "first_name": "",
        "last_name": "Aneeqa"
      }
    ],
    "shared_with": [],
    "with_embargo": false,
    "upload_time": "2020-09-07T14:33:37.396000",
    "upload_name": "ems_data.zip",
    "datasets": [
      "zAStTK1PQLaZ9V9krYVzUQ",
      "kpRslScITpW-5O6mlxpzMw"
    ],
    "external_id": "22050",
    "last_edit": "2020-09-07T14:45:09.330000",
    "formula": "Si",
    "atoms": [
      "Si"
    ],
    "n_atoms": 1,
    "ems": {
      "chemical": "Si",
      "sample_constituents": "unavailable",
      "sample_microstructure": "unavailable",
      "experiment_summary": "None",
      "origin_time": "2016-11-25T15:36:23",
      "method": "electron energy loss spectroscopy",
      "data_type": "spectrum",
      "probing_method": "unavailable",
      "repository_name": "Electron Energy Loss Spectroscopy (EELS) database",
      "repository_url": "https://eelsdb.eu",
      "entry_repository_url": "https://eelsdb.eu/spectra/si/",
      "preview_url": "None",
      "quantities": [
        "section_method",
        "method_abbreviation",
        "repository_url",
        "raw_metadata",
        "Experiment",
        "entry_repository_url",
        "experiment_publish_time",
        "atom_labels",
        "method_name",
        "section_sample",
        "chemical_name",
        "section_material",
        "data_type",
        "section_data",
        "chemical_formula",
        "repository_name"
      ],
      "group_hash": "MQ6DMv8_jMh3KSXfXbuOBdSbqUX7"
    }
  }
}