{
  "processing_logs": [
    {
      "event": "received process function call",
      "task": "None",
      "proc": "Calc",
      "process": "re_process_calc",
      "tasks_status": "PENDING",
      "logger": "nomad.processing",
      "timestamp": "2020-09-24 22:03.06",
      "level": "DEBUG"
    },
    {
      "event": "started process",
      "task": "parsing",
      "proc": "Calc",
      "process": "re_process_calc",
      "tasks_status": "RUNNING",
      "logger": "nomad.processing",
      "timestamp": "2020-09-24 22:03.06",
      "level": "INFO"
    },
    {
      "exec_time": "0.001402139663696289",
      "input_size": "1923",
      "event": "parser executed",
      "task": "parsing",
      "proc": "Calc",
      "process": "re_process_calc",
      "tasks_status": "RUNNING",
      "parser": "parsers/eels",
      "step": "parsers/eels",
      "logger": "nomad.processing",
      "timestamp": "2020-09-24 22:03.06",
      "level": "INFO"
    },
    {
      "event": "successfully completed task",
      "task": "normalizing",
      "proc": "Calc",
      "process": "re_process_calc",
      "tasks_status": "RUNNING",
      "logger": "nomad.processing",
      "timestamp": "2020-09-24 22:03.06",
      "level": "INFO"
    },
    {
      "event": "successfully completed task",
      "task": "archiving",
      "proc": "Calc",
      "process": "re_process_calc",
      "tasks_status": "RUNNING",
      "logger": "nomad.processing",
      "timestamp": "2020-09-24 22:03.06",
      "level": "INFO"
    },
    {
      "exec_time": "0.002024412155151367",
      "step": "metadata",
      "event": "saved calc metadata",
      "task": "archiving",
      "proc": "Calc",
      "process": "re_process_calc",
      "tasks_status": "RUNNING",
      "logger": "nomad.processing",
      "timestamp": "2020-09-24 22:03.06",
      "level": "INFO"
    },
    {
      "exec_time": "0.014117717742919922",
      "step": "index",
      "event": "indexed",
      "task": "archiving",
      "proc": "Calc",
      "process": "re_process_calc",
      "tasks_status": "RUNNING",
      "logger": "nomad.processing",
      "timestamp": "2020-09-24 22:03.06",
      "level": "INFO"
    }
  ],
  "section_experiment": {
    "experiment_publish_time": "2005-04-20T00:00:00",
    "raw_metadata": {
      "id": 21541,
      "title": "Diamond",
      "permalink": "https://eelsdb.eu/spectra/diamond/",
      "author": {
        "name": "Virginie Serin",
        "profile_url": "https://eelsdb.eu/author/serin/",
        "profile_api_url": "https://api.eelsdb.eu/author/serin/"
      },
      "published": "2005-04-20 00:00:00",
      "description": "  The shoulder at 285 eV corresponds to the contribution of sp2-carbon present at grain boundary of the CVD diamond grain Analyst: V.Serin. Temperature: Room. ",
      "comment_count": 0,
      "api_permalink": "https://api.eelsdb.eu/spectra/diamond/",
      "keywords": [
        "imported from old site"
      ],
      "download_link": "https://eelsdb.eu/wp-content/uploads/2015/09/Dspec.40681.1.msa",
      "type": "Core Loss",
      "formula": "C",
      "elements": [
        "C"
      ],
      "microscope": "CM20",
      "max_energy": "367.51 eV",
      "min_energy": "265.6 eV",
      "source_purity": "CVD diamond",
      "edges": [
        "C_K"
      ],
      "guntype": "LaB6",
      "beamenergy": "100 kV",
      "resolution": "1.8 eV",
      "stepSize": "0.1 eV/pixel",
      "acquisition_mode": "Diffraction",
      "convergence": "8.4 mrad",
      "collection": "5 mrad",
      "probesize": "105 nm^2",
      "integratetime": "0.4 secs",
      "readouts": "10",
      "detector": "Parallel: 666 Gatan",
      "darkcurrent": "Yes",
      "gainvariation": "Yes",
      "thickness": "0.6 t/&lambda;",
      "reference": {
        "freetext": "V. Serin, E. Beche, R. Berjoan, O. Abidate, D. Rats, J. Fontaine, L.Vandenbulcke, C. Germain and A. Catherinot,Proc. of the Vth Int. Symp. on Diamond Materials, J. L. Davidson, W.D.Brown, A. Gicquel, B.V. Spytsin and J.C. Angus Eds, The Electrochem. Soc., Pennington, NJ, 1998, p. 126-141."
      },
      "associated_spectra": [
        {
          "name": "Diamond",
          "link": "https://eelsdb.eu/spectra/diamond-2/",
          "type": "Low Loss"
        }
      ],
      "other_links": [
        {
          "url": "http://pc-web.cemes.fr/eelsdb/index.php?page=displayspec.php&id=17",
          "title": "Old EELS DB"
        }
      ]
    },
    "section_data": {
      "repository_name": "Electron Energy Loss Spectroscopy (EELS) database",
      "repository_url": "https://eelsdb.eu",
      "entry_repository_url": "https://eelsdb.eu/spectra/diamond/"
    },
    "section_method": {
      "data_type": "spectrum",
      "method_name": "electron energy loss spectroscopy",
      "method_abbreviation": "EELS"
    },
    "section_sample": {
      "section_material": {
        "chemical_formula": "C",
        "chemical_name": "Diamond",
        "atom_labels": [
          "C"
        ]
      }
    }
  },
  "section_metadata": {
    "upload_id": "hSOY_Y0iQjqvoiH-Hu-0xg",
    "calc_id": "Dp2Jr2NKRBGxooGhQ2oxt9hPo_TP",
    "calc_hash": "1XSJswtSzyH4s_ECcjvtDQReGXh7",
    "mainfile": "ems_data/eelsdb/spectra/diamond/metadata.json",
    "files": [
      "ems_data/eelsdb/spectra/diamond/metadata.json",
      "ems_data/eelsdb/spectra/diamond/data.msa"
    ],
    "domain": "ems",
    "published": true,
    "processed": true,
    "last_processing": "2020-09-24T22:03:06.948237",
    "nomad_version": "1.0.0",
    "nomad_commit": "4d71fee0",
    "parser_name": "parsers/eels",
    "comment": "  The shoulder at 285 eV corresponds to the contribution of sp2-carbon present at grain boundary of the CVD diamond grain Analyst: V.Serin. Temperature: Room. ",
    "references": [
      "https://eelsdb.eu/spectra/diamond/",
      "https://api.eelsdb.eu/spectra/diamond/",
      "https://eelsdb.eu/wp-content/uploads/2015/09/Dspec.40681.1.msa",
      "V. Serin, E. Beche, R. Berjoan, O. Abidate, D. Rats, J. Fontaine, L.Vandenbulcke, C. Germain and A. Catherinot,Proc. of the Vth Int. Symp. on Diamond Materials, J. L. Davidson, W.D.Brown, A. Gicquel, B.V. Spytsin and J.C. Angus Eds, The Electrochem. Soc., Pennington, NJ, 1998, p. 126-141."
    ],
    "external_db": "EELSDB",
    "uploader": "05375d3f-87e5-4266-9ec8-e80bfe2a739d",
    "coauthors": [
      {
        "first_name": "Virginie",
        "last_name": "Serin"
      }
    ],
    "shared_with": [],
    "with_embargo": false,
    "upload_time": "2020-09-07T14:33:37.396000",
    "upload_name": "ems_data.zip",
    "datasets": [
      "zAStTK1PQLaZ9V9krYVzUQ",
      "kpRslScITpW-5O6mlxpzMw"
    ],
    "external_id": "21541",
    "last_edit": "2020-09-07T14:45:09.330000",
    "formula": "C",
    "atoms": [
      "C"
    ],
    "n_atoms": 1,
    "ems": {
      "chemical": "Diamond",
      "sample_constituents": "unavailable",
      "sample_microstructure": "unavailable",
      "experiment_summary": "None",
      "origin_time": "2005-04-20T00:00:00",
      "method": "electron energy loss spectroscopy",
      "data_type": "spectrum",
      "probing_method": "unavailable",
      "repository_name": "Electron Energy Loss Spectroscopy (EELS) database",
      "repository_url": "https://eelsdb.eu",
      "entry_repository_url": "https://eelsdb.eu/spectra/diamond/",
      "preview_url": "None",
      "quantities": [
        "section_method",
        "method_abbreviation",
        "repository_url",
        "raw_metadata",
        "Experiment",
        "entry_repository_url",
        "experiment_publish_time",
        "atom_labels",
        "method_name",
        "section_sample",
        "chemical_name",
        "section_material",
        "data_type",
        "section_data",
        "chemical_formula",
        "repository_name"
      ],
      "group_hash": "HHt8Hsm8WTyXBGk_2DGmxN7ThDtZ"
    }
  }
}