{
  "processing_logs": [
    {
      "event": "received process function call",
      "task": "None",
      "proc": "Calc",
      "process": "re_process_calc",
      "tasks_status": "PENDING",
      "logger": "nomad.processing",
      "timestamp": "2020-09-24 22:03.06",
      "level": "DEBUG"
    },
    {
      "event": "started process",
      "task": "parsing",
      "proc": "Calc",
      "process": "re_process_calc",
      "tasks_status": "RUNNING",
      "logger": "nomad.processing",
      "timestamp": "2020-09-24 22:03.06",
      "level": "INFO"
    },
    {
      "exec_time": "0.0012111663818359375",
      "input_size": "1944",
      "event": "parser executed",
      "task": "parsing",
      "proc": "Calc",
      "process": "re_process_calc",
      "tasks_status": "RUNNING",
      "parser": "parsers/eels",
      "step": "parsers/eels",
      "logger": "nomad.processing",
      "timestamp": "2020-09-24 22:03.06",
      "level": "INFO"
    },
    {
      "event": "successfully completed task",
      "task": "normalizing",
      "proc": "Calc",
      "process": "re_process_calc",
      "tasks_status": "RUNNING",
      "logger": "nomad.processing",
      "timestamp": "2020-09-24 22:03.06",
      "level": "INFO"
    },
    {
      "event": "successfully completed task",
      "task": "archiving",
      "proc": "Calc",
      "process": "re_process_calc",
      "tasks_status": "RUNNING",
      "logger": "nomad.processing",
      "timestamp": "2020-09-24 22:03.06",
      "level": "INFO"
    },
    {
      "exec_time": "0.0020515918731689453",
      "step": "metadata",
      "event": "saved calc metadata",
      "task": "archiving",
      "proc": "Calc",
      "process": "re_process_calc",
      "tasks_status": "RUNNING",
      "logger": "nomad.processing",
      "timestamp": "2020-09-24 22:03.06",
      "level": "INFO"
    },
    {
      "exec_time": "0.012094736099243164",
      "step": "index",
      "event": "indexed",
      "task": "archiving",
      "proc": "Calc",
      "process": "re_process_calc",
      "tasks_status": "RUNNING",
      "logger": "nomad.processing",
      "timestamp": "2020-09-24 22:03.06",
      "level": "INFO"
    }
  ],
  "section_experiment": {
    "experiment_publish_time": "2008-01-30T00:00:00",
    "raw_metadata": {
      "id": 21686,
      "title": "Chromium monocarbide",
      "permalink": "https://eelsdb.eu/spectra/chromium-monocarbide/",
      "author": {
        "name": "Wilfried Sigle",
        "profile_url": "https://eelsdb.eu/author/wsigle/",
        "profile_api_url": "https://api.eelsdb.eu/author/wsigle/"
      },
      "published": "2008-01-30 00:00:00",
      "description": "The O K edge observed on the spectrum corresponds to surface oxidation Analyst: Christina Scheu. Temperature: Room. ",
      "comment_count": 0,
      "api_permalink": "https://api.eelsdb.eu/spectra/chromium-monocarbide/",
      "keywords": [
        "imported from old site"
      ],
      "download_link": "https://eelsdb.eu/wp-content/uploads/2015/09/DspecSjBk6o.msa",
      "type": "Core Loss",
      "formula": "CrC",
      "elements": [
        "Cr",
        "C"
      ],
      "microscope": "VG HB501UX",
      "max_energy": "636.7 eV",
      "min_energy": "235 eV",
      "source_purity": "Ultrahard CrC+a-C:H film (CVD) on Si substrate. Spectrum from small CrC particle.",
      "edges": [
        "C_K",
        "O_K",
        "Cr_L2,3"
      ],
      "guntype": "Cold FEG",
      "beamenergy": "100 kV",
      "resolution": "0.8 eV",
      "monochromated": "No",
      "stepSize": "0.3 eV/pixel",
      "convergence": "10 mrad",
      "collection": "6.5 mrad",
      "integratetime": "5 secs",
      "readouts": "2",
      "detector": "Parallel: Gatan ENFINA",
      "darkcurrent": "Yes",
      "gainvariation": "Yes",
      "reference": {
        "authors": "G. Gassner, J. Patscheider, P. H. Mayrhofer, E. Hegedus, L. Tóth, I. Kovacs, B. Pécz, V. Srot, Ch. Scheu, C. Mitterer",
        "year": "2006",
        "journal": "J. Vac. Sci. Technol. B",
        "title": "Structure of sputtered nanocomposite CrC[sub x]∕a-C:H thin films",
        "volume": "24",
        "issue": "4",
        "page": "1837",
        "doi": "10.1116/1.2216713",
        "url": "http://dx.doi.org/10.1116/1.2216713"
      },
      "other_links": [
        {
          "url": "http://pc-web.cemes.fr/eelsdb/index.php?page=displayspec.php&id=176",
          "title": "Old EELS DB"
        }
      ]
    },
    "section_data": {
      "repository_name": "Electron Energy Loss Spectroscopy (EELS) database",
      "repository_url": "https://eelsdb.eu",
      "entry_repository_url": "https://eelsdb.eu/spectra/chromium-monocarbide/"
    },
    "section_method": {
      "data_type": "spectrum",
      "method_name": "electron energy loss spectroscopy",
      "method_abbreviation": "EELS"
    },
    "section_sample": {
      "section_material": {
        "chemical_formula": "CrC",
        "chemical_name": "Chromium monocarbide",
        "atom_labels": [
          "Cr",
          "C"
        ]
      }
    }
  },
  "section_metadata": {
    "upload_id": "hSOY_Y0iQjqvoiH-Hu-0xg",
    "calc_id": "dUwNNa8JWW7WKAIm1T4BWJ0SAzUZ",
    "calc_hash": "ruvWO8qX8DZAZzkbQ8sBxcubCKJP",
    "mainfile": "ems_data/eelsdb/spectra/chromium-monocarbide/metadata.json",
    "files": [
      "ems_data/eelsdb/spectra/chromium-monocarbide/metadata.json",
      "ems_data/eelsdb/spectra/chromium-monocarbide/data.msa"
    ],
    "domain": "ems",
    "published": true,
    "processed": true,
    "last_processing": "2020-09-24T22:03:06.471760",
    "nomad_version": "1.0.0",
    "nomad_commit": "4d71fee0",
    "parser_name": "parsers/eels",
    "comment": "The O K edge observed on the spectrum corresponds to surface oxidation Analyst: Christina Scheu. Temperature: Room. ",
    "references": [
      "https://eelsdb.eu/spectra/chromium-monocarbide/",
      "https://api.eelsdb.eu/spectra/chromium-monocarbide/",
      "https://eelsdb.eu/wp-content/uploads/2015/09/DspecSjBk6o.msa",
      "G. Gassner, J. Patscheider, P. H. Mayrhofer, E. Hegedus, L. Tóth, I. Kovacs, B. Pécz, V. Srot, Ch. Scheu, C. Mitterer; 2006; J. Vac. Sci. Technol. B; Structure of sputtered nanocomposite CrC[sub x]∕a-C:H thin films; 24; 4; 1837; 10.1116/1.2216713; http://dx.doi.org/10.1116/1.2216713"
    ],
    "external_db": "EELSDB",
    "uploader": "05375d3f-87e5-4266-9ec8-e80bfe2a739d",
    "coauthors": [
      {
        "first_name": "Wilfried",
        "last_name": "Sigle"
      }
    ],
    "shared_with": [],
    "with_embargo": false,
    "upload_time": "2020-09-07T14:33:37.396000",
    "upload_name": "ems_data.zip",
    "datasets": [
      "zAStTK1PQLaZ9V9krYVzUQ",
      "kpRslScITpW-5O6mlxpzMw"
    ],
    "external_id": "21686",
    "last_edit": "2020-09-07T14:45:09.330000",
    "formula": "CrC",
    "atoms": [
      "C",
      "Cr"
    ],
    "n_atoms": 2,
    "ems": {
      "chemical": "Chromium monocarbide",
      "sample_constituents": "unavailable",
      "sample_microstructure": "unavailable",
      "experiment_summary": "None",
      "origin_time": "2008-01-30T00:00:00",
      "method": "electron energy loss spectroscopy",
      "data_type": "spectrum",
      "probing_method": "unavailable",
      "repository_name": "Electron Energy Loss Spectroscopy (EELS) database",
      "repository_url": "https://eelsdb.eu",
      "entry_repository_url": "https://eelsdb.eu/spectra/chromium-monocarbide/",
      "preview_url": "None",
      "quantities": [
        "section_method",
        "method_abbreviation",
        "repository_url",
        "raw_metadata",
        "Experiment",
        "entry_repository_url",
        "experiment_publish_time",
        "atom_labels",
        "method_name",
        "section_sample",
        "chemical_name",
        "section_material",
        "data_type",
        "section_data",
        "chemical_formula",
        "repository_name"
      ],
      "group_hash": "rFneBuNmmaH-pfzIowpIVP8GEWiU"
    }
  }
}