{
  "processing_logs": [
    {
      "event": "received process function call",
      "task": "None",
      "proc": "Calc",
      "process": "re_process_calc",
      "tasks_status": "PENDING",
      "logger": "nomad.processing",
      "timestamp": "2020-09-24 22:03.07",
      "level": "DEBUG"
    },
    {
      "event": "started process",
      "task": "parsing",
      "proc": "Calc",
      "process": "re_process_calc",
      "tasks_status": "RUNNING",
      "logger": "nomad.processing",
      "timestamp": "2020-09-24 22:03.07",
      "level": "INFO"
    },
    {
      "exec_time": "0.0012121200561523438",
      "input_size": "1344",
      "event": "parser executed",
      "task": "parsing",
      "proc": "Calc",
      "process": "re_process_calc",
      "tasks_status": "RUNNING",
      "parser": "parsers/eels",
      "step": "parsers/eels",
      "logger": "nomad.processing",
      "timestamp": "2020-09-24 22:03.07",
      "level": "INFO"
    },
    {
      "event": "successfully completed task",
      "task": "normalizing",
      "proc": "Calc",
      "process": "re_process_calc",
      "tasks_status": "RUNNING",
      "logger": "nomad.processing",
      "timestamp": "2020-09-24 22:03.07",
      "level": "INFO"
    },
    {
      "event": "successfully completed task",
      "task": "archiving",
      "proc": "Calc",
      "process": "re_process_calc",
      "tasks_status": "RUNNING",
      "logger": "nomad.processing",
      "timestamp": "2020-09-24 22:03.07",
      "level": "INFO"
    },
    {
      "exec_time": "0.0019702911376953125",
      "step": "metadata",
      "event": "saved calc metadata",
      "task": "archiving",
      "proc": "Calc",
      "process": "re_process_calc",
      "tasks_status": "RUNNING",
      "logger": "nomad.processing",
      "timestamp": "2020-09-24 22:03.07",
      "level": "INFO"
    },
    {
      "exec_time": "0.012707233428955078",
      "step": "index",
      "event": "indexed",
      "task": "archiving",
      "proc": "Calc",
      "process": "re_process_calc",
      "tasks_status": "RUNNING",
      "logger": "nomad.processing",
      "timestamp": "2020-09-24 22:03.07",
      "level": "INFO"
    }
  ],
  "section_experiment": {
    "experiment_publish_time": "2005-04-20T00:00:00",
    "raw_metadata": {
      "id": 21550,
      "title": "Iron phosphate",
      "permalink": "https://eelsdb.eu/spectra/iron-phosphate/",
      "author": {
        "name": "(Dr) Karine Masenelli-Varlot",
        "profile_url": "https://eelsdb.eu/author/karine-masenelli-varlot/",
        "profile_api_url": "https://api.eelsdb.eu/author/karine-masenelli-varlot/"
      },
      "published": "2005-04-20 00:00:00",
      "description": "corrected by IO linear background removed Grasshopper is a grating monochromator with 1800 lines ((Wisconsin, USA) Analyst: Karine Varlot. ",
      "comment_count": 0,
      "api_permalink": "https://api.eelsdb.eu/spectra/iron-phosphate/",
      "keywords": [
        "imported from old site"
      ],
      "download_link": "https://eelsdb.eu/wp-content/uploads/2015/09/Dspec.1748251.1.msa",
      "type": "X Ray Abs",
      "formula": "FePO4",
      "elements": [
        "Fe",
        "P",
        "O"
      ],
      "microscope": "SRC (Synchrotron Radiation Center)",
      "max_energy": "158.78 eV",
      "min_energy": "123.82 eV",
      "edges": [
        "P_L2,3"
      ],
      "guntype": "Grasshopper",
      "beamenergy": "800 kV",
      "resolution": "0.1 eV",
      "monochromated": "Yes",
      "stepSize": "0.044 eV/pixel",
      "detector": "Grasshopper",
      "darkcurrent": "No",
      "gainvariation": "No",
      "other_links": [
        {
          "url": "http://pc-web.cemes.fr/eelsdb/index.php?page=displayspec.php&id=26",
          "title": "Old EELS DB"
        }
      ]
    },
    "section_data": {
      "repository_name": "Electron Energy Loss Spectroscopy (EELS) database",
      "repository_url": "https://eelsdb.eu",
      "entry_repository_url": "https://eelsdb.eu/spectra/iron-phosphate/"
    },
    "section_method": {
      "data_type": "spectrum",
      "method_name": "electron energy loss spectroscopy",
      "method_abbreviation": "EELS"
    },
    "section_sample": {
      "section_material": {
        "chemical_formula": "FePO4",
        "chemical_name": "Iron phosphate",
        "atom_labels": [
          "Fe",
          "P",
          "O"
        ]
      }
    }
  },
  "section_metadata": {
    "upload_id": "hSOY_Y0iQjqvoiH-Hu-0xg",
    "calc_id": "FF-4roIkUzTbTpnB7pxhGVzMp0SN",
    "calc_hash": "GbUZGIqFbnrRvLZKVrSJdyjx1u4S",
    "mainfile": "ems_data/eelsdb/spectra/iron-phosphate/metadata.json",
    "files": [
      "ems_data/eelsdb/spectra/iron-phosphate/metadata.json",
      "ems_data/eelsdb/spectra/iron-phosphate/data.msa"
    ],
    "domain": "ems",
    "published": true,
    "processed": true,
    "last_processing": "2020-09-24T22:03:07.372831",
    "nomad_version": "1.0.0",
    "nomad_commit": "4d71fee0",
    "parser_name": "parsers/eels",
    "comment": "corrected by IO linear background removed Grasshopper is a grating monochromator with 1800 lines ((Wisconsin, USA) Analyst: Karine Varlot. ",
    "references": [
      "https://eelsdb.eu/spectra/iron-phosphate/",
      "https://api.eelsdb.eu/spectra/iron-phosphate/",
      "https://eelsdb.eu/wp-content/uploads/2015/09/Dspec.1748251.1.msa"
    ],
    "external_db": "EELSDB",
    "uploader": "05375d3f-87e5-4266-9ec8-e80bfe2a739d",
    "coauthors": [
      {
        "first_name": "Karine",
        "last_name": "Masenelli-Varlot"
      }
    ],
    "shared_with": [],
    "with_embargo": false,
    "upload_time": "2020-09-07T14:33:37.396000",
    "upload_name": "ems_data.zip",
    "datasets": [
      "zAStTK1PQLaZ9V9krYVzUQ",
      "kpRslScITpW-5O6mlxpzMw"
    ],
    "external_id": "21550",
    "last_edit": "2020-09-07T14:45:09.330000",
    "formula": "FePO4",
    "atoms": [
      "Fe",
      "O",
      "P"
    ],
    "n_atoms": 3,
    "ems": {
      "chemical": "Iron phosphate",
      "sample_constituents": "unavailable",
      "sample_microstructure": "unavailable",
      "experiment_summary": "None",
      "origin_time": "2005-04-20T00:00:00",
      "method": "electron energy loss spectroscopy",
      "data_type": "spectrum",
      "probing_method": "unavailable",
      "repository_name": "Electron Energy Loss Spectroscopy (EELS) database",
      "repository_url": "https://eelsdb.eu",
      "entry_repository_url": "https://eelsdb.eu/spectra/iron-phosphate/",
      "preview_url": "None",
      "quantities": [
        "section_method",
        "method_abbreviation",
        "repository_url",
        "raw_metadata",
        "Experiment",
        "entry_repository_url",
        "experiment_publish_time",
        "atom_labels",
        "method_name",
        "section_sample",
        "chemical_name",
        "section_material",
        "data_type",
        "section_data",
        "chemical_formula",
        "repository_name"
      ],
      "group_hash": "zJ7WF7Yzw5b197TDrsaeXGdswEGR"
    }
  }
}