{
  "processing_logs": [
    {
      "event": "received process function call",
      "task": "None",
      "proc": "Calc",
      "process": "re_process_calc",
      "tasks_status": "PENDING",
      "logger": "nomad.processing",
      "timestamp": "2020-09-24 22:03.07",
      "level": "DEBUG"
    },
    {
      "event": "started process",
      "task": "parsing",
      "proc": "Calc",
      "process": "re_process_calc",
      "tasks_status": "RUNNING",
      "logger": "nomad.processing",
      "timestamp": "2020-09-24 22:03.07",
      "level": "INFO"
    },
    {
      "exec_time": "0.00080108642578125",
      "input_size": "1676",
      "event": "parser executed",
      "task": "parsing",
      "proc": "Calc",
      "process": "re_process_calc",
      "tasks_status": "RUNNING",
      "parser": "parsers/eels",
      "step": "parsers/eels",
      "logger": "nomad.processing",
      "timestamp": "2020-09-24 22:03.07",
      "level": "INFO"
    },
    {
      "event": "successfully completed task",
      "task": "normalizing",
      "proc": "Calc",
      "process": "re_process_calc",
      "tasks_status": "RUNNING",
      "logger": "nomad.processing",
      "timestamp": "2020-09-24 22:03.07",
      "level": "INFO"
    },
    {
      "event": "successfully completed task",
      "task": "archiving",
      "proc": "Calc",
      "process": "re_process_calc",
      "tasks_status": "RUNNING",
      "logger": "nomad.processing",
      "timestamp": "2020-09-24 22:03.07",
      "level": "INFO"
    },
    {
      "exec_time": "0.0010166168212890625",
      "step": "metadata",
      "event": "saved calc metadata",
      "task": "archiving",
      "proc": "Calc",
      "process": "re_process_calc",
      "tasks_status": "RUNNING",
      "logger": "nomad.processing",
      "timestamp": "2020-09-24 22:03.07",
      "level": "INFO"
    },
    {
      "exec_time": "0.012949943542480469",
      "step": "index",
      "event": "indexed",
      "task": "archiving",
      "proc": "Calc",
      "process": "re_process_calc",
      "tasks_status": "RUNNING",
      "logger": "nomad.processing",
      "timestamp": "2020-09-24 22:03.07",
      "level": "INFO"
    }
  ],
  "section_experiment": {
    "experiment_publish_time": "2016-12-20T11:13:23",
    "raw_metadata": {
      "id": 22063,
      "title": "Oxidised Amorphous Carbon, 500ºC, 2500 min",
      "permalink": "https://eelsdb.eu/spectra/oxidised-amorphous-carbon-500%c2%bac-2500-min/",
      "author": {
        "name": "Luc Lajaunie",
        "profile_url": "https://eelsdb.eu/author/luc-lajaunie/",
        "profile_api_url": "https://api.eelsdb.eu/author/luc-lajaunie/"
      },
      "published": "2016-12-20 11:13:23",
      "description": "9.5% H/(C+H) ; ~ 15% O/(C+O), 78% sp2",
      "comment_count": 0,
      "api_permalink": "https://api.eelsdb.eu/spectra/oxidised-amorphous-carbon-500%c2%bac-2500-min/",
      "download_link": "https://eelsdb.eu/wp-content/uploads/2016/12/8-pm-2.msa",
      "type": "Core Loss",
      "formula": "a-C:H,O",
      "elements": [
        "C",
        "H",
        "O"
      ],
      "microscope": "Tecnai F30",
      "max_energy": "345.2 eV",
      "min_energy": "242.85 eV",
      "edges": [
        "C_K"
      ],
      "guntype": "Schottky",
      "beamenergy": "300 kV",
      "resolution": "1.2 eV",
      "monochromated": "No",
      "stepSize": "0.05 eV/pixel",
      "convergence": "6.1 mrad",
      "collection": "5.9 mrad",
      "detector": "Gatan Tridiem 863",
      "darkcurrent": "No",
      "gainvariation": "No",
      "calibration": "Pi* at 285 eV",
      "deconvolutions": [
        "Fourier-ratio"
      ],
      "reference": {
        "authors": "L. Lajaunie, C. Pardanaud, C. Martin, P. Puech, C. Hu, M.J. Biggs, R. Arenal",
        "year": "2017",
        "journal": "Carbon",
        "title": "Advanced spectroscopic analyses on a:C-H materials: Revisiting the EELS characterization and its coupling with multi-wavelength Raman spectroscopy",
        "volume": "112",
        "page": "149-161",
        "doi": "10.1016/j.carbon.2016.10.092",
        "url": "http://dx.doi.org/10.1016/j.carbon.2016.10.092"
      }
    },
    "section_data": {
      "repository_name": "Electron Energy Loss Spectroscopy (EELS) database",
      "repository_url": "https://eelsdb.eu",
      "entry_repository_url": "https://eelsdb.eu/spectra/oxidised-amorphous-carbon-500%c2%bac-2500-min/"
    },
    "section_method": {
      "data_type": "spectrum",
      "method_name": "electron energy loss spectroscopy",
      "method_abbreviation": "EELS"
    },
    "section_sample": {
      "section_material": {
        "chemical_formula": "a-C:H,O",
        "chemical_name": "Oxidised Amorphous Carbon, 500ºC, 2500 min",
        "atom_labels": [
          "C",
          "H",
          "O"
        ]
      }
    }
  },
  "section_metadata": {
    "upload_id": "hSOY_Y0iQjqvoiH-Hu-0xg",
    "calc_id": "fHSTXj1Gh0eLH3YaOOcOtua97d2b",
    "calc_hash": "lN-1eEhsig6RkU_aKvG530tyPDas",
    "mainfile": "ems_data/eelsdb/spectra/oxidised-amorphous-carbon-500%c2%bac-2500-min/metadata.json",
    "files": [
      "ems_data/eelsdb/spectra/oxidised-amorphous-carbon-500%c2%bac-2500-min/metadata.json",
      "ems_data/eelsdb/spectra/oxidised-amorphous-carbon-500%c2%bac-2500-min/data.msa"
    ],
    "domain": "ems",
    "published": true,
    "processed": true,
    "last_processing": "2020-09-24T22:03:07.853257",
    "nomad_version": "1.0.0",
    "nomad_commit": "4d71fee0",
    "parser_name": "parsers/eels",
    "comment": "9.5% H/(C+H) ; ~ 15% O/(C+O), 78% sp2",
    "references": [
      "https://eelsdb.eu/spectra/oxidised-amorphous-carbon-500%c2%bac-2500-min/",
      "https://api.eelsdb.eu/spectra/oxidised-amorphous-carbon-500%c2%bac-2500-min/",
      "https://eelsdb.eu/wp-content/uploads/2016/12/8-pm-2.msa",
      "L. Lajaunie, C. Pardanaud, C. Martin, P. Puech, C. Hu, M.J. Biggs, R. Arenal; 2017; Carbon; Advanced spectroscopic analyses on a:C-H materials: Revisiting the EELS characterization and its coupling with multi-wavelength Raman spectroscopy; 112; 149-161; 10.1016/j.carbon.2016.10.092; http://dx.doi.org/10.1016/j.carbon.2016.10.092"
    ],
    "external_db": "EELSDB",
    "uploader": "05375d3f-87e5-4266-9ec8-e80bfe2a739d",
    "coauthors": [
      {
        "first_name": "Luc",
        "last_name": "Lajaunie"
      }
    ],
    "shared_with": [],
    "with_embargo": false,
    "upload_time": "2020-09-07T14:33:37.396000",
    "upload_name": "ems_data.zip",
    "datasets": [
      "zAStTK1PQLaZ9V9krYVzUQ",
      "kpRslScITpW-5O6mlxpzMw"
    ],
    "external_id": "22063",
    "last_edit": "2020-09-07T14:45:09.330000",
    "formula": "a-C:H,O",
    "atoms": [
      "C",
      "H",
      "O"
    ],
    "n_atoms": 3,
    "ems": {
      "chemical": "Oxidised Amorphous Carbon, 500ºC, 2500 min",
      "sample_constituents": "unavailable",
      "sample_microstructure": "unavailable",
      "experiment_summary": "None",
      "origin_time": "2016-12-20T11:13:23",
      "method": "electron energy loss spectroscopy",
      "data_type": "spectrum",
      "probing_method": "unavailable",
      "repository_name": "Electron Energy Loss Spectroscopy (EELS) database",
      "repository_url": "https://eelsdb.eu",
      "entry_repository_url": "https://eelsdb.eu/spectra/oxidised-amorphous-carbon-500%c2%bac-2500-min/",
      "preview_url": "None",
      "quantities": [
        "section_method",
        "method_abbreviation",
        "repository_url",
        "raw_metadata",
        "Experiment",
        "entry_repository_url",
        "experiment_publish_time",
        "atom_labels",
        "method_name",
        "section_sample",
        "chemical_name",
        "section_material",
        "data_type",
        "section_data",
        "chemical_formula",
        "repository_name"
      ],
      "group_hash": "cdGxIhQYVDm6X4m2ujE5rnyl2jm5"
    }
  }
}