{
  "processing_logs": [
    {
      "event": "received process function call",
      "task": "None",
      "proc": "Calc",
      "process": "re_process_calc",
      "tasks_status": "PENDING",
      "logger": "nomad.processing",
      "timestamp": "2020-09-24 22:03.07",
      "level": "DEBUG"
    },
    {
      "event": "started process",
      "task": "parsing",
      "proc": "Calc",
      "process": "re_process_calc",
      "tasks_status": "RUNNING",
      "logger": "nomad.processing",
      "timestamp": "2020-09-24 22:03.07",
      "level": "INFO"
    },
    {
      "exec_time": "0.001356363296508789",
      "input_size": "1787",
      "event": "parser executed",
      "task": "parsing",
      "proc": "Calc",
      "process": "re_process_calc",
      "tasks_status": "RUNNING",
      "parser": "parsers/eels",
      "step": "parsers/eels",
      "logger": "nomad.processing",
      "timestamp": "2020-09-24 22:03.07",
      "level": "INFO"
    },
    {
      "event": "successfully completed task",
      "task": "normalizing",
      "proc": "Calc",
      "process": "re_process_calc",
      "tasks_status": "RUNNING",
      "logger": "nomad.processing",
      "timestamp": "2020-09-24 22:03.07",
      "level": "INFO"
    },
    {
      "event": "successfully completed task",
      "task": "archiving",
      "proc": "Calc",
      "process": "re_process_calc",
      "tasks_status": "RUNNING",
      "logger": "nomad.processing",
      "timestamp": "2020-09-24 22:03.07",
      "level": "INFO"
    },
    {
      "exec_time": "0.002053499221801758",
      "step": "metadata",
      "event": "saved calc metadata",
      "task": "archiving",
      "proc": "Calc",
      "process": "re_process_calc",
      "tasks_status": "RUNNING",
      "logger": "nomad.processing",
      "timestamp": "2020-09-24 22:03.07",
      "level": "INFO"
    },
    {
      "exec_time": "0.013771295547485352",
      "step": "index",
      "event": "indexed",
      "task": "archiving",
      "proc": "Calc",
      "process": "re_process_calc",
      "tasks_status": "RUNNING",
      "logger": "nomad.processing",
      "timestamp": "2020-09-24 22:03.07",
      "level": "INFO"
    }
  ],
  "section_experiment": {
    "experiment_publish_time": "2015-09-13T15:54:42",
    "raw_metadata": {
      "id": 21814,
      "title": "MoO2",
      "permalink": "https://eelsdb.eu/spectra/moo2-2/",
      "author": {
        "name": "Luc Lajaunie",
        "profile_url": "https://eelsdb.eu/author/luc-lajaunie/",
        "profile_api_url": "https://api.eelsdb.eu/author/luc-lajaunie/"
      },
      "published": "2015-09-13 15:54:42",
      "description": "",
      "comment_count": 0,
      "api_permalink": "https://api.eelsdb.eu/spectra/moo2-2/",
      "download_link": "https://eelsdb.eu/wp-content/uploads/2015/09/Profile-Of-ll1c.msa",
      "type": "Low Loss",
      "formula": "MoO2",
      "elements": [
        "Mo",
        "O"
      ],
      "microscope": "Hitachi HF2000",
      "max_energy": "241.61 eV",
      "min_energy": "-36.59 eV",
      "source_purity": "Commercial",
      "guntype": "c-FEG",
      "beamenergy": "100 kV",
      "resolution": "1.5 eV",
      "monochromated": "No",
      "stepSize": "0.214 eV/pixel",
      "convergence": "1.4 mrad",
      "collection": "4.6 mrad",
      "probesize": "30 nm^2",
      "detector": "modiﬁed Gatan PEELS 666 spectrometer",
      "darkcurrent": "Yes",
      "gainvariation": "Yes",
      "calibration": "low loss + drift tube",
      "reference": {
        "authors": "L. Lajaunie, F. Boucher, R. Dessapt, P. Moreau",
        "year": "2015",
        "journal": "Ultramicroscopy",
        "title": "Quantitative use of electron energy-loss spectroscopy Mo-M2,3 edges for the study of molybdenum oxides",
        "volume": "149",
        "page": "1-8",
        "doi": "10.1016/j.ultramic.2014.11.002",
        "url": "http://dx.doi.org/10.1016/j.ultramic.2014.11.002"
      },
      "associated_spectra": [
        {
          "name": "MoO2",
          "link": "https://eelsdb.eu/spectra/moo2/",
          "type": "Core Loss"
        },
        {
          "name": "Zero-loss c-FEG Hitachi Disp 0.214 eV",
          "link": "https://eelsdb.eu/spectra/zero-loss-c-feg-hitachi-disp-0-214-ev/",
          "type": "Zero Loss"
        }
      ]
    },
    "section_data": {
      "repository_name": "Electron Energy Loss Spectroscopy (EELS) database",
      "repository_url": "https://eelsdb.eu",
      "entry_repository_url": "https://eelsdb.eu/spectra/moo2-2/"
    },
    "section_method": {
      "data_type": "spectrum",
      "method_name": "electron energy loss spectroscopy",
      "method_abbreviation": "EELS"
    },
    "section_sample": {
      "section_material": {
        "chemical_formula": "MoO2",
        "chemical_name": "MoO2",
        "atom_labels": [
          "Mo",
          "O"
        ]
      }
    }
  },
  "section_metadata": {
    "upload_id": "hSOY_Y0iQjqvoiH-Hu-0xg",
    "calc_id": "GCvG0xecf-GhJqbNRqyygwwErq5a",
    "calc_hash": "9oNzUkh44jFW8K5jqUAxaknNxpP5",
    "mainfile": "ems_data/eelsdb/spectra/moo2-2/metadata.json",
    "files": [
      "ems_data/eelsdb/spectra/moo2-2/metadata.json",
      "ems_data/eelsdb/spectra/moo2-2/data.msa"
    ],
    "domain": "ems",
    "published": true,
    "processed": true,
    "last_processing": "2020-09-24T22:03:07.679190",
    "nomad_version": "1.0.0",
    "nomad_commit": "4d71fee0",
    "parser_name": "parsers/eels",
    "comment": "",
    "references": [
      "https://eelsdb.eu/spectra/moo2-2/",
      "https://api.eelsdb.eu/spectra/moo2-2/",
      "https://eelsdb.eu/wp-content/uploads/2015/09/Profile-Of-ll1c.msa",
      "L. Lajaunie, F. Boucher, R. Dessapt, P. Moreau; 2015; Ultramicroscopy; Quantitative use of electron energy-loss spectroscopy Mo-M2,3 edges for the study of molybdenum oxides; 149; 1-8; 10.1016/j.ultramic.2014.11.002; http://dx.doi.org/10.1016/j.ultramic.2014.11.002"
    ],
    "external_db": "EELSDB",
    "uploader": "05375d3f-87e5-4266-9ec8-e80bfe2a739d",
    "coauthors": [
      {
        "first_name": "Luc",
        "last_name": "Lajaunie"
      }
    ],
    "shared_with": [],
    "with_embargo": false,
    "upload_time": "2020-09-07T14:33:37.396000",
    "upload_name": "ems_data.zip",
    "datasets": [
      "zAStTK1PQLaZ9V9krYVzUQ",
      "kpRslScITpW-5O6mlxpzMw"
    ],
    "external_id": "21814",
    "last_edit": "2020-09-07T14:45:09.330000",
    "formula": "MoO2",
    "atoms": [
      "Mo",
      "O"
    ],
    "n_atoms": 2,
    "ems": {
      "chemical": "MoO2",
      "sample_constituents": "unavailable",
      "sample_microstructure": "unavailable",
      "experiment_summary": "None",
      "origin_time": "2015-09-13T15:54:42",
      "method": "electron energy loss spectroscopy",
      "data_type": "spectrum",
      "probing_method": "unavailable",
      "repository_name": "Electron Energy Loss Spectroscopy (EELS) database",
      "repository_url": "https://eelsdb.eu",
      "entry_repository_url": "https://eelsdb.eu/spectra/moo2-2/",
      "preview_url": "None",
      "quantities": [
        "section_method",
        "method_abbreviation",
        "repository_url",
        "raw_metadata",
        "Experiment",
        "entry_repository_url",
        "experiment_publish_time",
        "atom_labels",
        "method_name",
        "section_sample",
        "chemical_name",
        "section_material",
        "data_type",
        "section_data",
        "chemical_formula",
        "repository_name"
      ],
      "group_hash": "fA4EPqYQBPmFbPzX4J-t55p-se0J"
    }
  }
}