{
  "processing_logs": [
    {
      "event": "received process function call",
      "task": "None",
      "proc": "Calc",
      "process": "re_process_calc",
      "tasks_status": "PENDING",
      "logger": "nomad.processing",
      "timestamp": "2020-09-24 22:03.06",
      "level": "DEBUG"
    },
    {
      "event": "started process",
      "task": "parsing",
      "proc": "Calc",
      "process": "re_process_calc",
      "tasks_status": "RUNNING",
      "logger": "nomad.processing",
      "timestamp": "2020-09-24 22:03.06",
      "level": "INFO"
    },
    {
      "exec_time": "0.0012068748474121094",
      "input_size": "1505",
      "event": "parser executed",
      "task": "parsing",
      "proc": "Calc",
      "process": "re_process_calc",
      "tasks_status": "RUNNING",
      "parser": "parsers/eels",
      "step": "parsers/eels",
      "logger": "nomad.processing",
      "timestamp": "2020-09-24 22:03.06",
      "level": "INFO"
    },
    {
      "event": "successfully completed task",
      "task": "normalizing",
      "proc": "Calc",
      "process": "re_process_calc",
      "tasks_status": "RUNNING",
      "logger": "nomad.processing",
      "timestamp": "2020-09-24 22:03.06",
      "level": "INFO"
    },
    {
      "event": "successfully completed task",
      "task": "archiving",
      "proc": "Calc",
      "process": "re_process_calc",
      "tasks_status": "RUNNING",
      "logger": "nomad.processing",
      "timestamp": "2020-09-24 22:03.06",
      "level": "INFO"
    },
    {
      "exec_time": "0.0018124580383300781",
      "step": "metadata",
      "event": "saved calc metadata",
      "task": "archiving",
      "proc": "Calc",
      "process": "re_process_calc",
      "tasks_status": "RUNNING",
      "logger": "nomad.processing",
      "timestamp": "2020-09-24 22:03.07",
      "level": "INFO"
    },
    {
      "exec_time": "0.014591455459594727",
      "step": "index",
      "event": "indexed",
      "task": "archiving",
      "proc": "Calc",
      "process": "re_process_calc",
      "tasks_status": "RUNNING",
      "logger": "nomad.processing",
      "timestamp": "2020-09-24 22:03.07",
      "level": "INFO"
    }
  ],
  "section_experiment": {
    "experiment_publish_time": "2007-12-11T00:00:00",
    "raw_metadata": {
      "id": 21658,
      "title": "ferrous Titanate",
      "permalink": "https://eelsdb.eu/spectra/ferrous-titanate-2/",
      "author": {
        "name": "xu qiang",
        "profile_url": "https://eelsdb.eu/author/q-xu/",
        "profile_api_url": "https://api.eelsdb.eu/author/q-xu/"
      },
      "published": "2007-12-11 00:00:00",
      "description": "not calibrated\r\nNo angles because a parallel beam illumination was used Analyst: Qiang Xu. Temperature: Room. ",
      "comment_count": 0,
      "api_permalink": "https://api.eelsdb.eu/spectra/ferrous-titanate-2/",
      "keywords": [
        "imported from old site"
      ],
      "download_link": "https://eelsdb.eu/wp-content/uploads/2015/09/DspecpdRrR8.msa",
      "type": "Core Loss",
      "formula": "FeTiO3",
      "elements": [
        "Fe",
        "Ti",
        "O"
      ],
      "microscope": "Tecnai F20 monochromator",
      "max_energy": "746.15 eV",
      "min_energy": "695 eV",
      "edges": [
        "Fe_L2,3"
      ],
      "guntype": "feg",
      "beamenergy": "200 kV",
      "resolution": "0.3 eV",
      "monochromated": "Yes",
      "stepSize": "0.05 eV/pixel",
      "convergence": "8 mrad",
      "probesize": "50 nm^2",
      "integratetime": "15 secs",
      "detector": "Parallel: GIF Tridiem",
      "darkcurrent": "Yes",
      "gainvariation": "Yes",
      "associated_spectra": [
        {
          "name": "ferrous Titanate",
          "link": "https://eelsdb.eu/spectra/ferrous-titanate/",
          "type": "Low Loss"
        }
      ],
      "other_links": [
        {
          "url": "http://pc-web.cemes.fr/eelsdb/index.php?page=displayspec.php&id=147",
          "title": "Old EELS DB"
        }
      ]
    },
    "section_data": {
      "repository_name": "Electron Energy Loss Spectroscopy (EELS) database",
      "repository_url": "https://eelsdb.eu",
      "entry_repository_url": "https://eelsdb.eu/spectra/ferrous-titanate-2/"
    },
    "section_method": {
      "data_type": "spectrum",
      "method_name": "electron energy loss spectroscopy",
      "method_abbreviation": "EELS"
    },
    "section_sample": {
      "section_material": {
        "chemical_formula": "FeTiO3",
        "chemical_name": "ferrous Titanate",
        "atom_labels": [
          "Fe",
          "Ti",
          "O"
        ]
      }
    }
  },
  "section_metadata": {
    "upload_id": "hSOY_Y0iQjqvoiH-Hu-0xg",
    "calc_id": "getaSZRhruSEEGQcyQz9jQOeZTI1",
    "calc_hash": "Kmna5FTcUBOA-Z9GXyxZP1lvP6ez",
    "mainfile": "ems_data/eelsdb/spectra/ferrous-titanate-2/metadata.json",
    "files": [
      "ems_data/eelsdb/spectra/ferrous-titanate-2/metadata.json",
      "ems_data/eelsdb/spectra/ferrous-titanate-2/data.msa"
    ],
    "domain": "ems",
    "published": true,
    "processed": true,
    "last_processing": "2020-09-24T22:03:06.965178",
    "nomad_version": "1.0.0",
    "nomad_commit": "4d71fee0",
    "parser_name": "parsers/eels",
    "comment": "not calibrated\r\nNo angles because a parallel beam illumination was used Analyst: Qiang Xu. Temperature: Room. ",
    "references": [
      "https://eelsdb.eu/spectra/ferrous-titanate-2/",
      "https://api.eelsdb.eu/spectra/ferrous-titanate-2/",
      "https://eelsdb.eu/wp-content/uploads/2015/09/DspecpdRrR8.msa"
    ],
    "external_db": "EELSDB",
    "uploader": "05375d3f-87e5-4266-9ec8-e80bfe2a739d",
    "coauthors": [
      {
        "first_name": "Xu",
        "last_name": "Qiang"
      }
    ],
    "shared_with": [],
    "with_embargo": false,
    "upload_time": "2020-09-07T14:33:37.396000",
    "upload_name": "ems_data.zip",
    "datasets": [
      "zAStTK1PQLaZ9V9krYVzUQ",
      "kpRslScITpW-5O6mlxpzMw"
    ],
    "external_id": "21658",
    "last_edit": "2020-09-07T14:45:09.330000",
    "formula": "FeTiO3",
    "atoms": [
      "Fe",
      "O",
      "Ti"
    ],
    "n_atoms": 3,
    "ems": {
      "chemical": "ferrous Titanate",
      "sample_constituents": "unavailable",
      "sample_microstructure": "unavailable",
      "experiment_summary": "None",
      "origin_time": "2007-12-11T00:00:00",
      "method": "electron energy loss spectroscopy",
      "data_type": "spectrum",
      "probing_method": "unavailable",
      "repository_name": "Electron Energy Loss Spectroscopy (EELS) database",
      "repository_url": "https://eelsdb.eu",
      "entry_repository_url": "https://eelsdb.eu/spectra/ferrous-titanate-2/",
      "preview_url": "None",
      "quantities": [
        "section_method",
        "method_abbreviation",
        "repository_url",
        "raw_metadata",
        "Experiment",
        "entry_repository_url",
        "experiment_publish_time",
        "atom_labels",
        "method_name",
        "section_sample",
        "chemical_name",
        "section_material",
        "data_type",
        "section_data",
        "chemical_formula",
        "repository_name"
      ],
      "group_hash": "LkeJeDyiyCk_LJQhIsLwTLRaJs-4"
    }
  }
}