{
  "processing_logs": [
    {
      "event": "received process function call",
      "task": "None",
      "proc": "Calc",
      "process": "re_process_calc",
      "tasks_status": "PENDING",
      "logger": "nomad.processing",
      "timestamp": "2020-09-24 22:03.07",
      "level": "DEBUG"
    },
    {
      "event": "started process",
      "task": "parsing",
      "proc": "Calc",
      "process": "re_process_calc",
      "tasks_status": "RUNNING",
      "logger": "nomad.processing",
      "timestamp": "2020-09-24 22:03.07",
      "level": "INFO"
    },
    {
      "exec_time": "0.0012216567993164062",
      "input_size": "1996",
      "event": "parser executed",
      "task": "parsing",
      "proc": "Calc",
      "process": "re_process_calc",
      "tasks_status": "RUNNING",
      "parser": "parsers/eels",
      "step": "parsers/eels",
      "logger": "nomad.processing",
      "timestamp": "2020-09-24 22:03.07",
      "level": "INFO"
    },
    {
      "event": "successfully completed task",
      "task": "normalizing",
      "proc": "Calc",
      "process": "re_process_calc",
      "tasks_status": "RUNNING",
      "logger": "nomad.processing",
      "timestamp": "2020-09-24 22:03.07",
      "level": "INFO"
    },
    {
      "event": "successfully completed task",
      "task": "archiving",
      "proc": "Calc",
      "process": "re_process_calc",
      "tasks_status": "RUNNING",
      "logger": "nomad.processing",
      "timestamp": "2020-09-24 22:03.07",
      "level": "INFO"
    },
    {
      "exec_time": "0.002034425735473633",
      "step": "metadata",
      "event": "saved calc metadata",
      "task": "archiving",
      "proc": "Calc",
      "process": "re_process_calc",
      "tasks_status": "RUNNING",
      "logger": "nomad.processing",
      "timestamp": "2020-09-24 22:03.07",
      "level": "INFO"
    },
    {
      "exec_time": "0.02151179313659668",
      "step": "index",
      "event": "indexed",
      "task": "archiving",
      "proc": "Calc",
      "process": "re_process_calc",
      "tasks_status": "RUNNING",
      "logger": "nomad.processing",
      "timestamp": "2020-09-24 22:03.07",
      "level": "INFO"
    }
  ],
  "section_experiment": {
    "experiment_publish_time": "2007-11-12T00:00:00",
    "raw_metadata": {
      "id": 21614,
      "title": "Hexagonal Boron Nitride",
      "permalink": "https://eelsdb.eu/spectra/hexagonal-boron-nitride-2/",
      "author": {
        "name": "Giovanni Bertoni",
        "profile_url": "https://eelsdb.eu/author/giovanni-bertoni/",
        "profile_api_url": "https://api.eelsdb.eu/author/giovanni-bertoni/"
      },
      "published": "2007-11-12 00:00:00",
      "description": "polycrystalline sample.\r\nthe powder was heated at 500C for 4 h to remove contamination.\r\nthe spectrum contains B-K and N-K edges.\r\nthis spectrum is the sum of 100 spectra available separately, which can be interesting for testing quantification techniques or deconvolution techniques. Analyst: Giovanni Bertoni. Temperature: Room. ",
      "comment_count": 0,
      "api_permalink": "https://api.eelsdb.eu/spectra/hexagonal-boron-nitride-2/",
      "keywords": [
        "imported from old site"
      ],
      "download_link": "https://eelsdb.eu/wp-content/uploads/2015/09/DspecnOA4UQ.msa",
      "type": "Core Loss",
      "formula": "BN (hex)",
      "elements": [
        "B",
        "N"
      ],
      "microscope": "JEOL 3000F",
      "max_energy": "625 eV",
      "min_energy": "113.5 eV",
      "source_purity": "Aldrich powder",
      "edges": [
        "B_K",
        "N_K"
      ],
      "guntype": "feg Schottky",
      "beamenergy": "300 kV",
      "resolution": "1.2 eV",
      "monochromated": "No",
      "stepSize": "0.5 eV/pixel",
      "convergence": "0.2 mrad",
      "collection": "2.55 mrad",
      "integratetime": "0.2 secs",
      "readouts": "100",
      "detector": "Parallel: GIF2000",
      "darkcurrent": "Yes",
      "gainvariation": "Yes",
      "thickness": "0.788 t/&lambda;",
      "reference": {
        "freetext": "J. Verbeeck, S. Van Aert, G. Bertoni, Ultramicroscopy, 106, 976-980, 2006"
      },
      "associated_spectra": [
        {
          "name": "Hexagonal Boron Nitride",
          "link": "https://eelsdb.eu/spectra/hexagonal-boron-nitride/",
          "type": "Low Loss"
        }
      ],
      "other_links": [
        {
          "url": "http://pc-web.cemes.fr/eelsdb/index.php?page=displayspec.php&id=100",
          "title": "Old EELS DB"
        }
      ]
    },
    "section_data": {
      "repository_name": "Electron Energy Loss Spectroscopy (EELS) database",
      "repository_url": "https://eelsdb.eu",
      "entry_repository_url": "https://eelsdb.eu/spectra/hexagonal-boron-nitride-2/"
    },
    "section_method": {
      "data_type": "spectrum",
      "method_name": "electron energy loss spectroscopy",
      "method_abbreviation": "EELS"
    },
    "section_sample": {
      "section_material": {
        "chemical_formula": "BN (hex)",
        "chemical_name": "Hexagonal Boron Nitride",
        "atom_labels": [
          "B",
          "N"
        ]
      }
    }
  },
  "section_metadata": {
    "upload_id": "hSOY_Y0iQjqvoiH-Hu-0xg",
    "calc_id": "gsQChkgEDAw8Ib-PNkP8m7WI-Z8O",
    "calc_hash": "xfiuTgNhb7OXqSSS8RVFrRR1DRye",
    "mainfile": "ems_data/eelsdb/spectra/hexagonal-boron-nitride-2/metadata.json",
    "files": [
      "ems_data/eelsdb/spectra/hexagonal-boron-nitride-2/metadata.json",
      "ems_data/eelsdb/spectra/hexagonal-boron-nitride-2/data.msa"
    ],
    "domain": "ems",
    "published": true,
    "processed": true,
    "last_processing": "2020-09-24T22:03:07.188290",
    "nomad_version": "1.0.0",
    "nomad_commit": "4d71fee0",
    "parser_name": "parsers/eels",
    "comment": "polycrystalline sample.\r\nthe powder was heated at 500C for 4 h to remove contamination.\r\nthe spectrum contains B-K and N-K edges.\r\nthis spectrum is the sum of 100 spectra available separately, which can be interesting for testing quantification techniques or deconvolution techniques. Analyst: Giovanni Bertoni. Temperature: Room. ",
    "references": [
      "https://eelsdb.eu/spectra/hexagonal-boron-nitride-2/",
      "https://api.eelsdb.eu/spectra/hexagonal-boron-nitride-2/",
      "https://eelsdb.eu/wp-content/uploads/2015/09/DspecnOA4UQ.msa",
      "J. Verbeeck, S. Van Aert, G. Bertoni, Ultramicroscopy, 106, 976-980, 2006"
    ],
    "external_db": "EELSDB",
    "uploader": "05375d3f-87e5-4266-9ec8-e80bfe2a739d",
    "coauthors": [
      {
        "first_name": "Giovanni",
        "last_name": "Bertoni"
      }
    ],
    "shared_with": [],
    "with_embargo": false,
    "upload_time": "2020-09-07T14:33:37.396000",
    "upload_name": "ems_data.zip",
    "datasets": [
      "zAStTK1PQLaZ9V9krYVzUQ",
      "kpRslScITpW-5O6mlxpzMw"
    ],
    "external_id": "21614",
    "last_edit": "2020-09-07T14:45:09.330000",
    "formula": "BN (hex)",
    "atoms": [
      "B",
      "N"
    ],
    "n_atoms": 2,
    "ems": {
      "chemical": "Hexagonal Boron Nitride",
      "sample_constituents": "unavailable",
      "sample_microstructure": "unavailable",
      "experiment_summary": "None",
      "origin_time": "2007-11-12T00:00:00",
      "method": "electron energy loss spectroscopy",
      "data_type": "spectrum",
      "probing_method": "unavailable",
      "repository_name": "Electron Energy Loss Spectroscopy (EELS) database",
      "repository_url": "https://eelsdb.eu",
      "entry_repository_url": "https://eelsdb.eu/spectra/hexagonal-boron-nitride-2/",
      "preview_url": "None",
      "quantities": [
        "section_method",
        "method_abbreviation",
        "repository_url",
        "raw_metadata",
        "Experiment",
        "entry_repository_url",
        "experiment_publish_time",
        "atom_labels",
        "method_name",
        "section_sample",
        "chemical_name",
        "section_material",
        "data_type",
        "section_data",
        "chemical_formula",
        "repository_name"
      ],
      "group_hash": "r7lzEHkw_WbWWkrFRHovo-DBzBpt"
    }
  }
}