{
  "processing_logs": [
    {
      "event": "received process function call",
      "task": "None",
      "proc": "Calc",
      "process": "re_process_calc",
      "tasks_status": "PENDING",
      "logger": "nomad.processing",
      "timestamp": "2020-09-24 22:03.06",
      "level": "DEBUG"
    },
    {
      "event": "started process",
      "task": "parsing",
      "proc": "Calc",
      "process": "re_process_calc",
      "tasks_status": "RUNNING",
      "logger": "nomad.processing",
      "timestamp": "2020-09-24 22:03.06",
      "level": "INFO"
    },
    {
      "exec_time": "0.0012538433074951172",
      "input_size": "1633",
      "event": "parser executed",
      "task": "parsing",
      "proc": "Calc",
      "process": "re_process_calc",
      "tasks_status": "RUNNING",
      "parser": "parsers/eels",
      "step": "parsers/eels",
      "logger": "nomad.processing",
      "timestamp": "2020-09-24 22:03.06",
      "level": "INFO"
    },
    {
      "event": "successfully completed task",
      "task": "normalizing",
      "proc": "Calc",
      "process": "re_process_calc",
      "tasks_status": "RUNNING",
      "logger": "nomad.processing",
      "timestamp": "2020-09-24 22:03.06",
      "level": "INFO"
    },
    {
      "event": "successfully completed task",
      "task": "archiving",
      "proc": "Calc",
      "process": "re_process_calc",
      "tasks_status": "RUNNING",
      "logger": "nomad.processing",
      "timestamp": "2020-09-24 22:03.06",
      "level": "INFO"
    },
    {
      "exec_time": "0.0018489360809326172",
      "step": "metadata",
      "event": "saved calc metadata",
      "task": "archiving",
      "proc": "Calc",
      "process": "re_process_calc",
      "tasks_status": "RUNNING",
      "logger": "nomad.processing",
      "timestamp": "2020-09-24 22:03.06",
      "level": "INFO"
    },
    {
      "exec_time": "0.011986255645751953",
      "step": "index",
      "event": "indexed",
      "task": "archiving",
      "proc": "Calc",
      "process": "re_process_calc",
      "tasks_status": "RUNNING",
      "logger": "nomad.processing",
      "timestamp": "2020-09-24 22:03.06",
      "level": "INFO"
    }
  ],
  "section_experiment": {
    "experiment_publish_time": "2008-02-25T00:00:00",
    "raw_metadata": {
      "id": 21728,
      "title": "Carbon double wall nanotube",
      "permalink": "https://eelsdb.eu/spectra/carbon-double-wall-nanotube/",
      "author": {
        "name": "Odile Stephan",
        "profile_url": "https://eelsdb.eu/author/stephan/",
        "profile_api_url": "https://api.eelsdb.eu/author/stephan/"
      },
      "published": "2008-02-25 00:00:00",
      "description": "See also Multiwall and singlewall associated data.\r\nThe spectrum was acquired with the electron beam intersecting the nanotube.\r\nzero-loss peak is saturated. Analyst: Odile Stephan. Temperature: Room. ",
      "comment_count": 0,
      "api_permalink": "https://api.eelsdb.eu/spectra/carbon-double-wall-nanotube/",
      "keywords": [
        "imported from old site"
      ],
      "download_link": "https://eelsdb.eu/wp-content/uploads/2015/09/DspeczG2X9U.msa",
      "type": "Low Loss",
      "formula": "C",
      "elements": [
        "C"
      ],
      "microscope": "STEM-VG",
      "max_energy": "45.25 eV",
      "min_energy": "-5.9 eV",
      "source_purity": "arc discharge",
      "guntype": "Cold FEG",
      "beamenergy": "100 kV",
      "resolution": "0.7 eV",
      "stepSize": "0.05 eV/pixel",
      "acquisition_mode": "STEM",
      "convergence": "7.5 mrad",
      "collection": "6 mrad",
      "probesize": "1 nm^2",
      "integratetime": "0.4 secs",
      "readouts": "1",
      "detector": "Parallel: 666 Gatan",
      "darkcurrent": "Yes",
      "gainvariation": "No",
      "reference": {
        "freetext": "O. STephan, D. Taverna, M.Kociak et al., Phys. Rev. B, 66,155422,2002 (DOI: 10.1103/PhysRevB.66.155422)"
      },
      "other_links": [
        {
          "url": "http://pc-web.cemes.fr/eelsdb/index.php?page=displayspec.php&id=218",
          "title": "Old EELS DB"
        }
      ]
    },
    "section_data": {
      "repository_name": "Electron Energy Loss Spectroscopy (EELS) database",
      "repository_url": "https://eelsdb.eu",
      "entry_repository_url": "https://eelsdb.eu/spectra/carbon-double-wall-nanotube/"
    },
    "section_method": {
      "data_type": "spectrum",
      "method_name": "electron energy loss spectroscopy",
      "method_abbreviation": "EELS"
    },
    "section_sample": {
      "section_material": {
        "chemical_formula": "C",
        "chemical_name": "Carbon double wall nanotube",
        "atom_labels": [
          "C"
        ]
      }
    }
  },
  "section_metadata": {
    "upload_id": "hSOY_Y0iQjqvoiH-Hu-0xg",
    "calc_id": "gW_47UgM66AXbXwiK00I2rYqzXsl",
    "calc_hash": "PCDPHnNXf5Cz6UOrzrpJUKwb-oub",
    "mainfile": "ems_data/eelsdb/spectra/carbon-double-wall-nanotube/metadata.json",
    "files": [
      "ems_data/eelsdb/spectra/carbon-double-wall-nanotube/metadata.json",
      "ems_data/eelsdb/spectra/carbon-double-wall-nanotube/data.msa"
    ],
    "domain": "ems",
    "published": true,
    "processed": true,
    "last_processing": "2020-09-24T22:03:06.294845",
    "nomad_version": "1.0.0",
    "nomad_commit": "4d71fee0",
    "parser_name": "parsers/eels",
    "comment": "See also Multiwall and singlewall associated data.\r\nThe spectrum was acquired with the electron beam intersecting the nanotube.\r\nzero-loss peak is saturated. Analyst: Odile Stephan. Temperature: Room. ",
    "references": [
      "https://eelsdb.eu/spectra/carbon-double-wall-nanotube/",
      "https://api.eelsdb.eu/spectra/carbon-double-wall-nanotube/",
      "https://eelsdb.eu/wp-content/uploads/2015/09/DspeczG2X9U.msa",
      "O. STephan, D. Taverna, M.Kociak et al., Phys. Rev. B, 66,155422,2002 (DOI: 10.1103/PhysRevB.66.155422)"
    ],
    "external_db": "EELSDB",
    "uploader": "05375d3f-87e5-4266-9ec8-e80bfe2a739d",
    "coauthors": [
      {
        "first_name": "Odile",
        "last_name": "Stephan"
      }
    ],
    "shared_with": [],
    "with_embargo": false,
    "upload_time": "2020-09-07T14:33:37.396000",
    "upload_name": "ems_data.zip",
    "datasets": [
      "zAStTK1PQLaZ9V9krYVzUQ",
      "kpRslScITpW-5O6mlxpzMw"
    ],
    "external_id": "21728",
    "last_edit": "2020-09-07T14:45:09.330000",
    "formula": "C",
    "atoms": [
      "C"
    ],
    "n_atoms": 1,
    "ems": {
      "chemical": "Carbon double wall nanotube",
      "sample_constituents": "unavailable",
      "sample_microstructure": "unavailable",
      "experiment_summary": "None",
      "origin_time": "2008-02-25T00:00:00",
      "method": "electron energy loss spectroscopy",
      "data_type": "spectrum",
      "probing_method": "unavailable",
      "repository_name": "Electron Energy Loss Spectroscopy (EELS) database",
      "repository_url": "https://eelsdb.eu",
      "entry_repository_url": "https://eelsdb.eu/spectra/carbon-double-wall-nanotube/",
      "preview_url": "None",
      "quantities": [
        "section_method",
        "method_abbreviation",
        "repository_url",
        "raw_metadata",
        "Experiment",
        "entry_repository_url",
        "experiment_publish_time",
        "atom_labels",
        "method_name",
        "section_sample",
        "chemical_name",
        "section_material",
        "data_type",
        "section_data",
        "chemical_formula",
        "repository_name"
      ],
      "group_hash": "o9w9uHLjmPR6HdUnVHQeIQNexcqH"
    }
  }
}