{
  "processing_logs": [
    {
      "event": "received process function call",
      "task": "None",
      "proc": "Calc",
      "process": "re_process_calc",
      "tasks_status": "PENDING",
      "logger": "nomad.processing",
      "timestamp": "2020-09-24 22:03.07",
      "level": "DEBUG"
    },
    {
      "event": "started process",
      "task": "parsing",
      "proc": "Calc",
      "process": "re_process_calc",
      "tasks_status": "RUNNING",
      "logger": "nomad.processing",
      "timestamp": "2020-09-24 22:03.07",
      "level": "INFO"
    },
    {
      "exec_time": "0.0008513927459716797",
      "input_size": "1442",
      "event": "parser executed",
      "task": "parsing",
      "proc": "Calc",
      "process": "re_process_calc",
      "tasks_status": "RUNNING",
      "parser": "parsers/eels",
      "step": "parsers/eels",
      "logger": "nomad.processing",
      "timestamp": "2020-09-24 22:03.07",
      "level": "INFO"
    },
    {
      "event": "successfully completed task",
      "task": "normalizing",
      "proc": "Calc",
      "process": "re_process_calc",
      "tasks_status": "RUNNING",
      "logger": "nomad.processing",
      "timestamp": "2020-09-24 22:03.07",
      "level": "INFO"
    },
    {
      "event": "successfully completed task",
      "task": "archiving",
      "proc": "Calc",
      "process": "re_process_calc",
      "tasks_status": "RUNNING",
      "logger": "nomad.processing",
      "timestamp": "2020-09-24 22:03.07",
      "level": "INFO"
    },
    {
      "exec_time": "0.0010445117950439453",
      "step": "metadata",
      "event": "saved calc metadata",
      "task": "archiving",
      "proc": "Calc",
      "process": "re_process_calc",
      "tasks_status": "RUNNING",
      "logger": "nomad.processing",
      "timestamp": "2020-09-24 22:03.07",
      "level": "INFO"
    },
    {
      "exec_time": "0.01055455207824707",
      "step": "index",
      "event": "indexed",
      "task": "archiving",
      "proc": "Calc",
      "process": "re_process_calc",
      "tasks_status": "RUNNING",
      "logger": "nomad.processing",
      "timestamp": "2020-09-24 22:03.07",
      "level": "INFO"
    }
  ],
  "section_experiment": {
    "experiment_publish_time": "2017-07-05T14:40:48",
    "raw_metadata": {
      "id": 22074,
      "title": "Molybdenum",
      "permalink": "https://eelsdb.eu/spectra/molybdenum/",
      "author": {
        "name": "Ian MacLaren",
        "profile_url": "https://eelsdb.eu/author/maclariz/",
        "profile_api_url": "https://api.eelsdb.eu/author/maclariz/"
      },
      "published": "2017-07-05 14:40:48",
      "description": "Spectrum plotted as an absolute differential cross section in barns",
      "comment_count": 0,
      "api_permalink": "https://api.eelsdb.eu/spectra/molybdenum/",
      "download_link": "https://eelsdb.eu/wp-content/uploads/2017/07/016-mo-cross-section-barns-times-1p25.msa",
      "type": "Core Loss",
      "formula": "Mo",
      "elements": [
        "Mo"
      ],
      "microscope": "JEOL ARM200F",
      "max_energy": "3852.51 eV",
      "min_energy": "1805.51 eV",
      "source_purity": "Sputtered thin film",
      "edges": [
        "Mo_L2,3",
        "Mo_L1"
      ],
      "guntype": "CFEG",
      "beamenergy": "200 kV",
      "resolution": "0.5 eV",
      "monochromated": "No",
      "stepSize": "1 eV/pixel",
      "convergence": "29 mrad",
      "collection": "36 mrad",
      "probesize": ".04 nm^2",
      "integratetime": "40 secs",
      "readouts": "20",
      "detector": "GIF Quantum ER",
      "darkcurrent": "Yes",
      "gainvariation": "Yes",
      "calibration": "Low loss + drift tube",
      "thickness": ".47 t/&lambda;",
      "deconvolutions": [
        "Fourier-ratio"
      ],
      "associated_spectra": [
        {
          "name": "MoO2",
          "link": "https://eelsdb.eu/spectra/moo2-3/",
          "type": "Core Loss"
        }
      ]
    },
    "section_data": {
      "repository_name": "Electron Energy Loss Spectroscopy (EELS) database",
      "repository_url": "https://eelsdb.eu",
      "entry_repository_url": "https://eelsdb.eu/spectra/molybdenum/"
    },
    "section_method": {
      "data_type": "spectrum",
      "method_name": "electron energy loss spectroscopy",
      "method_abbreviation": "EELS"
    },
    "section_sample": {
      "section_material": {
        "chemical_formula": "Mo",
        "chemical_name": "Molybdenum",
        "atom_labels": [
          "Mo"
        ]
      }
    }
  },
  "section_metadata": {
    "upload_id": "hSOY_Y0iQjqvoiH-Hu-0xg",
    "calc_id": "GWJQuqS21YWLtvYkQi6_KKH2rG1g",
    "calc_hash": "nIopD0L8q6NYYo7Y0zXWLnuhSpRZ",
    "mainfile": "ems_data/eelsdb/spectra/molybdenum/metadata.json",
    "files": [
      "ems_data/eelsdb/spectra/molybdenum/metadata.json",
      "ems_data/eelsdb/spectra/molybdenum/data.msa"
    ],
    "domain": "ems",
    "published": true,
    "processed": true,
    "last_processing": "2020-09-24T22:03:07.667603",
    "nomad_version": "1.0.0",
    "nomad_commit": "4d71fee0",
    "parser_name": "parsers/eels",
    "comment": "Spectrum plotted as an absolute differential cross section in barns",
    "references": [
      "https://eelsdb.eu/spectra/molybdenum/",
      "https://api.eelsdb.eu/spectra/molybdenum/",
      "https://eelsdb.eu/wp-content/uploads/2017/07/016-mo-cross-section-barns-times-1p25.msa"
    ],
    "external_db": "EELSDB",
    "uploader": "05375d3f-87e5-4266-9ec8-e80bfe2a739d",
    "coauthors": [
      {
        "first_name": "Ian",
        "last_name": "MacLaren"
      }
    ],
    "shared_with": [],
    "with_embargo": false,
    "upload_time": "2020-09-07T14:33:37.396000",
    "upload_name": "ems_data.zip",
    "datasets": [
      "zAStTK1PQLaZ9V9krYVzUQ",
      "kpRslScITpW-5O6mlxpzMw"
    ],
    "external_id": "22074",
    "last_edit": "2020-09-07T14:45:09.330000",
    "formula": "Mo",
    "atoms": [
      "Mo"
    ],
    "n_atoms": 1,
    "ems": {
      "chemical": "Molybdenum",
      "sample_constituents": "unavailable",
      "sample_microstructure": "unavailable",
      "experiment_summary": "None",
      "origin_time": "2017-07-05T14:40:48",
      "method": "electron energy loss spectroscopy",
      "data_type": "spectrum",
      "probing_method": "unavailable",
      "repository_name": "Electron Energy Loss Spectroscopy (EELS) database",
      "repository_url": "https://eelsdb.eu",
      "entry_repository_url": "https://eelsdb.eu/spectra/molybdenum/",
      "preview_url": "None",
      "quantities": [
        "section_method",
        "method_abbreviation",
        "repository_url",
        "raw_metadata",
        "Experiment",
        "entry_repository_url",
        "experiment_publish_time",
        "atom_labels",
        "method_name",
        "section_sample",
        "chemical_name",
        "section_material",
        "data_type",
        "section_data",
        "chemical_formula",
        "repository_name"
      ],
      "group_hash": "iWz6pI3a090nf1jGkIvZtIlzPtZj"
    }
  }
}