{
  "processing_logs": [
    {
      "event": "received process function call",
      "task": "None",
      "proc": "Calc",
      "process": "re_process_calc",
      "tasks_status": "PENDING",
      "logger": "nomad.processing",
      "timestamp": "2020-09-24 22:03.06",
      "level": "DEBUG"
    },
    {
      "event": "started process",
      "task": "parsing",
      "proc": "Calc",
      "process": "re_process_calc",
      "tasks_status": "RUNNING",
      "logger": "nomad.processing",
      "timestamp": "2020-09-24 22:03.06",
      "level": "INFO"
    },
    {
      "exec_time": "0.0012993812561035156",
      "input_size": "1012",
      "event": "parser executed",
      "task": "parsing",
      "proc": "Calc",
      "process": "re_process_calc",
      "tasks_status": "RUNNING",
      "parser": "parsers/eels",
      "step": "parsers/eels",
      "logger": "nomad.processing",
      "timestamp": "2020-09-24 22:03.06",
      "level": "INFO"
    },
    {
      "event": "successfully completed task",
      "task": "normalizing",
      "proc": "Calc",
      "process": "re_process_calc",
      "tasks_status": "RUNNING",
      "logger": "nomad.processing",
      "timestamp": "2020-09-24 22:03.06",
      "level": "INFO"
    },
    {
      "event": "successfully completed task",
      "task": "archiving",
      "proc": "Calc",
      "process": "re_process_calc",
      "tasks_status": "RUNNING",
      "logger": "nomad.processing",
      "timestamp": "2020-09-24 22:03.06",
      "level": "INFO"
    },
    {
      "exec_time": "0.0018334388732910156",
      "step": "metadata",
      "event": "saved calc metadata",
      "task": "archiving",
      "proc": "Calc",
      "process": "re_process_calc",
      "tasks_status": "RUNNING",
      "logger": "nomad.processing",
      "timestamp": "2020-09-24 22:03.07",
      "level": "INFO"
    },
    {
      "exec_time": "0.01655435562133789",
      "step": "index",
      "event": "indexed",
      "task": "archiving",
      "proc": "Calc",
      "process": "re_process_calc",
      "tasks_status": "RUNNING",
      "logger": "nomad.processing",
      "timestamp": "2020-09-24 22:03.07",
      "level": "INFO"
    }
  ],
  "section_experiment": {
    "experiment_publish_time": "2016-12-07T11:25:56",
    "raw_metadata": {
      "id": 22056,
      "title": "FeAl",
      "permalink": "https://eelsdb.eu/spectra/feal/",
      "author": {
        "name": "magnunor",
        "profile_url": "https://eelsdb.eu/author/magnus/",
        "profile_api_url": "https://api.eelsdb.eu/author/magnus/"
      },
      "published": "2016-12-07 11:25:56",
      "description": "",
      "comment_count": 0,
      "api_permalink": "https://api.eelsdb.eu/spectra/feal/",
      "download_link": "https://eelsdb.eu/wp-content/uploads/2016/12/FeAl2.msa",
      "type": "Core Loss",
      "formula": "FeAl",
      "elements": [
        "Fe",
        "Al"
      ],
      "microscope": "ARM 200cF",
      "max_energy": "865.5 eV",
      "min_energy": "612 eV",
      "edges": [
        "Fe_L2,3"
      ],
      "guntype": "Cold Field Emission Gun",
      "beamenergy": "200 kV",
      "resolution": "0.7 eV",
      "monochromated": "No",
      "stepSize": "0.25 eV/pixel",
      "convergence": "27.42 mrad",
      "collection": "33.19 mrad",
      "detector": "GIF Quantum ER",
      "darkcurrent": "No",
      "gainvariation": "No",
      "calibration": "Energy scale aligned using zero loss peak"
    },
    "section_data": {
      "repository_name": "Electron Energy Loss Spectroscopy (EELS) database",
      "repository_url": "https://eelsdb.eu",
      "entry_repository_url": "https://eelsdb.eu/spectra/feal/"
    },
    "section_method": {
      "data_type": "spectrum",
      "method_name": "electron energy loss spectroscopy",
      "method_abbreviation": "EELS"
    },
    "section_sample": {
      "section_material": {
        "chemical_formula": "FeAl",
        "chemical_name": "FeAl",
        "atom_labels": [
          "Fe",
          "Al"
        ]
      }
    }
  },
  "section_metadata": {
    "upload_id": "hSOY_Y0iQjqvoiH-Hu-0xg",
    "calc_id": "H6WWJKvF0Cz-5fB4o1FI1vC_k-Jj",
    "calc_hash": "pG9fNo-GJerZHvIJWjZEPuQmeoEu",
    "mainfile": "ems_data/eelsdb/spectra/feal/metadata.json",
    "files": [
      "ems_data/eelsdb/spectra/feal/metadata.json",
      "ems_data/eelsdb/spectra/feal/data.msa"
    ],
    "domain": "ems",
    "published": true,
    "processed": true,
    "last_processing": "2020-09-24T22:03:06.947654",
    "nomad_version": "1.0.0",
    "nomad_commit": "4d71fee0",
    "parser_name": "parsers/eels",
    "comment": "",
    "references": [
      "https://eelsdb.eu/spectra/feal/",
      "https://api.eelsdb.eu/spectra/feal/",
      "https://eelsdb.eu/wp-content/uploads/2016/12/FeAl2.msa"
    ],
    "external_db": "EELSDB",
    "uploader": "05375d3f-87e5-4266-9ec8-e80bfe2a739d",
    "coauthors": [
      {
        "first_name": "",
        "last_name": "Magnunor"
      }
    ],
    "shared_with": [],
    "with_embargo": false,
    "upload_time": "2020-09-07T14:33:37.396000",
    "upload_name": "ems_data.zip",
    "datasets": [
      "zAStTK1PQLaZ9V9krYVzUQ",
      "kpRslScITpW-5O6mlxpzMw"
    ],
    "external_id": "22056",
    "last_edit": "2020-09-07T14:45:09.330000",
    "formula": "FeAl",
    "atoms": [
      "Al",
      "Fe"
    ],
    "n_atoms": 2,
    "ems": {
      "chemical": "FeAl",
      "sample_constituents": "unavailable",
      "sample_microstructure": "unavailable",
      "experiment_summary": "None",
      "origin_time": "2016-12-07T11:25:56",
      "method": "electron energy loss spectroscopy",
      "data_type": "spectrum",
      "probing_method": "unavailable",
      "repository_name": "Electron Energy Loss Spectroscopy (EELS) database",
      "repository_url": "https://eelsdb.eu",
      "entry_repository_url": "https://eelsdb.eu/spectra/feal/",
      "preview_url": "None",
      "quantities": [
        "section_method",
        "method_abbreviation",
        "repository_url",
        "raw_metadata",
        "Experiment",
        "entry_repository_url",
        "experiment_publish_time",
        "atom_labels",
        "method_name",
        "section_sample",
        "chemical_name",
        "section_material",
        "data_type",
        "section_data",
        "chemical_formula",
        "repository_name"
      ],
      "group_hash": "HBdmye8Y1hwVi7ApcY_y44RM_Jmz"
    }
  }
}