{
  "processing_logs": [
    {
      "event": "received process function call",
      "task": "None",
      "proc": "Calc",
      "process": "re_process_calc",
      "tasks_status": "PENDING",
      "logger": "nomad.processing",
      "timestamp": "2020-09-24 22:03.08",
      "level": "DEBUG"
    },
    {
      "event": "started process",
      "task": "parsing",
      "proc": "Calc",
      "process": "re_process_calc",
      "tasks_status": "RUNNING",
      "logger": "nomad.processing",
      "timestamp": "2020-09-24 22:03.08",
      "level": "INFO"
    },
    {
      "exec_time": "0.0011715888977050781",
      "input_size": "1294",
      "event": "parser executed",
      "task": "parsing",
      "proc": "Calc",
      "process": "re_process_calc",
      "tasks_status": "RUNNING",
      "parser": "parsers/eels",
      "step": "parsers/eels",
      "logger": "nomad.processing",
      "timestamp": "2020-09-24 22:03.08",
      "level": "INFO"
    },
    {
      "event": "successfully completed task",
      "task": "normalizing",
      "proc": "Calc",
      "process": "re_process_calc",
      "tasks_status": "RUNNING",
      "logger": "nomad.processing",
      "timestamp": "2020-09-24 22:03.08",
      "level": "INFO"
    },
    {
      "event": "successfully completed task",
      "task": "archiving",
      "proc": "Calc",
      "process": "re_process_calc",
      "tasks_status": "RUNNING",
      "logger": "nomad.processing",
      "timestamp": "2020-09-24 22:03.08",
      "level": "INFO"
    },
    {
      "exec_time": "0.0012385845184326172",
      "step": "metadata",
      "event": "saved calc metadata",
      "task": "archiving",
      "proc": "Calc",
      "process": "re_process_calc",
      "tasks_status": "RUNNING",
      "logger": "nomad.processing",
      "timestamp": "2020-09-24 22:03.08",
      "level": "INFO"
    },
    {
      "exec_time": "0.00970602035522461",
      "step": "index",
      "event": "indexed",
      "task": "archiving",
      "proc": "Calc",
      "process": "re_process_calc",
      "tasks_status": "RUNNING",
      "logger": "nomad.processing",
      "timestamp": "2020-09-24 22:03.08",
      "level": "INFO"
    }
  ],
  "section_experiment": {
    "experiment_publish_time": "2017-07-05T14:41:04",
    "raw_metadata": {
      "id": 22084,
      "title": "Tungsten silicide (amorphous",
      "permalink": "https://eelsdb.eu/spectra/tungsten-silicide-amorphous/",
      "author": {
        "name": "Ian MacLaren",
        "profile_url": "https://eelsdb.eu/author/maclariz/",
        "profile_api_url": "https://api.eelsdb.eu/author/maclariz/"
      },
      "published": "2017-07-05 14:41:04",
      "description": "Sputtered thin amorphous film",
      "comment_count": 0,
      "api_permalink": "https://api.eelsdb.eu/spectra/tungsten-silicide-amorphous/",
      "download_link": "https://eelsdb.eu/wp-content/uploads/2017/07/017-WSi-Deconvolved-Spectrum.msa",
      "type": "Core Loss",
      "formula": "W3Si",
      "elements": [
        "W",
        "Si"
      ],
      "microscope": "JEOL ARM200F",
      "max_energy": "11747 eV",
      "min_energy": "9700 eV",
      "source_purity": "Approximate composition, probably a little W-rich",
      "guntype": "CFEG",
      "beamenergy": "200 kV",
      "resolution": "0.5 eV",
      "monochromated": "No",
      "stepSize": "1 eV/pixel",
      "convergence": "29 mrad",
      "collection": "36 mrad",
      "probesize": ".04 nm^2",
      "detector": "GIF Quantum ER",
      "darkcurrent": "Yes",
      "gainvariation": "Yes",
      "calibration": "Low loss + drift tube + shift of magnet excitation (i.e. absolute energies may be slightly inaccurate)",
      "deconvolutions": [
        "Fourier-ratio"
      ]
    },
    "section_data": {
      "repository_name": "Electron Energy Loss Spectroscopy (EELS) database",
      "repository_url": "https://eelsdb.eu",
      "entry_repository_url": "https://eelsdb.eu/spectra/tungsten-silicide-amorphous/"
    },
    "section_method": {
      "data_type": "spectrum",
      "method_name": "electron energy loss spectroscopy",
      "method_abbreviation": "EELS"
    },
    "section_sample": {
      "section_material": {
        "chemical_formula": "W3Si",
        "chemical_name": "Tungsten silicide (amorphous",
        "atom_labels": [
          "W",
          "Si"
        ]
      }
    }
  },
  "section_metadata": {
    "upload_id": "hSOY_Y0iQjqvoiH-Hu-0xg",
    "calc_id": "hffRWX6f75Vlfo30lkGyYytYsGBS",
    "calc_hash": "-Jqo-TqPWzWPP-CxnGImzs7wnTH6",
    "mainfile": "ems_data/eelsdb/spectra/tungsten-silicide-amorphou/metadata.json",
    "files": [
      "ems_data/eelsdb/spectra/tungsten-silicide-amorphou/metadata.json",
      "ems_data/eelsdb/spectra/tungsten-silicide-amorphou/data.msa"
    ],
    "domain": "ems",
    "published": true,
    "processed": true,
    "last_processing": "2020-09-24T22:03:08.353622",
    "nomad_version": "1.0.0",
    "nomad_commit": "4d71fee0",
    "parser_name": "parsers/eels",
    "comment": "Sputtered thin amorphous film",
    "references": [
      "https://eelsdb.eu/spectra/tungsten-silicide-amorphous/",
      "https://api.eelsdb.eu/spectra/tungsten-silicide-amorphous/",
      "https://eelsdb.eu/wp-content/uploads/2017/07/017-WSi-Deconvolved-Spectrum.msa"
    ],
    "external_db": "EELSDB",
    "uploader": "05375d3f-87e5-4266-9ec8-e80bfe2a739d",
    "coauthors": [
      {
        "first_name": "Ian",
        "last_name": "MacLaren"
      }
    ],
    "shared_with": [],
    "with_embargo": false,
    "upload_time": "2020-09-07T14:33:37.396000",
    "upload_name": "ems_data.zip",
    "datasets": [
      "zAStTK1PQLaZ9V9krYVzUQ",
      "kpRslScITpW-5O6mlxpzMw"
    ],
    "external_id": "22084",
    "last_edit": "2020-09-07T14:45:09.330000",
    "formula": "W3Si",
    "atoms": [
      "Si",
      "W"
    ],
    "n_atoms": 2,
    "ems": {
      "chemical": "Tungsten silicide (amorphous",
      "sample_constituents": "unavailable",
      "sample_microstructure": "unavailable",
      "experiment_summary": "None",
      "origin_time": "2017-07-05T14:41:04",
      "method": "electron energy loss spectroscopy",
      "data_type": "spectrum",
      "probing_method": "unavailable",
      "repository_name": "Electron Energy Loss Spectroscopy (EELS) database",
      "repository_url": "https://eelsdb.eu",
      "entry_repository_url": "https://eelsdb.eu/spectra/tungsten-silicide-amorphous/",
      "preview_url": "None",
      "quantities": [
        "section_method",
        "method_abbreviation",
        "repository_url",
        "raw_metadata",
        "Experiment",
        "entry_repository_url",
        "experiment_publish_time",
        "atom_labels",
        "method_name",
        "section_sample",
        "chemical_name",
        "section_material",
        "data_type",
        "section_data",
        "chemical_formula",
        "repository_name"
      ],
      "group_hash": "61VZ3wcJATkGwJGJlp4CVw1SX6ar"
    }
  }
}