{
  "processing_logs": [
    {
      "event": "received process function call",
      "task": "None",
      "proc": "Calc",
      "process": "re_process_calc",
      "tasks_status": "PENDING",
      "logger": "nomad.processing",
      "timestamp": "2020-09-24 22:03.08",
      "level": "DEBUG"
    },
    {
      "event": "started process",
      "task": "parsing",
      "proc": "Calc",
      "process": "re_process_calc",
      "tasks_status": "RUNNING",
      "logger": "nomad.processing",
      "timestamp": "2020-09-24 22:03.08",
      "level": "INFO"
    },
    {
      "exec_time": "0.0013141632080078125",
      "input_size": "1942",
      "event": "parser executed",
      "task": "parsing",
      "proc": "Calc",
      "process": "re_process_calc",
      "tasks_status": "RUNNING",
      "parser": "parsers/eels",
      "step": "parsers/eels",
      "logger": "nomad.processing",
      "timestamp": "2020-09-24 22:03.08",
      "level": "INFO"
    },
    {
      "event": "successfully completed task",
      "task": "normalizing",
      "proc": "Calc",
      "process": "re_process_calc",
      "tasks_status": "RUNNING",
      "logger": "nomad.processing",
      "timestamp": "2020-09-24 22:03.08",
      "level": "INFO"
    },
    {
      "event": "successfully completed task",
      "task": "archiving",
      "proc": "Calc",
      "process": "re_process_calc",
      "tasks_status": "RUNNING",
      "logger": "nomad.processing",
      "timestamp": "2020-09-24 22:03.08",
      "level": "INFO"
    },
    {
      "exec_time": "0.0019578933715820312",
      "step": "metadata",
      "event": "saved calc metadata",
      "task": "archiving",
      "proc": "Calc",
      "process": "re_process_calc",
      "tasks_status": "RUNNING",
      "logger": "nomad.processing",
      "timestamp": "2020-09-24 22:03.08",
      "level": "INFO"
    },
    {
      "exec_time": "0.013148784637451172",
      "step": "index",
      "event": "indexed",
      "task": "archiving",
      "proc": "Calc",
      "process": "re_process_calc",
      "tasks_status": "RUNNING",
      "logger": "nomad.processing",
      "timestamp": "2020-09-24 22:03.08",
      "level": "INFO"
    }
  ],
  "section_experiment": {
    "experiment_publish_time": "2015-09-13T16:11:24",
    "raw_metadata": {
      "id": 21821,
      "title": "Zero-loss c-FEG Hitachi Disp 0.214 eV",
      "permalink": "https://eelsdb.eu/spectra/zero-loss-c-feg-hitachi-disp-0-214-ev/",
      "author": {
        "name": "Luc Lajaunie",
        "profile_url": "https://eelsdb.eu/author/luc-lajaunie/",
        "profile_api_url": "https://api.eelsdb.eu/author/luc-lajaunie/"
      },
      "published": "2015-09-13 16:11:24",
      "description": "",
      "comment_count": 0,
      "api_permalink": "https://api.eelsdb.eu/spectra/zero-loss-c-feg-hitachi-disp-0-214-ev/",
      "download_link": "https://eelsdb.eu/wp-content/uploads/2015/09/ol2c.msa",
      "type": "Zero Loss",
      "formula": "No",
      "elements": [
        "No"
      ],
      "microscope": "Hitachi HF2000",
      "max_energy": "206.08 eV",
      "min_energy": "-63.56 eV",
      "guntype": "c-FEG",
      "beamenergy": "100 kV",
      "resolution": "1.5 eV",
      "monochromated": "No",
      "stepSize": "0.214 eV/pixel",
      "convergence": "1.4 mrad",
      "collection": "4.6 mrad",
      "probesize": "30 nm^2",
      "detector": "modiﬁed Gatan PEELS 666 spectrometer",
      "darkcurrent": "No",
      "gainvariation": "No",
      "reference": {
        "authors": "L. Lajaunie, F. Boucher, R. Dessapt, P. Moreau",
        "year": "2015",
        "journal": "Ultramicroscopy",
        "title": "Quantitative use of electron energy-loss spectroscopy Mo-M2,3 edges for the study of molybdenum oxides",
        "volume": "149",
        "page": "1-8",
        "doi": "10.1016/j.ultramic.2014.11.002",
        "url": "http://dx.doi.org/10.1016/j.ultramic.2014.11.002"
      },
      "associated_spectra": [
        {
          "name": "MoO3",
          "link": "https://eelsdb.eu/spectra/moo3-2/",
          "type": "Core Loss"
        },
        {
          "name": "MoO2",
          "link": "https://eelsdb.eu/spectra/moo2/",
          "type": "Core Loss"
        },
        {
          "name": "MoO2",
          "link": "https://eelsdb.eu/spectra/moo2-2/",
          "type": "Low Loss"
        },
        {
          "name": "MoO3",
          "link": "https://eelsdb.eu/spectra/moo3-3/",
          "type": "Low Loss"
        }
      ]
    },
    "section_data": {
      "repository_name": "Electron Energy Loss Spectroscopy (EELS) database",
      "repository_url": "https://eelsdb.eu",
      "entry_repository_url": "https://eelsdb.eu/spectra/zero-loss-c-feg-hitachi-disp-0-214-ev/"
    },
    "section_method": {
      "data_type": "spectrum",
      "method_name": "electron energy loss spectroscopy",
      "method_abbreviation": "EELS"
    },
    "section_sample": {
      "section_material": {
        "chemical_formula": "No",
        "chemical_name": "Zero-loss c-FEG Hitachi Disp 0.214 eV",
        "atom_labels": [
          "No"
        ]
      }
    }
  },
  "section_metadata": {
    "upload_id": "hSOY_Y0iQjqvoiH-Hu-0xg",
    "calc_id": "hSVe0U-cqED2fK1nPZlXkH0UWtyN",
    "calc_hash": "i_3wE_cAKtzLS5J70C9z7rgCvs21",
    "mainfile": "ems_data/eelsdb/spectra/zero-loss-c-feg-hitachi-disp-0-214-ev/metadata.json",
    "files": [
      "ems_data/eelsdb/spectra/zero-loss-c-feg-hitachi-disp-0-214-ev/metadata.json",
      "ems_data/eelsdb/spectra/zero-loss-c-feg-hitachi-disp-0-214-ev/data.msa"
    ],
    "domain": "ems",
    "published": true,
    "processed": true,
    "last_processing": "2020-09-24T22:03:08.454789",
    "nomad_version": "1.0.0",
    "nomad_commit": "4d71fee0",
    "parser_name": "parsers/eels",
    "comment": "",
    "references": [
      "https://eelsdb.eu/spectra/zero-loss-c-feg-hitachi-disp-0-214-ev/",
      "https://api.eelsdb.eu/spectra/zero-loss-c-feg-hitachi-disp-0-214-ev/",
      "https://eelsdb.eu/wp-content/uploads/2015/09/ol2c.msa",
      "L. Lajaunie, F. Boucher, R. Dessapt, P. Moreau; 2015; Ultramicroscopy; Quantitative use of electron energy-loss spectroscopy Mo-M2,3 edges for the study of molybdenum oxides; 149; 1-8; 10.1016/j.ultramic.2014.11.002; http://dx.doi.org/10.1016/j.ultramic.2014.11.002"
    ],
    "external_db": "EELSDB",
    "uploader": "05375d3f-87e5-4266-9ec8-e80bfe2a739d",
    "coauthors": [
      {
        "first_name": "Luc",
        "last_name": "Lajaunie"
      }
    ],
    "shared_with": [],
    "with_embargo": false,
    "upload_time": "2020-09-07T14:33:37.396000",
    "upload_name": "ems_data.zip",
    "datasets": [
      "zAStTK1PQLaZ9V9krYVzUQ",
      "kpRslScITpW-5O6mlxpzMw"
    ],
    "external_id": "21821",
    "last_edit": "2020-09-07T14:45:09.330000",
    "formula": "No",
    "atoms": [
      "No"
    ],
    "n_atoms": 1,
    "ems": {
      "chemical": "Zero-loss c-FEG Hitachi Disp 0.214 eV",
      "sample_constituents": "unavailable",
      "sample_microstructure": "unavailable",
      "experiment_summary": "None",
      "origin_time": "2015-09-13T16:11:24",
      "method": "electron energy loss spectroscopy",
      "data_type": "spectrum",
      "probing_method": "unavailable",
      "repository_name": "Electron Energy Loss Spectroscopy (EELS) database",
      "repository_url": "https://eelsdb.eu",
      "entry_repository_url": "https://eelsdb.eu/spectra/zero-loss-c-feg-hitachi-disp-0-214-ev/",
      "preview_url": "None",
      "quantities": [
        "section_method",
        "method_abbreviation",
        "repository_url",
        "raw_metadata",
        "Experiment",
        "entry_repository_url",
        "experiment_publish_time",
        "atom_labels",
        "method_name",
        "section_sample",
        "chemical_name",
        "section_material",
        "data_type",
        "section_data",
        "chemical_formula",
        "repository_name"
      ],
      "group_hash": "BlI9TJtVsQaVVFZEiqE-WJi1IzVK"
    }
  }
}