{
  "processing_logs": [
    {
      "event": "received process function call",
      "task": "None",
      "proc": "Calc",
      "process": "re_process_calc",
      "tasks_status": "PENDING",
      "logger": "nomad.processing",
      "timestamp": "2020-09-24 22:03.07",
      "level": "DEBUG"
    },
    {
      "event": "started process",
      "task": "parsing",
      "proc": "Calc",
      "process": "re_process_calc",
      "tasks_status": "RUNNING",
      "logger": "nomad.processing",
      "timestamp": "2020-09-24 22:03.07",
      "level": "INFO"
    },
    {
      "exec_time": "0.0011017322540283203",
      "input_size": "1805",
      "event": "parser executed",
      "task": "parsing",
      "proc": "Calc",
      "process": "re_process_calc",
      "tasks_status": "RUNNING",
      "parser": "parsers/eels",
      "step": "parsers/eels",
      "logger": "nomad.processing",
      "timestamp": "2020-09-24 22:03.07",
      "level": "INFO"
    },
    {
      "event": "successfully completed task",
      "task": "normalizing",
      "proc": "Calc",
      "process": "re_process_calc",
      "tasks_status": "RUNNING",
      "logger": "nomad.processing",
      "timestamp": "2020-09-24 22:03.07",
      "level": "INFO"
    },
    {
      "event": "successfully completed task",
      "task": "archiving",
      "proc": "Calc",
      "process": "re_process_calc",
      "tasks_status": "RUNNING",
      "logger": "nomad.processing",
      "timestamp": "2020-09-24 22:03.07",
      "level": "INFO"
    },
    {
      "exec_time": "0.0010294914245605469",
      "step": "metadata",
      "event": "saved calc metadata",
      "task": "archiving",
      "proc": "Calc",
      "process": "re_process_calc",
      "tasks_status": "RUNNING",
      "logger": "nomad.processing",
      "timestamp": "2020-09-24 22:03.07",
      "level": "INFO"
    },
    {
      "exec_time": "0.012347221374511719",
      "step": "index",
      "event": "indexed",
      "task": "archiving",
      "proc": "Calc",
      "process": "re_process_calc",
      "tasks_status": "RUNNING",
      "logger": "nomad.processing",
      "timestamp": "2020-09-24 22:03.07",
      "level": "INFO"
    }
  ],
  "section_experiment": {
    "experiment_publish_time": "2005-04-20T00:00:00",
    "raw_metadata": {
      "id": 21567,
      "title": "Magnesium carbonate",
      "permalink": "https://eelsdb.eu/spectra/magnesium-carbonate/",
      "author": {
        "name": "Ferdinand Hofer",
        "profile_url": "https://eelsdb.eu/author/ferdinand-hofer/",
        "profile_api_url": "https://api.eelsdb.eu/author/ferdinand-hofer/"
      },
      "published": "2005-04-20 00:00:00",
      "description": "The spectra given in the article are analogous to this one but not the same.  Analyst: Irmgard Rom. Temperature: Room. ",
      "comment_count": 0,
      "api_permalink": "https://api.eelsdb.eu/spectra/magnesium-carbonate/",
      "keywords": [
        "imported from old site"
      ],
      "download_link": "https://eelsdb.eu/wp-content/uploads/2015/09/Dspec.39168.1.msa",
      "type": "Core Loss",
      "formula": "MgCO3",
      "elements": [
        "Mg",
        "C",
        "O"
      ],
      "microscope": "Philips CM20",
      "max_energy": "614.3 eV",
      "min_energy": "512 eV",
      "source_purity": "commercial powder Merck",
      "edges": [
        "O_K"
      ],
      "guntype": "LaB6",
      "beamenergy": "200 kV",
      "resolution": "1.2 eV",
      "monochromated": "No",
      "stepSize": "0.1 eV/pixel",
      "convergence": "6.4 mrad",
      "collection": "7.6 mrad",
      "probesize": "200 nm^2",
      "readouts": "1",
      "detector": "Parallel: GIF",
      "darkcurrent": "Yes",
      "gainvariation": "Yes",
      "reference": {
        "authors": "Ferdinand Hofer, Peter Golob",
        "year": "1987",
        "journal": "Ultramicroscopy",
        "title": "New examples for near-edge fine structures in electron energy loss spectroscopy",
        "volume": "21",
        "issue": "4",
        "page": "379-383",
        "doi": "10.1016/0304-3991(87)90036-2",
        "url": "http://dx.doi.org/10.1016/0304-3991(87)90036-2"
      },
      "other_links": [
        {
          "url": "http://pc-web.cemes.fr/eelsdb/index.php?page=displayspec.php&id=43",
          "title": "Old EELS DB"
        }
      ]
    },
    "section_data": {
      "repository_name": "Electron Energy Loss Spectroscopy (EELS) database",
      "repository_url": "https://eelsdb.eu",
      "entry_repository_url": "https://eelsdb.eu/spectra/magnesium-carbonate/"
    },
    "section_method": {
      "data_type": "spectrum",
      "method_name": "electron energy loss spectroscopy",
      "method_abbreviation": "EELS"
    },
    "section_sample": {
      "section_material": {
        "chemical_formula": "MgCO3",
        "chemical_name": "Magnesium carbonate",
        "atom_labels": [
          "Mg",
          "C",
          "O"
        ]
      }
    }
  },
  "section_metadata": {
    "upload_id": "hSOY_Y0iQjqvoiH-Hu-0xg",
    "calc_id": "hZ1RHdOZ4qVWpeaHb3__f64fogEb",
    "calc_hash": "SYbRmBaN3VHA6r6omj-6b7sbkAX6",
    "mainfile": "ems_data/eelsdb/spectra/magnesium-carbonate/metadata.json",
    "files": [
      "ems_data/eelsdb/spectra/magnesium-carbonate/metadata.json",
      "ems_data/eelsdb/spectra/magnesium-carbonate/data.msa"
    ],
    "domain": "ems",
    "published": true,
    "processed": true,
    "last_processing": "2020-09-24T22:03:07.604441",
    "nomad_version": "1.0.0",
    "nomad_commit": "4d71fee0",
    "parser_name": "parsers/eels",
    "comment": "The spectra given in the article are analogous to this one but not the same.  Analyst: Irmgard Rom. Temperature: Room. ",
    "references": [
      "https://eelsdb.eu/spectra/magnesium-carbonate/",
      "https://api.eelsdb.eu/spectra/magnesium-carbonate/",
      "https://eelsdb.eu/wp-content/uploads/2015/09/Dspec.39168.1.msa",
      "Ferdinand Hofer, Peter Golob; 1987; Ultramicroscopy; New examples for near-edge fine structures in electron energy loss spectroscopy; 21; 4; 379-383; 10.1016/0304-3991(87)90036-2; http://dx.doi.org/10.1016/0304-3991(87)90036-2"
    ],
    "external_db": "EELSDB",
    "uploader": "05375d3f-87e5-4266-9ec8-e80bfe2a739d",
    "coauthors": [
      {
        "first_name": "Ferdinand",
        "last_name": "Hofer"
      }
    ],
    "shared_with": [],
    "with_embargo": false,
    "upload_time": "2020-09-07T14:33:37.396000",
    "upload_name": "ems_data.zip",
    "datasets": [
      "zAStTK1PQLaZ9V9krYVzUQ",
      "kpRslScITpW-5O6mlxpzMw"
    ],
    "external_id": "21567",
    "last_edit": "2020-09-07T14:45:09.330000",
    "formula": "MgCO3",
    "atoms": [
      "C",
      "Mg",
      "O"
    ],
    "n_atoms": 3,
    "ems": {
      "chemical": "Magnesium carbonate",
      "sample_constituents": "unavailable",
      "sample_microstructure": "unavailable",
      "experiment_summary": "None",
      "origin_time": "2005-04-20T00:00:00",
      "method": "electron energy loss spectroscopy",
      "data_type": "spectrum",
      "probing_method": "unavailable",
      "repository_name": "Electron Energy Loss Spectroscopy (EELS) database",
      "repository_url": "https://eelsdb.eu",
      "entry_repository_url": "https://eelsdb.eu/spectra/magnesium-carbonate/",
      "preview_url": "None",
      "quantities": [
        "section_method",
        "method_abbreviation",
        "repository_url",
        "raw_metadata",
        "Experiment",
        "entry_repository_url",
        "experiment_publish_time",
        "atom_labels",
        "method_name",
        "section_sample",
        "chemical_name",
        "section_material",
        "data_type",
        "section_data",
        "chemical_formula",
        "repository_name"
      ],
      "group_hash": "8MXJk52mAF_W8uTMYspcRKPlwfGz"
    }
  }
}