{
  "processing_logs": [
    {
      "event": "received process function call",
      "task": "None",
      "proc": "Calc",
      "process": "re_process_calc",
      "tasks_status": "PENDING",
      "logger": "nomad.processing",
      "timestamp": "2020-09-24 22:03.06",
      "level": "DEBUG"
    },
    {
      "event": "started process",
      "task": "parsing",
      "proc": "Calc",
      "process": "re_process_calc",
      "tasks_status": "RUNNING",
      "logger": "nomad.processing",
      "timestamp": "2020-09-24 22:03.06",
      "level": "INFO"
    },
    {
      "exec_time": "0.000812530517578125",
      "input_size": "1703",
      "event": "parser executed",
      "task": "parsing",
      "proc": "Calc",
      "process": "re_process_calc",
      "tasks_status": "RUNNING",
      "parser": "parsers/eels",
      "step": "parsers/eels",
      "logger": "nomad.processing",
      "timestamp": "2020-09-24 22:03.06",
      "level": "INFO"
    },
    {
      "event": "successfully completed task",
      "task": "normalizing",
      "proc": "Calc",
      "process": "re_process_calc",
      "tasks_status": "RUNNING",
      "logger": "nomad.processing",
      "timestamp": "2020-09-24 22:03.06",
      "level": "INFO"
    },
    {
      "event": "successfully completed task",
      "task": "archiving",
      "proc": "Calc",
      "process": "re_process_calc",
      "tasks_status": "RUNNING",
      "logger": "nomad.processing",
      "timestamp": "2020-09-24 22:03.06",
      "level": "INFO"
    },
    {
      "exec_time": "0.0017902851104736328",
      "step": "metadata",
      "event": "saved calc metadata",
      "task": "archiving",
      "proc": "Calc",
      "process": "re_process_calc",
      "tasks_status": "RUNNING",
      "logger": "nomad.processing",
      "timestamp": "2020-09-24 22:03.06",
      "level": "INFO"
    },
    {
      "exec_time": "0.013357400894165039",
      "step": "index",
      "event": "indexed",
      "task": "archiving",
      "proc": "Calc",
      "process": "re_process_calc",
      "tasks_status": "RUNNING",
      "logger": "nomad.processing",
      "timestamp": "2020-09-24 22:03.06",
      "level": "INFO"
    }
  ],
  "section_experiment": {
    "experiment_publish_time": "2008-03-04T00:00:00",
    "raw_metadata": {
      "id": 21745,
      "title": "cobalt oxide",
      "permalink": "https://eelsdb.eu/spectra/cobalt-oxide-4/",
      "author": {
        "name": "Dominique Imhoff",
        "profile_url": "https://eelsdb.eu/author/imhoff/",
        "profile_api_url": "https://api.eelsdb.eu/author/imhoff/"
      },
      "published": "2008-03-04 00:00:00",
      "description": "great care has been put on the energy dispersion calibration of the detector.\r\n\r\nsee OK in CoO. Analyst: dominique IMHOFF. Temperature: Room. ",
      "comment_count": 0,
      "api_permalink": "https://api.eelsdb.eu/spectra/cobalt-oxide-4/",
      "keywords": [
        "imported from old site"
      ],
      "download_link": "https://eelsdb.eu/wp-content/uploads/2015/09/Dspecb0w2RL.msa",
      "type": "Core Loss",
      "formula": "CoO",
      "elements": [
        "Co",
        "O"
      ],
      "microscope": "STEM-VG",
      "max_energy": "888.37 eV",
      "min_energy": "748.41 eV",
      "source_purity": "CoO layer",
      "edges": [
        "Co_L2,3"
      ],
      "guntype": "cold field emission",
      "beamenergy": "100 kV",
      "resolution": "0.6 eV",
      "stepSize": "0.289 eV/pixel",
      "acquisition_mode": "STEM",
      "convergence": "7 mrad",
      "collection": "22 mrad",
      "probesize": "0.7 nm^2",
      "integratetime": "0.3 secs",
      "readouts": "50",
      "detector": "Parallel: 666 + CCD modified Orsay",
      "darkcurrent": "Yes",
      "gainvariation": "No",
      "reference": {
        "freetext": "Multi-scale analysis of the nanostructured granular solid CoO-Ag by TEM and EELS,\r\nYu-Zhang K., Imhoff D., Leprince-Wang Y., Roy E., Zhou S-M., Chien C-L.,\r\nActa-Materialia,  51(4), 1157-66, 2003"
      },
      "other_links": [
        {
          "url": "http://pc-web.cemes.fr/eelsdb/index.php?page=displayspec.php&id=236",
          "title": "Old EELS DB"
        }
      ]
    },
    "section_data": {
      "repository_name": "Electron Energy Loss Spectroscopy (EELS) database",
      "repository_url": "https://eelsdb.eu",
      "entry_repository_url": "https://eelsdb.eu/spectra/cobalt-oxide-4/"
    },
    "section_method": {
      "data_type": "spectrum",
      "method_name": "electron energy loss spectroscopy",
      "method_abbreviation": "EELS"
    },
    "section_sample": {
      "section_material": {
        "chemical_formula": "CoO",
        "chemical_name": "cobalt oxide",
        "atom_labels": [
          "Co",
          "O"
        ]
      }
    }
  },
  "section_metadata": {
    "upload_id": "hSOY_Y0iQjqvoiH-Hu-0xg",
    "calc_id": "i3QJXMXTk_ejjVoo58G8iRs6PNJK",
    "calc_hash": "csbmPtJ3EXTAW_IeyLCWsflRDhOG",
    "mainfile": "ems_data/eelsdb/spectra/cobalt-oxide-4/metadata.json",
    "files": [
      "ems_data/eelsdb/spectra/cobalt-oxide-4/metadata.json",
      "ems_data/eelsdb/spectra/cobalt-oxide-4/data.msa"
    ],
    "domain": "ems",
    "published": true,
    "processed": true,
    "last_processing": "2020-09-24T22:03:06.668229",
    "nomad_version": "1.0.0",
    "nomad_commit": "4d71fee0",
    "parser_name": "parsers/eels",
    "comment": "great care has been put on the energy dispersion calibration of the detector.\r\n\r\nsee OK in CoO. Analyst: dominique IMHOFF. Temperature: Room. ",
    "references": [
      "https://eelsdb.eu/spectra/cobalt-oxide-4/",
      "https://api.eelsdb.eu/spectra/cobalt-oxide-4/",
      "https://eelsdb.eu/wp-content/uploads/2015/09/Dspecb0w2RL.msa",
      "Multi-scale analysis of the nanostructured granular solid CoO-Ag by TEM and EELS,; Yu-Zhang K., Imhoff D., Leprince-Wang Y., Roy E., Zhou S-M., Chien C-L.,; Acta-Materialia,  51(4), 1157-66, 2003"
    ],
    "external_db": "EELSDB",
    "uploader": "05375d3f-87e5-4266-9ec8-e80bfe2a739d",
    "coauthors": [
      {
        "first_name": "Dominique",
        "last_name": "Imhoff"
      }
    ],
    "shared_with": [],
    "with_embargo": false,
    "upload_time": "2020-09-07T14:33:37.396000",
    "upload_name": "ems_data.zip",
    "datasets": [
      "zAStTK1PQLaZ9V9krYVzUQ",
      "kpRslScITpW-5O6mlxpzMw"
    ],
    "external_id": "21745",
    "last_edit": "2020-09-07T14:45:09.330000",
    "formula": "CoO",
    "atoms": [
      "Co",
      "O"
    ],
    "n_atoms": 2,
    "ems": {
      "chemical": "cobalt oxide",
      "sample_constituents": "unavailable",
      "sample_microstructure": "unavailable",
      "experiment_summary": "None",
      "origin_time": "2008-03-04T00:00:00",
      "method": "electron energy loss spectroscopy",
      "data_type": "spectrum",
      "probing_method": "unavailable",
      "repository_name": "Electron Energy Loss Spectroscopy (EELS) database",
      "repository_url": "https://eelsdb.eu",
      "entry_repository_url": "https://eelsdb.eu/spectra/cobalt-oxide-4/",
      "preview_url": "None",
      "quantities": [
        "section_method",
        "method_abbreviation",
        "repository_url",
        "raw_metadata",
        "Experiment",
        "entry_repository_url",
        "experiment_publish_time",
        "atom_labels",
        "method_name",
        "section_sample",
        "chemical_name",
        "section_material",
        "data_type",
        "section_data",
        "chemical_formula",
        "repository_name"
      ],
      "group_hash": "O5FoMnfsdIXqh0qDt84r0SVgH2kq"
    }
  }
}