{
  "processing_logs": [
    {
      "event": "received process function call",
      "task": "None",
      "proc": "Calc",
      "process": "re_process_calc",
      "tasks_status": "PENDING",
      "logger": "nomad.processing",
      "timestamp": "2020-09-24 22:03.06",
      "level": "DEBUG"
    },
    {
      "event": "started process",
      "task": "parsing",
      "proc": "Calc",
      "process": "re_process_calc",
      "tasks_status": "RUNNING",
      "logger": "nomad.processing",
      "timestamp": "2020-09-24 22:03.06",
      "level": "INFO"
    },
    {
      "exec_time": "0.0012106895446777344",
      "input_size": "1555",
      "event": "parser executed",
      "task": "parsing",
      "proc": "Calc",
      "process": "re_process_calc",
      "tasks_status": "RUNNING",
      "parser": "parsers/eels",
      "step": "parsers/eels",
      "logger": "nomad.processing",
      "timestamp": "2020-09-24 22:03.06",
      "level": "INFO"
    },
    {
      "event": "successfully completed task",
      "task": "normalizing",
      "proc": "Calc",
      "process": "re_process_calc",
      "tasks_status": "RUNNING",
      "logger": "nomad.processing",
      "timestamp": "2020-09-24 22:03.06",
      "level": "INFO"
    },
    {
      "event": "successfully completed task",
      "task": "archiving",
      "proc": "Calc",
      "process": "re_process_calc",
      "tasks_status": "RUNNING",
      "logger": "nomad.processing",
      "timestamp": "2020-09-24 22:03.06",
      "level": "INFO"
    },
    {
      "exec_time": "0.001775503158569336",
      "step": "metadata",
      "event": "saved calc metadata",
      "task": "archiving",
      "proc": "Calc",
      "process": "re_process_calc",
      "tasks_status": "RUNNING",
      "logger": "nomad.processing",
      "timestamp": "2020-09-24 22:03.06",
      "level": "INFO"
    },
    {
      "exec_time": "0.01418447494506836",
      "step": "index",
      "event": "indexed",
      "task": "archiving",
      "proc": "Calc",
      "process": "re_process_calc",
      "tasks_status": "RUNNING",
      "logger": "nomad.processing",
      "timestamp": "2020-09-24 22:03.06",
      "level": "INFO"
    }
  ],
  "section_experiment": {
    "experiment_publish_time": "2008-02-07T00:00:00",
    "raw_metadata": {
      "id": 21702,
      "title": "Boron Nitride single wall nanotube",
      "permalink": "https://eelsdb.eu/spectra/boron-nitride-single-wall-nanotube/",
      "author": {
        "name": "Odile Stephan",
        "profile_url": "https://eelsdb.eu/author/stephan/",
        "profile_api_url": "https://api.eelsdb.eu/author/stephan/"
      },
      "published": "2008-02-07 00:00:00",
      "description": "the probe size is larger than the nanotube diameter. All orientations are averaged. Analyst: Odile Stephan, Raul Arenal de la Concha. Temperature: Room. ",
      "comment_count": 0,
      "api_permalink": "https://api.eelsdb.eu/spectra/boron-nitride-single-wall-nanotube/",
      "keywords": [
        "imported from old site"
      ],
      "download_link": "https://eelsdb.eu/wp-content/uploads/2015/09/DspecInywnN.msa",
      "type": "Core Loss",
      "formula": "BN",
      "elements": [
        "B",
        "N"
      ],
      "microscope": "STEM-VG",
      "max_energy": "742.97 eV",
      "min_energy": "144.08 eV",
      "edges": [
        "B_K",
        "N_K"
      ],
      "guntype": "Cold FEG",
      "beamenergy": "100 kV",
      "resolution": "0.7 eV",
      "monochromated": "No",
      "stepSize": "0.477 eV/pixel",
      "convergence": "15 mrad",
      "collection": "24 mrad",
      "probesize": "1 nm^2",
      "detector": "Parallel: 666 Gatan",
      "darkcurrent": "Yes",
      "gainvariation": "No",
      "reference": {
        "freetext": "Raul Arenal de la Concha,PhD thesis,2005 (http://lem.onera.fr/download/These_Raul-Arenal.pdf)"
      },
      "other_links": [
        {
          "url": "http://pc-web.cemes.fr/eelsdb/index.php?page=displayspec.php&id=192",
          "title": "Old EELS DB"
        }
      ]
    },
    "section_data": {
      "repository_name": "Electron Energy Loss Spectroscopy (EELS) database",
      "repository_url": "https://eelsdb.eu",
      "entry_repository_url": "https://eelsdb.eu/spectra/boron-nitride-single-wall-nanotube/"
    },
    "section_method": {
      "data_type": "spectrum",
      "method_name": "electron energy loss spectroscopy",
      "method_abbreviation": "EELS"
    },
    "section_sample": {
      "section_material": {
        "chemical_formula": "BN",
        "chemical_name": "Boron Nitride single wall nanotube",
        "atom_labels": [
          "B",
          "N"
        ]
      }
    }
  },
  "section_metadata": {
    "upload_id": "hSOY_Y0iQjqvoiH-Hu-0xg",
    "calc_id": "ID5ijG2IEJHtLEaihqNGwv7x6R-r",
    "calc_hash": "UE99qCcOpxX3aHEKsV-F3GYRI_7u",
    "mainfile": "ems_data/eelsdb/spectra/boron-nitride-single-wall-nanotube/metadata.json",
    "files": [
      "ems_data/eelsdb/spectra/boron-nitride-single-wall-nanotube/metadata.json",
      "ems_data/eelsdb/spectra/boron-nitride-single-wall-nanotube/data.msa"
    ],
    "domain": "ems",
    "published": true,
    "processed": true,
    "last_processing": "2020-09-24T22:03:06.168111",
    "nomad_version": "1.0.0",
    "nomad_commit": "4d71fee0",
    "parser_name": "parsers/eels",
    "comment": "the probe size is larger than the nanotube diameter. All orientations are averaged. Analyst: Odile Stephan, Raul Arenal de la Concha. Temperature: Room. ",
    "references": [
      "https://eelsdb.eu/spectra/boron-nitride-single-wall-nanotube/",
      "https://api.eelsdb.eu/spectra/boron-nitride-single-wall-nanotube/",
      "https://eelsdb.eu/wp-content/uploads/2015/09/DspecInywnN.msa",
      "Raul Arenal de la Concha,PhD thesis,2005 (http://lem.onera.fr/download/These_Raul-Arenal.pdf)"
    ],
    "external_db": "EELSDB",
    "uploader": "05375d3f-87e5-4266-9ec8-e80bfe2a739d",
    "coauthors": [
      {
        "first_name": "Odile",
        "last_name": "Stephan"
      }
    ],
    "shared_with": [],
    "with_embargo": false,
    "upload_time": "2020-09-07T14:33:37.396000",
    "upload_name": "ems_data.zip",
    "datasets": [
      "zAStTK1PQLaZ9V9krYVzUQ",
      "kpRslScITpW-5O6mlxpzMw"
    ],
    "external_id": "21702",
    "last_edit": "2020-09-07T14:45:09.330000",
    "formula": "BN",
    "atoms": [
      "B",
      "N"
    ],
    "n_atoms": 2,
    "ems": {
      "chemical": "Boron Nitride single wall nanotube",
      "sample_constituents": "unavailable",
      "sample_microstructure": "unavailable",
      "experiment_summary": "None",
      "origin_time": "2008-02-07T00:00:00",
      "method": "electron energy loss spectroscopy",
      "data_type": "spectrum",
      "probing_method": "unavailable",
      "repository_name": "Electron Energy Loss Spectroscopy (EELS) database",
      "repository_url": "https://eelsdb.eu",
      "entry_repository_url": "https://eelsdb.eu/spectra/boron-nitride-single-wall-nanotube/",
      "preview_url": "None",
      "quantities": [
        "section_method",
        "method_abbreviation",
        "repository_url",
        "raw_metadata",
        "Experiment",
        "entry_repository_url",
        "experiment_publish_time",
        "atom_labels",
        "method_name",
        "section_sample",
        "chemical_name",
        "section_material",
        "data_type",
        "section_data",
        "chemical_formula",
        "repository_name"
      ],
      "group_hash": "VchTm4SUrtv1_n5qSYn2L2K9wdZP"
    }
  }
}