{
  "processing_logs": [
    {
      "event": "received process function call",
      "task": "None",
      "proc": "Calc",
      "process": "re_process_calc",
      "tasks_status": "PENDING",
      "logger": "nomad.processing",
      "timestamp": "2020-09-24 22:03.08",
      "level": "DEBUG"
    },
    {
      "event": "started process",
      "task": "parsing",
      "proc": "Calc",
      "process": "re_process_calc",
      "tasks_status": "RUNNING",
      "logger": "nomad.processing",
      "timestamp": "2020-09-24 22:03.08",
      "level": "INFO"
    },
    {
      "exec_time": "0.0010504722595214844",
      "input_size": "1557",
      "event": "parser executed",
      "task": "parsing",
      "proc": "Calc",
      "process": "re_process_calc",
      "tasks_status": "RUNNING",
      "parser": "parsers/eels",
      "step": "parsers/eels",
      "logger": "nomad.processing",
      "timestamp": "2020-09-24 22:03.08",
      "level": "INFO"
    },
    {
      "event": "successfully completed task",
      "task": "normalizing",
      "proc": "Calc",
      "process": "re_process_calc",
      "tasks_status": "RUNNING",
      "logger": "nomad.processing",
      "timestamp": "2020-09-24 22:03.08",
      "level": "INFO"
    },
    {
      "event": "successfully completed task",
      "task": "archiving",
      "proc": "Calc",
      "process": "re_process_calc",
      "tasks_status": "RUNNING",
      "logger": "nomad.processing",
      "timestamp": "2020-09-24 22:03.08",
      "level": "INFO"
    },
    {
      "exec_time": "0.0010883808135986328",
      "step": "metadata",
      "event": "saved calc metadata",
      "task": "archiving",
      "proc": "Calc",
      "process": "re_process_calc",
      "tasks_status": "RUNNING",
      "logger": "nomad.processing",
      "timestamp": "2020-09-24 22:03.08",
      "level": "INFO"
    },
    {
      "exec_time": "0.012316703796386719",
      "step": "index",
      "event": "indexed",
      "task": "archiving",
      "proc": "Calc",
      "process": "re_process_calc",
      "tasks_status": "RUNNING",
      "logger": "nomad.processing",
      "timestamp": "2020-09-24 22:03.08",
      "level": "INFO"
    }
  ],
  "section_experiment": {
    "experiment_publish_time": "2008-01-21T00:00:00",
    "raw_metadata": {
      "id": 21677,
      "title": "Silicon nitride",
      "permalink": "https://eelsdb.eu/spectra/silicon-nitride-2/",
      "author": {
        "name": "Vesna Srot",
        "profile_url": "https://eelsdb.eu/author/vesna-srot/",
        "profile_api_url": "https://api.eelsdb.eu/author/vesna-srot/"
      },
      "published": "2008-01-21 00:00:00",
      "description": "not calibrated Analyst: Lingyang Li. Temperature: Room. ",
      "comment_count": 0,
      "api_permalink": "https://api.eelsdb.eu/spectra/silicon-nitride-2/",
      "keywords": [
        "imported from old site"
      ],
      "download_link": "https://eelsdb.eu/wp-content/uploads/2015/09/DspecUQ1g40.msa",
      "type": "Core Loss",
      "formula": "Si3N4",
      "elements": [
        "Si",
        "N"
      ],
      "microscope": "VG HB501UX",
      "max_energy": "719.5 eV",
      "min_energy": "50 eV",
      "source_purity": "Powder",
      "edges": [
        "Si_L2,3",
        "N_K"
      ],
      "guntype": "Cold FEG",
      "beamenergy": "100 kV",
      "resolution": "1 eV",
      "monochromated": "No",
      "stepSize": "0.5 eV/pixel",
      "convergence": "10 mrad",
      "collection": "6.5 mrad",
      "probesize": "0.5 nm^2",
      "integratetime": "0.8 secs",
      "readouts": "5",
      "detector": "Parallel: Gatan ENFINA",
      "darkcurrent": "Yes",
      "gainvariation": "Yes",
      "thickness": "0.46 t/&lambda;",
      "associated_spectra": [
        {
          "name": "Silicon nitride",
          "link": "https://eelsdb.eu/spectra/silicon-nitride/",
          "type": "Low Loss"
        }
      ],
      "other_links": [
        {
          "url": "http://pc-web.cemes.fr/eelsdb/index.php?page=displayspec.php&id=166",
          "title": "Old EELS DB"
        }
      ]
    },
    "section_data": {
      "repository_name": "Electron Energy Loss Spectroscopy (EELS) database",
      "repository_url": "https://eelsdb.eu",
      "entry_repository_url": "https://eelsdb.eu/spectra/silicon-nitride-2/"
    },
    "section_method": {
      "data_type": "spectrum",
      "method_name": "electron energy loss spectroscopy",
      "method_abbreviation": "EELS"
    },
    "section_sample": {
      "section_material": {
        "chemical_formula": "Si3N4",
        "chemical_name": "Silicon nitride",
        "atom_labels": [
          "Si",
          "N"
        ]
      }
    }
  },
  "section_metadata": {
    "upload_id": "hSOY_Y0iQjqvoiH-Hu-0xg",
    "calc_id": "IoKz0vS1XCC0FjZKXHSnSRZFnN8W",
    "calc_hash": "lwEphKr3n-4WLJGC_TTskNNLHMA_",
    "mainfile": "ems_data/eelsdb/spectra/silicon-nitride-2/metadata.json",
    "files": [
      "ems_data/eelsdb/spectra/silicon-nitride-2/metadata.json",
      "ems_data/eelsdb/spectra/silicon-nitride-2/data.msa"
    ],
    "domain": "ems",
    "published": true,
    "processed": true,
    "last_processing": "2020-09-24T22:03:08.074446",
    "nomad_version": "1.0.0",
    "nomad_commit": "4d71fee0",
    "parser_name": "parsers/eels",
    "comment": "not calibrated Analyst: Lingyang Li. Temperature: Room. ",
    "references": [
      "https://eelsdb.eu/spectra/silicon-nitride-2/",
      "https://api.eelsdb.eu/spectra/silicon-nitride-2/",
      "https://eelsdb.eu/wp-content/uploads/2015/09/DspecUQ1g40.msa"
    ],
    "external_db": "EELSDB",
    "uploader": "05375d3f-87e5-4266-9ec8-e80bfe2a739d",
    "coauthors": [
      {
        "first_name": "Vesna",
        "last_name": "Srot"
      }
    ],
    "shared_with": [],
    "with_embargo": false,
    "upload_time": "2020-09-07T14:33:37.396000",
    "upload_name": "ems_data.zip",
    "datasets": [
      "zAStTK1PQLaZ9V9krYVzUQ",
      "kpRslScITpW-5O6mlxpzMw"
    ],
    "external_id": "21677",
    "last_edit": "2020-09-07T14:45:09.330000",
    "formula": "Si3N4",
    "atoms": [
      "N",
      "Si"
    ],
    "n_atoms": 2,
    "ems": {
      "chemical": "Silicon nitride",
      "sample_constituents": "unavailable",
      "sample_microstructure": "unavailable",
      "experiment_summary": "None",
      "origin_time": "2008-01-21T00:00:00",
      "method": "electron energy loss spectroscopy",
      "data_type": "spectrum",
      "probing_method": "unavailable",
      "repository_name": "Electron Energy Loss Spectroscopy (EELS) database",
      "repository_url": "https://eelsdb.eu",
      "entry_repository_url": "https://eelsdb.eu/spectra/silicon-nitride-2/",
      "preview_url": "None",
      "quantities": [
        "section_method",
        "method_abbreviation",
        "repository_url",
        "raw_metadata",
        "Experiment",
        "entry_repository_url",
        "experiment_publish_time",
        "atom_labels",
        "method_name",
        "section_sample",
        "chemical_name",
        "section_material",
        "data_type",
        "section_data",
        "chemical_formula",
        "repository_name"
      ],
      "group_hash": "Ym9sgzgDKKdiCsgptTACCl_ANbEm"
    }
  }
}