{
  "processing_logs": [
    {
      "event": "received process function call",
      "task": "None",
      "proc": "Calc",
      "process": "re_process_calc",
      "tasks_status": "PENDING",
      "logger": "nomad.processing",
      "timestamp": "2020-09-24 22:03.05",
      "level": "DEBUG"
    },
    {
      "event": "started process",
      "task": "parsing",
      "proc": "Calc",
      "process": "re_process_calc",
      "tasks_status": "RUNNING",
      "logger": "nomad.processing",
      "timestamp": "2020-09-24 22:03.05",
      "level": "INFO"
    },
    {
      "exec_time": "0.002262115478515625",
      "input_size": "1595",
      "event": "parser executed",
      "task": "parsing",
      "proc": "Calc",
      "process": "re_process_calc",
      "tasks_status": "RUNNING",
      "parser": "parsers/eels",
      "step": "parsers/eels",
      "logger": "nomad.processing",
      "timestamp": "2020-09-24 22:03.05",
      "level": "INFO"
    },
    {
      "event": "successfully completed task",
      "task": "normalizing",
      "proc": "Calc",
      "process": "re_process_calc",
      "tasks_status": "RUNNING",
      "logger": "nomad.processing",
      "timestamp": "2020-09-24 22:03.05",
      "level": "INFO"
    },
    {
      "event": "successfully completed task",
      "task": "archiving",
      "proc": "Calc",
      "process": "re_process_calc",
      "tasks_status": "RUNNING",
      "logger": "nomad.processing",
      "timestamp": "2020-09-24 22:03.05",
      "level": "INFO"
    },
    {
      "exec_time": "0.0020339488983154297",
      "step": "metadata",
      "event": "saved calc metadata",
      "task": "archiving",
      "proc": "Calc",
      "process": "re_process_calc",
      "tasks_status": "RUNNING",
      "logger": "nomad.processing",
      "timestamp": "2020-09-24 22:03.05",
      "level": "INFO"
    },
    {
      "exec_time": "0.014803409576416016",
      "step": "index",
      "event": "indexed",
      "task": "archiving",
      "proc": "Calc",
      "process": "re_process_calc",
      "tasks_status": "RUNNING",
      "logger": "nomad.processing",
      "timestamp": "2020-09-24 22:03.05",
      "level": "INFO"
    }
  ],
  "section_experiment": {
    "experiment_publish_time": "2017-11-02T19:57:17",
    "raw_metadata": {
      "id": 22092,
      "title": "alpha-Bi2O3",
      "permalink": "https://eelsdb.eu/spectra/alpha-bi2o3/",
      "author": {
        "name": "PauTorru",
        "profile_url": "https://eelsdb.eu/author/pautorru/",
        "profile_api_url": "https://api.eelsdb.eu/author/pautorru/"
      },
      "published": "2017-11-02 19:57:17",
      "description": "",
      "comment_count": 0,
      "api_permalink": "https://api.eelsdb.eu/spectra/alpha-bi2o3/",
      "download_link": "https://eelsdb.eu/wp-content/uploads/2017/11/alpha-Bi2O3.msa",
      "type": "Core Loss",
      "formula": "Bi2O3",
      "elements": [
        "Bi",
        "O"
      ],
      "microscope": "Jeol ARM-200cF",
      "max_energy": "564.55 eV",
      "min_energy": "519.45 eV",
      "source_purity": "99.999% Bi2O3 powder from Sigma-Aldrich",
      "guntype": "cold FEG",
      "beamenergy": "200 kV",
      "resolution": "0.1 eV",
      "monochromated": "No",
      "stepSize": "0.1 eV/pixel",
      "acquisition_mode": "stem",
      "convergence": "27.78 mrad",
      "collection": "35 mrad",
      "detector": "Quantum GIF",
      "darkcurrent": "Yes",
      "gainvariation": "Yes",
      "calibration": "Dual EELS",
      "reference": {
        "authors": "Pau Torruella, Catalina Coll, Gemma Martin, Lluis Lopez-Conesa, María Vila, Carlos Díaz-Guerra, María Varela, Maria Luisa Ruiz-González, Javier Piqueras, Francesca Peiró, and Sonia Estrade",
        "year": "2017",
        "journal": "Journal of Physical Chemistry C",
        "title": "Assessing Oxygen Vacancies in Bismuth Oxide Through EELS Measurements and DFT Simulations",
        "doi": "10.1021/acs.jpcc.7b06310",
        "url": "http://pubs.acs.org/doi/pdf/10.1021/acs.jpcc.7b06310"
      }
    },
    "section_data": {
      "repository_name": "Electron Energy Loss Spectroscopy (EELS) database",
      "repository_url": "https://eelsdb.eu",
      "entry_repository_url": "https://eelsdb.eu/spectra/alpha-bi2o3/"
    },
    "section_method": {
      "data_type": "spectrum",
      "method_name": "electron energy loss spectroscopy",
      "method_abbreviation": "EELS"
    },
    "section_sample": {
      "section_material": {
        "chemical_formula": "Bi2O3",
        "chemical_name": "alpha-Bi2O3",
        "atom_labels": [
          "Bi",
          "O"
        ]
      }
    }
  },
  "section_metadata": {
    "upload_id": "hSOY_Y0iQjqvoiH-Hu-0xg",
    "calc_id": "IrBGQrkXRJyZ6aCwgjgx7Zk1nL9m",
    "calc_hash": "mTA31m2xKaZxvuL_GBUYQ_6vD08b",
    "mainfile": "ems_data/eelsdb/spectra/alpha-bi2o3/metadata.json",
    "files": [
      "ems_data/eelsdb/spectra/alpha-bi2o3/metadata.json",
      "ems_data/eelsdb/spectra/alpha-bi2o3/data.msa"
    ],
    "domain": "ems",
    "published": true,
    "processed": true,
    "last_processing": "2020-09-24T22:03:05.537287",
    "nomad_version": "1.0.0",
    "nomad_commit": "4d71fee0",
    "parser_name": "parsers/eels",
    "comment": "",
    "references": [
      "https://eelsdb.eu/spectra/alpha-bi2o3/",
      "https://api.eelsdb.eu/spectra/alpha-bi2o3/",
      "https://eelsdb.eu/wp-content/uploads/2017/11/alpha-Bi2O3.msa",
      "Pau Torruella, Catalina Coll, Gemma Martin, Lluis Lopez-Conesa, María Vila, Carlos Díaz-Guerra, María Varela, Maria Luisa Ruiz-González, Javier Piqueras, Francesca Peiró, and Sonia Estrade; 2017; Journal of Physical Chemistry C; Assessing Oxygen Vacancies in Bismuth Oxide Through EELS Measurements and DFT Simulations; 10.1021/acs.jpcc.7b06310; http://pubs.acs.org/doi/pdf/10.1021/acs.jpcc.7b06310"
    ],
    "external_db": "EELSDB",
    "uploader": "05375d3f-87e5-4266-9ec8-e80bfe2a739d",
    "coauthors": [
      {
        "first_name": "",
        "last_name": "PauTorru"
      }
    ],
    "shared_with": [],
    "with_embargo": false,
    "upload_time": "2020-09-07T14:33:37.396000",
    "upload_name": "ems_data.zip",
    "datasets": [
      "zAStTK1PQLaZ9V9krYVzUQ",
      "kpRslScITpW-5O6mlxpzMw"
    ],
    "external_id": "22092",
    "last_edit": "2020-09-07T14:45:09.330000",
    "formula": "Bi2O3",
    "atoms": [
      "Bi",
      "O"
    ],
    "n_atoms": 2,
    "ems": {
      "chemical": "alpha-Bi2O3",
      "sample_constituents": "unavailable",
      "sample_microstructure": "unavailable",
      "experiment_summary": "None",
      "origin_time": "2017-11-02T19:57:17",
      "method": "electron energy loss spectroscopy",
      "data_type": "spectrum",
      "probing_method": "unavailable",
      "repository_name": "Electron Energy Loss Spectroscopy (EELS) database",
      "repository_url": "https://eelsdb.eu",
      "entry_repository_url": "https://eelsdb.eu/spectra/alpha-bi2o3/",
      "preview_url": "None",
      "quantities": [
        "section_method",
        "method_abbreviation",
        "repository_url",
        "raw_metadata",
        "Experiment",
        "entry_repository_url",
        "experiment_publish_time",
        "atom_labels",
        "method_name",
        "section_sample",
        "chemical_name",
        "section_material",
        "data_type",
        "section_data",
        "chemical_formula",
        "repository_name"
      ],
      "group_hash": "W-2Y7HiHMZOnoZNPLE48sYjYQmyL"
    }
  }
}