{
  "processing_logs": [
    {
      "event": "received process function call",
      "task": "None",
      "proc": "Calc",
      "process": "re_process_calc",
      "tasks_status": "PENDING",
      "logger": "nomad.processing",
      "timestamp": "2020-09-24 22:03.08",
      "level": "DEBUG"
    },
    {
      "event": "started process",
      "task": "parsing",
      "proc": "Calc",
      "process": "re_process_calc",
      "tasks_status": "RUNNING",
      "logger": "nomad.processing",
      "timestamp": "2020-09-24 22:03.08",
      "level": "INFO"
    },
    {
      "exec_time": "0.0012390613555908203",
      "input_size": "1088",
      "event": "parser executed",
      "task": "parsing",
      "proc": "Calc",
      "process": "re_process_calc",
      "tasks_status": "RUNNING",
      "parser": "parsers/eels",
      "step": "parsers/eels",
      "logger": "nomad.processing",
      "timestamp": "2020-09-24 22:03.08",
      "level": "INFO"
    },
    {
      "event": "successfully completed task",
      "task": "normalizing",
      "proc": "Calc",
      "process": "re_process_calc",
      "tasks_status": "RUNNING",
      "logger": "nomad.processing",
      "timestamp": "2020-09-24 22:03.08",
      "level": "INFO"
    },
    {
      "event": "successfully completed task",
      "task": "archiving",
      "proc": "Calc",
      "process": "re_process_calc",
      "tasks_status": "RUNNING",
      "logger": "nomad.processing",
      "timestamp": "2020-09-24 22:03.08",
      "level": "INFO"
    },
    {
      "exec_time": "0.0015749931335449219",
      "step": "metadata",
      "event": "saved calc metadata",
      "task": "archiving",
      "proc": "Calc",
      "process": "re_process_calc",
      "tasks_status": "RUNNING",
      "logger": "nomad.processing",
      "timestamp": "2020-09-24 22:03.08",
      "level": "INFO"
    },
    {
      "exec_time": "0.012586355209350586",
      "step": "index",
      "event": "indexed",
      "task": "archiving",
      "proc": "Calc",
      "process": "re_process_calc",
      "tasks_status": "RUNNING",
      "logger": "nomad.processing",
      "timestamp": "2020-09-24 22:03.08",
      "level": "INFO"
    }
  ],
  "section_experiment": {
    "experiment_publish_time": "2016-02-10T14:23:36",
    "raw_metadata": {
      "id": 21918,
      "title": "SrTiO3",
      "permalink": "https://eelsdb.eu/spectra/srtio3/",
      "author": {
        "name": "magnunor",
        "profile_url": "https://eelsdb.eu/author/magnus/",
        "profile_api_url": "https://api.eelsdb.eu/author/magnus/"
      },
      "published": "2016-02-10 14:23:36",
      "description": "Ti-L23 and O-K from SrTiO3",
      "comment_count": 0,
      "api_permalink": "https://api.eelsdb.eu/spectra/srtio3/",
      "download_link": "https://eelsdb.eu/wp-content/uploads/2016/02/srtio32.msa",
      "type": "Core Loss",
      "formula": "SrTiO3",
      "elements": [
        "Sr",
        "Ti",
        "O"
      ],
      "microscope": "ARM 200cF",
      "max_energy": "920.75 eV",
      "min_energy": "410 eV",
      "edges": [
        "Ti_L2,3",
        "Ti_L1",
        "O_K"
      ],
      "guntype": "Cold Field Emission Gun",
      "beamenergy": "200 kV",
      "resolution": "0.7 eV",
      "monochromated": "No",
      "stepSize": "0.25 eV/pixel",
      "acquisition_mode": "stem",
      "convergence": "27.42 mrad",
      "collection": "33.19 mrad",
      "detector": "GIF Quantum ER",
      "darkcurrent": "No",
      "gainvariation": "No",
      "calibration": "zero + dispersion"
    },
    "section_data": {
      "repository_name": "Electron Energy Loss Spectroscopy (EELS) database",
      "repository_url": "https://eelsdb.eu",
      "entry_repository_url": "https://eelsdb.eu/spectra/srtio3/"
    },
    "section_method": {
      "data_type": "spectrum",
      "method_name": "electron energy loss spectroscopy",
      "method_abbreviation": "EELS"
    },
    "section_sample": {
      "section_material": {
        "chemical_formula": "SrTiO3",
        "chemical_name": "SrTiO3",
        "atom_labels": [
          "Sr",
          "Ti",
          "O"
        ]
      }
    }
  },
  "section_metadata": {
    "upload_id": "hSOY_Y0iQjqvoiH-Hu-0xg",
    "calc_id": "iYJz6UWA2lNiP9wwiG1Qc0dbi4tS",
    "calc_hash": "s78sTQklvZKaK49HyPGhRu8pdSjb",
    "mainfile": "ems_data/eelsdb/spectra/srtio3/metadata.json",
    "files": [
      "ems_data/eelsdb/spectra/srtio3/metadata.json",
      "ems_data/eelsdb/spectra/srtio3/data.msa"
    ],
    "domain": "ems",
    "published": true,
    "processed": true,
    "last_processing": "2020-09-24T22:03:08.207065",
    "nomad_version": "1.0.0",
    "nomad_commit": "4d71fee0",
    "parser_name": "parsers/eels",
    "comment": "Ti-L23 and O-K from SrTiO3",
    "references": [
      "https://eelsdb.eu/spectra/srtio3/",
      "https://api.eelsdb.eu/spectra/srtio3/",
      "https://eelsdb.eu/wp-content/uploads/2016/02/srtio32.msa"
    ],
    "external_db": "EELSDB",
    "uploader": "05375d3f-87e5-4266-9ec8-e80bfe2a739d",
    "coauthors": [
      {
        "first_name": "",
        "last_name": "Magnunor"
      }
    ],
    "shared_with": [],
    "with_embargo": false,
    "upload_time": "2020-09-07T14:33:37.396000",
    "upload_name": "ems_data.zip",
    "datasets": [
      "zAStTK1PQLaZ9V9krYVzUQ",
      "kpRslScITpW-5O6mlxpzMw"
    ],
    "external_id": "21918",
    "last_edit": "2020-09-07T14:45:09.330000",
    "formula": "SrTiO3",
    "atoms": [
      "O",
      "Sr",
      "Ti"
    ],
    "n_atoms": 3,
    "ems": {
      "chemical": "SrTiO3",
      "sample_constituents": "unavailable",
      "sample_microstructure": "unavailable",
      "experiment_summary": "None",
      "origin_time": "2016-02-10T14:23:36",
      "method": "electron energy loss spectroscopy",
      "data_type": "spectrum",
      "probing_method": "unavailable",
      "repository_name": "Electron Energy Loss Spectroscopy (EELS) database",
      "repository_url": "https://eelsdb.eu",
      "entry_repository_url": "https://eelsdb.eu/spectra/srtio3/",
      "preview_url": "None",
      "quantities": [
        "section_method",
        "method_abbreviation",
        "repository_url",
        "raw_metadata",
        "Experiment",
        "entry_repository_url",
        "experiment_publish_time",
        "atom_labels",
        "method_name",
        "section_sample",
        "chemical_name",
        "section_material",
        "data_type",
        "section_data",
        "chemical_formula",
        "repository_name"
      ],
      "group_hash": "LJlNzbSrCbLmd8pCokmlwHwKZV2E"
    }
  }
}