{
  "processing_logs": [
    {
      "event": "received process function call",
      "task": "None",
      "proc": "Calc",
      "process": "re_process_calc",
      "tasks_status": "PENDING",
      "logger": "nomad.processing",
      "timestamp": "2020-09-24 22:03.07",
      "level": "DEBUG"
    },
    {
      "event": "started process",
      "task": "parsing",
      "proc": "Calc",
      "process": "re_process_calc",
      "tasks_status": "RUNNING",
      "logger": "nomad.processing",
      "timestamp": "2020-09-24 22:03.07",
      "level": "INFO"
    },
    {
      "exec_time": "0.0008311271667480469",
      "input_size": "1603",
      "event": "parser executed",
      "task": "parsing",
      "proc": "Calc",
      "process": "re_process_calc",
      "tasks_status": "RUNNING",
      "parser": "parsers/eels",
      "step": "parsers/eels",
      "logger": "nomad.processing",
      "timestamp": "2020-09-24 22:03.07",
      "level": "INFO"
    },
    {
      "event": "successfully completed task",
      "task": "normalizing",
      "proc": "Calc",
      "process": "re_process_calc",
      "tasks_status": "RUNNING",
      "logger": "nomad.processing",
      "timestamp": "2020-09-24 22:03.07",
      "level": "INFO"
    },
    {
      "event": "successfully completed task",
      "task": "archiving",
      "proc": "Calc",
      "process": "re_process_calc",
      "tasks_status": "RUNNING",
      "logger": "nomad.processing",
      "timestamp": "2020-09-24 22:03.07",
      "level": "INFO"
    },
    {
      "exec_time": "0.0019500255584716797",
      "step": "metadata",
      "event": "saved calc metadata",
      "task": "archiving",
      "proc": "Calc",
      "process": "re_process_calc",
      "tasks_status": "RUNNING",
      "logger": "nomad.processing",
      "timestamp": "2020-09-24 22:03.07",
      "level": "INFO"
    },
    {
      "exec_time": "0.015273809432983398",
      "step": "index",
      "event": "indexed",
      "task": "archiving",
      "proc": "Calc",
      "process": "re_process_calc",
      "tasks_status": "RUNNING",
      "logger": "nomad.processing",
      "timestamp": "2020-09-24 22:03.07",
      "level": "INFO"
    }
  ],
  "section_experiment": {
    "experiment_publish_time": "2009-12-16T00:00:00",
    "raw_metadata": {
      "id": 21748,
      "title": "Iron titanium oxide",
      "permalink": "https://eelsdb.eu/spectra/iron-titanium-oxide/",
      "author": {
        "name": "Armin Feldhoff",
        "profile_url": "https://eelsdb.eu/author/armin-feldhoff/",
        "profile_api_url": "https://api.eelsdb.eu/author/armin-feldhoff/"
      },
      "published": "2009-12-16 00:00:00",
      "description": " Analyst: Armin Feldhoff. Temperature: Room. ",
      "comment_count": 0,
      "api_permalink": "https://api.eelsdb.eu/spectra/iron-titanium-oxide/",
      "keywords": [
        "imported from old site"
      ],
      "download_link": "https://eelsdb.eu/wp-content/uploads/2015/09/DspecNHeCfD_converted.msa",
      "type": "Core Loss",
      "formula": "FeTiO3",
      "elements": [
        "Fe",
        "Ti",
        "O"
      ],
      "microscope": "JEOL JEM-2100F-UHR",
      "max_energy": "782.1 eV",
      "min_energy": "679.8 eV",
      "source_purity": "Alfa Aesar, purity 99.8%, CAS No. 12022-71-8",
      "edges": [
        "Fe_L2,3"
      ],
      "guntype": "feg Schottky",
      "beamenergy": "200 kV",
      "stepSize": "0.1 eV/pixel",
      "acquisition_mode": "Imaging",
      "convergence": "10 mrad",
      "collection": "16 mrad",
      "integratetime": "20 secs",
      "readouts": "10",
      "detector": "GIF: GIF 2001",
      "darkcurrent": "Yes",
      "gainvariation": "Yes",
      "reference": {
        "freetext": "A. Feldhoff, J. Martynczuk, M. Arnold, M. Myndyk, I. Bergmann, V. Sepelak, W. Gruner, U. Vogt, A. Hähnel, J. Woltersdorf, Journal of Solid State Chemistry 182, 2961-2971 (2009)"
      },
      "other_links": [
        {
          "url": "http://pc-web.cemes.fr/eelsdb/index.php?page=displayspec.php&id=239",
          "title": "Old EELS DB"
        }
      ]
    },
    "section_data": {
      "repository_name": "Electron Energy Loss Spectroscopy (EELS) database",
      "repository_url": "https://eelsdb.eu",
      "entry_repository_url": "https://eelsdb.eu/spectra/iron-titanium-oxide/"
    },
    "section_method": {
      "data_type": "spectrum",
      "method_name": "electron energy loss spectroscopy",
      "method_abbreviation": "EELS"
    },
    "section_sample": {
      "section_material": {
        "chemical_formula": "FeTiO3",
        "chemical_name": "Iron titanium oxide",
        "atom_labels": [
          "Fe",
          "Ti",
          "O"
        ]
      }
    }
  },
  "section_metadata": {
    "upload_id": "hSOY_Y0iQjqvoiH-Hu-0xg",
    "calc_id": "jsRDkv7x8vaEhT_XyW29TLhgw2tA",
    "calc_hash": "lAgll4-dMoZ6gIdHFdXzh-CgBt55",
    "mainfile": "ems_data/eelsdb/spectra/iron-titanium-oxide/metadata.json",
    "files": [
      "ems_data/eelsdb/spectra/iron-titanium-oxide/metadata.json",
      "ems_data/eelsdb/spectra/iron-titanium-oxide/data.msa"
    ],
    "domain": "ems",
    "published": true,
    "processed": true,
    "last_processing": "2020-09-24T22:03:07.376247",
    "nomad_version": "1.0.0",
    "nomad_commit": "4d71fee0",
    "parser_name": "parsers/eels",
    "comment": " Analyst: Armin Feldhoff. Temperature: Room. ",
    "references": [
      "https://eelsdb.eu/spectra/iron-titanium-oxide/",
      "https://api.eelsdb.eu/spectra/iron-titanium-oxide/",
      "https://eelsdb.eu/wp-content/uploads/2015/09/DspecNHeCfD_converted.msa",
      "A. Feldhoff, J. Martynczuk, M. Arnold, M. Myndyk, I. Bergmann, V. Sepelak, W. Gruner, U. Vogt, A. Hähnel, J. Woltersdorf, Journal of Solid State Chemistry 182, 2961-2971 (2009)"
    ],
    "external_db": "EELSDB",
    "uploader": "05375d3f-87e5-4266-9ec8-e80bfe2a739d",
    "coauthors": [
      {
        "first_name": "Armin",
        "last_name": "Feldhoff"
      }
    ],
    "shared_with": [],
    "with_embargo": false,
    "upload_time": "2020-09-07T14:33:37.396000",
    "upload_name": "ems_data.zip",
    "datasets": [
      "zAStTK1PQLaZ9V9krYVzUQ",
      "kpRslScITpW-5O6mlxpzMw"
    ],
    "external_id": "21748",
    "last_edit": "2020-09-07T14:45:09.330000",
    "formula": "FeTiO3",
    "atoms": [
      "Fe",
      "O",
      "Ti"
    ],
    "n_atoms": 3,
    "ems": {
      "chemical": "Iron titanium oxide",
      "sample_constituents": "unavailable",
      "sample_microstructure": "unavailable",
      "experiment_summary": "None",
      "origin_time": "2009-12-16T00:00:00",
      "method": "electron energy loss spectroscopy",
      "data_type": "spectrum",
      "probing_method": "unavailable",
      "repository_name": "Electron Energy Loss Spectroscopy (EELS) database",
      "repository_url": "https://eelsdb.eu",
      "entry_repository_url": "https://eelsdb.eu/spectra/iron-titanium-oxide/",
      "preview_url": "None",
      "quantities": [
        "section_method",
        "method_abbreviation",
        "repository_url",
        "raw_metadata",
        "Experiment",
        "entry_repository_url",
        "experiment_publish_time",
        "atom_labels",
        "method_name",
        "section_sample",
        "chemical_name",
        "section_material",
        "data_type",
        "section_data",
        "chemical_formula",
        "repository_name"
      ],
      "group_hash": "9elCtYGFqko_76pNbvuBOCEu5iO5"
    }
  }
}