{
  "processing_logs": [
    {
      "event": "received process function call",
      "task": "None",
      "proc": "Calc",
      "process": "re_process_calc",
      "tasks_status": "PENDING",
      "logger": "nomad.processing",
      "timestamp": "2020-09-24 22:03.08",
      "level": "DEBUG"
    },
    {
      "event": "started process",
      "task": "parsing",
      "proc": "Calc",
      "process": "re_process_calc",
      "tasks_status": "RUNNING",
      "logger": "nomad.processing",
      "timestamp": "2020-09-24 22:03.08",
      "level": "INFO"
    },
    {
      "exec_time": "0.001291513442993164",
      "input_size": "2854",
      "event": "parser executed",
      "task": "parsing",
      "proc": "Calc",
      "process": "re_process_calc",
      "tasks_status": "RUNNING",
      "parser": "parsers/eels",
      "step": "parsers/eels",
      "logger": "nomad.processing",
      "timestamp": "2020-09-24 22:03.08",
      "level": "INFO"
    },
    {
      "event": "successfully completed task",
      "task": "normalizing",
      "proc": "Calc",
      "process": "re_process_calc",
      "tasks_status": "RUNNING",
      "logger": "nomad.processing",
      "timestamp": "2020-09-24 22:03.08",
      "level": "INFO"
    },
    {
      "event": "successfully completed task",
      "task": "archiving",
      "proc": "Calc",
      "process": "re_process_calc",
      "tasks_status": "RUNNING",
      "logger": "nomad.processing",
      "timestamp": "2020-09-24 22:03.08",
      "level": "INFO"
    },
    {
      "exec_time": "0.0020046234130859375",
      "step": "metadata",
      "event": "saved calc metadata",
      "task": "archiving",
      "proc": "Calc",
      "process": "re_process_calc",
      "tasks_status": "RUNNING",
      "logger": "nomad.processing",
      "timestamp": "2020-09-24 22:03.08",
      "level": "INFO"
    },
    {
      "exec_time": "0.012891530990600586",
      "step": "index",
      "event": "indexed",
      "task": "archiving",
      "proc": "Calc",
      "process": "re_process_calc",
      "tasks_status": "RUNNING",
      "logger": "nomad.processing",
      "timestamp": "2020-09-24 22:03.08",
      "level": "INFO"
    }
  ],
  "section_experiment": {
    "experiment_publish_time": "2016-08-27T21:52:34",
    "raw_metadata": {
      "id": 22015,
      "title": "SrTiO3-(111), light beam damage",
      "permalink": "https://eelsdb.eu/spectra/srtio3-111-light-beam-damage/",
      "author": {
        "name": "magnunor",
        "profile_url": "https://eelsdb.eu/author/magnus/",
        "profile_api_url": "https://api.eelsdb.eu/author/magnus/"
      },
      "published": "2016-08-27 21:52:34",
      "description": "SrTiO3-(111) substrate. This is a part of an electron beam exposure experiment, this spectrum being from the middle of the exposure experiment. There are clear signs of beam damage, with the t2g peaks increasing relative to to the eg peaks.",
      "comment_count": 0,
      "api_permalink": "https://api.eelsdb.eu/spectra/srtio3-111-light-beam-damage/",
      "download_link": "https://eelsdb.eu/wp-content/uploads/2016/08/ti_l23_exposure_middle.msa",
      "type": "Core Loss",
      "formula": "SrTiO3",
      "elements": [
        "Sr",
        "Ti",
        "O"
      ],
      "microscope": "ARM 200cF",
      "max_energy": "85585.14 eV",
      "min_energy": "-8.08 eV",
      "edges": [
        "Ti_L2,3"
      ],
      "guntype": "Cold Field Emission Gun",
      "beamenergy": "200 kV",
      "resolution": "0.7 eV",
      "monochromated": "No",
      "stepSize": "1976.193 eV/pixel",
      "convergence": "34.2 mrad",
      "collection": "66 mrad",
      "detector": "GIF Quantum ER",
      "darkcurrent": "Yes",
      "gainvariation": "Yes",
      "calibration": "Energy scaled aligned using zero loss peak. Power law background removed.",
      "reference": {
        "authors": "Magnus Nord, Per Erik Vullum, Ingrid Hallsteinsen, Thomas Tybell, Randi Holmestad",
        "year": "2016",
        "journal": "Ultramicroscopy",
        "title": "Assessing electron beam sensitivity for SrTiO3 and La0.7Sr0.3MnO3 using electron energy loss spectroscopy",
        "volume": "169",
        "page": "98-106",
        "doi": "10.1016/j.ultramic.2016.07.004",
        "url": "http://dx.doi.org/10.1016/j.ultramic.2016.07.004"
      },
      "associated_spectra": [
        {
          "name": "SrTiO3-(111)",
          "link": "https://eelsdb.eu/spectra/srtio3-111/",
          "type": "Core Loss"
        },
        {
          "name": "SrTiO3-(111), light beam damage",
          "link": "https://eelsdb.eu/spectra/srtio3-111-light-beam-damage/",
          "type": "Core Loss"
        },
        {
          "name": "SrTiO3-(111), heavy beam damage",
          "link": "https://eelsdb.eu/spectra/srtio3-111-heavy-beam-damage/",
          "type": "Core Loss"
        },
        {
          "name": "SrTiO3-(111), light beam damage",
          "link": "https://eelsdb.eu/spectra/srtio3-111-light-beam-damage-2/",
          "type": "Core Loss"
        },
        {
          "name": "SrTiO3-(111)",
          "link": "https://eelsdb.eu/spectra/srtio3-111-2/",
          "type": "Core Loss"
        },
        {
          "name": "SrTiO3-(111), heavy beam damage",
          "link": "https://eelsdb.eu/spectra/srtio3-111-heavy-beam-damage-2/",
          "type": "Core Loss"
        }
      ],
      "other_links": [
        {
          "url": "https://arxiv.org/abs/1608.07814"
        }
      ]
    },
    "section_data": {
      "repository_name": "Electron Energy Loss Spectroscopy (EELS) database",
      "repository_url": "https://eelsdb.eu",
      "entry_repository_url": "https://eelsdb.eu/spectra/srtio3-111-light-beam-damage/"
    },
    "section_method": {
      "data_type": "spectrum",
      "method_name": "electron energy loss spectroscopy",
      "method_abbreviation": "EELS"
    },
    "section_sample": {
      "section_material": {
        "chemical_formula": "SrTiO3",
        "chemical_name": "SrTiO3-(111), light beam damage",
        "atom_labels": [
          "Sr",
          "Ti",
          "O"
        ]
      }
    }
  },
  "section_metadata": {
    "upload_id": "hSOY_Y0iQjqvoiH-Hu-0xg",
    "calc_id": "KwI0HmNPelPTmzMjMn-6SQwJIrFn",
    "calc_hash": "uKA6Gx6c0JmIGPq723qQvluFAG3f",
    "mainfile": "ems_data/eelsdb/spectra/srtio3-111-light-beam-damage/metadata.json",
    "files": [
      "ems_data/eelsdb/spectra/srtio3-111-light-beam-damage/metadata.json",
      "ems_data/eelsdb/spectra/srtio3-111-light-beam-damage/data.msa"
    ],
    "domain": "ems",
    "published": true,
    "processed": true,
    "last_processing": "2020-09-24T22:03:08.197603",
    "nomad_version": "1.0.0",
    "nomad_commit": "4d71fee0",
    "parser_name": "parsers/eels",
    "comment": "SrTiO3-(111) substrate. This is a part of an electron beam exposure experiment, this spectrum being from the middle of the exposure experiment. There are clear signs of beam damage, with the t2g peaks increasing relative to to the eg peaks.",
    "references": [
      "https://eelsdb.eu/spectra/srtio3-111-light-beam-damage/",
      "https://api.eelsdb.eu/spectra/srtio3-111-light-beam-damage/",
      "https://eelsdb.eu/wp-content/uploads/2016/08/ti_l23_exposure_middle.msa",
      "Magnus Nord, Per Erik Vullum, Ingrid Hallsteinsen, Thomas Tybell, Randi Holmestad; 2016; Ultramicroscopy; Assessing electron beam sensitivity for SrTiO3 and La0.7Sr0.3MnO3 using electron energy loss spectroscopy; 169; 98-106; 10.1016/j.ultramic.2016.07.004; http://dx.doi.org/10.1016/j.ultramic.2016.07.004"
    ],
    "external_db": "EELSDB",
    "uploader": "05375d3f-87e5-4266-9ec8-e80bfe2a739d",
    "coauthors": [
      {
        "first_name": "",
        "last_name": "Magnunor"
      }
    ],
    "shared_with": [],
    "with_embargo": false,
    "upload_time": "2020-09-07T14:33:37.396000",
    "upload_name": "ems_data.zip",
    "datasets": [
      "zAStTK1PQLaZ9V9krYVzUQ",
      "kpRslScITpW-5O6mlxpzMw"
    ],
    "external_id": "22015",
    "last_edit": "2020-09-07T14:45:09.330000",
    "formula": "SrTiO3",
    "atoms": [
      "O",
      "Sr",
      "Ti"
    ],
    "n_atoms": 3,
    "ems": {
      "chemical": "SrTiO3-(111), light beam damage",
      "sample_constituents": "unavailable",
      "sample_microstructure": "unavailable",
      "experiment_summary": "None",
      "origin_time": "2016-08-27T21:52:34",
      "method": "electron energy loss spectroscopy",
      "data_type": "spectrum",
      "probing_method": "unavailable",
      "repository_name": "Electron Energy Loss Spectroscopy (EELS) database",
      "repository_url": "https://eelsdb.eu",
      "entry_repository_url": "https://eelsdb.eu/spectra/srtio3-111-light-beam-damage/",
      "preview_url": "None",
      "quantities": [
        "section_method",
        "method_abbreviation",
        "repository_url",
        "raw_metadata",
        "Experiment",
        "entry_repository_url",
        "experiment_publish_time",
        "atom_labels",
        "method_name",
        "section_sample",
        "chemical_name",
        "section_material",
        "data_type",
        "section_data",
        "chemical_formula",
        "repository_name"
      ],
      "group_hash": "-WzAbNzJFlZTAy80gABpBnauwiVA"
    }
  }
}