{
  "processing_logs": [
    {
      "event": "received process function call",
      "task": "None",
      "proc": "Calc",
      "process": "re_process_calc",
      "tasks_status": "PENDING",
      "logger": "nomad.processing",
      "timestamp": "2020-09-24 22:03.06",
      "level": "DEBUG"
    },
    {
      "event": "started process",
      "task": "parsing",
      "proc": "Calc",
      "process": "re_process_calc",
      "tasks_status": "RUNNING",
      "logger": "nomad.processing",
      "timestamp": "2020-09-24 22:03.06",
      "level": "INFO"
    },
    {
      "exec_time": "0.0013496875762939453",
      "input_size": "1599",
      "event": "parser executed",
      "task": "parsing",
      "proc": "Calc",
      "process": "re_process_calc",
      "tasks_status": "RUNNING",
      "parser": "parsers/eels",
      "step": "parsers/eels",
      "logger": "nomad.processing",
      "timestamp": "2020-09-24 22:03.06",
      "level": "INFO"
    },
    {
      "event": "successfully completed task",
      "task": "normalizing",
      "proc": "Calc",
      "process": "re_process_calc",
      "tasks_status": "RUNNING",
      "logger": "nomad.processing",
      "timestamp": "2020-09-24 22:03.06",
      "level": "INFO"
    },
    {
      "event": "successfully completed task",
      "task": "archiving",
      "proc": "Calc",
      "process": "re_process_calc",
      "tasks_status": "RUNNING",
      "logger": "nomad.processing",
      "timestamp": "2020-09-24 22:03.06",
      "level": "INFO"
    },
    {
      "exec_time": "0.0018613338470458984",
      "step": "metadata",
      "event": "saved calc metadata",
      "task": "archiving",
      "proc": "Calc",
      "process": "re_process_calc",
      "tasks_status": "RUNNING",
      "logger": "nomad.processing",
      "timestamp": "2020-09-24 22:03.06",
      "level": "INFO"
    },
    {
      "exec_time": "0.01953911781311035",
      "step": "index",
      "event": "indexed",
      "task": "archiving",
      "proc": "Calc",
      "process": "re_process_calc",
      "tasks_status": "RUNNING",
      "logger": "nomad.processing",
      "timestamp": "2020-09-24 22:03.06",
      "level": "INFO"
    }
  ],
  "section_experiment": {
    "experiment_publish_time": "2007-11-28T00:00:00",
    "raw_metadata": {
      "id": 21640,
      "title": "Copper oxide",
      "permalink": "https://eelsdb.eu/spectra/copper-oxide-5/",
      "author": {
        "name": "KIHN Yolande",
        "profile_url": "https://eelsdb.eu/author/kihn/",
        "profile_api_url": "https://api.eelsdb.eu/author/kihn/"
      },
      "published": "2007-11-28 00:00:00",
      "description": "background removed by ELP Analyst: Y.Kihn. Temperature: Room. ",
      "comment_count": 0,
      "api_permalink": "https://api.eelsdb.eu/spectra/copper-oxide-5/",
      "keywords": [
        "imported from old site"
      ],
      "download_link": "https://eelsdb.eu/wp-content/uploads/2015/09/Dspec44J1O9.msa",
      "type": "Core Loss",
      "formula": "Cu2O",
      "elements": [
        "Cu",
        "O"
      ],
      "microscope": "CM20",
      "max_energy": "1004.5 eV",
      "min_energy": "902.4 eV",
      "edges": [
        "Cu_L2,3"
      ],
      "guntype": "LaB6",
      "beamenergy": "100 kV",
      "stepSize": "0.1 eV/pixel",
      "acquisition_mode": "Diffraction",
      "convergence": "3 mrad",
      "collection": "3 mrad",
      "detector": "Parallel: 666 Gatan",
      "darkcurrent": "Yes",
      "gainvariation": "Yes",
      "reference": {
        "freetext": "Correlation between microstructure and mechanical spectroscopy of a Cu-Cu2O alloy between 290K and 873K,J.P. NGANTCHA, M. GERLAND, Y. KIHN, A. RIVIERE,Eur. Phys. J. Appl. Phys., 29, 83-89, 2005."
      },
      "associated_spectra": [
        {
          "name": "Copper oxide",
          "link": "https://eelsdb.eu/spectra/copper-oxide-4/",
          "type": "Low Loss"
        }
      ],
      "other_links": [
        {
          "url": "http://pc-web.cemes.fr/eelsdb/index.php?page=displayspec.php&id=129",
          "title": "Old EELS DB"
        }
      ]
    },
    "section_data": {
      "repository_name": "Electron Energy Loss Spectroscopy (EELS) database",
      "repository_url": "https://eelsdb.eu",
      "entry_repository_url": "https://eelsdb.eu/spectra/copper-oxide-5/"
    },
    "section_method": {
      "data_type": "spectrum",
      "method_name": "electron energy loss spectroscopy",
      "method_abbreviation": "EELS"
    },
    "section_sample": {
      "section_material": {
        "chemical_formula": "Cu2O",
        "chemical_name": "Copper oxide",
        "atom_labels": [
          "Cu",
          "O"
        ]
      }
    }
  },
  "section_metadata": {
    "upload_id": "hSOY_Y0iQjqvoiH-Hu-0xg",
    "calc_id": "LmZNee12JSWMCDc9zJ4irSfZJAXA",
    "calc_hash": "dHl7bxhkMX7djg6_GCTWgowmEk2A",
    "mainfile": "ems_data/eelsdb/spectra/copper-oxide-5/metadata.json",
    "files": [
      "ems_data/eelsdb/spectra/copper-oxide-5/metadata.json",
      "ems_data/eelsdb/spectra/copper-oxide-5/data.msa"
    ],
    "domain": "ems",
    "published": true,
    "processed": true,
    "last_processing": "2020-09-24T22:03:06.777502",
    "nomad_version": "1.0.0",
    "nomad_commit": "4d71fee0",
    "parser_name": "parsers/eels",
    "comment": "background removed by ELP Analyst: Y.Kihn. Temperature: Room. ",
    "references": [
      "https://eelsdb.eu/spectra/copper-oxide-5/",
      "https://api.eelsdb.eu/spectra/copper-oxide-5/",
      "https://eelsdb.eu/wp-content/uploads/2015/09/Dspec44J1O9.msa",
      "Correlation between microstructure and mechanical spectroscopy of a Cu-Cu2O alloy between 290K and 873K,J.P. NGANTCHA, M. GERLAND, Y. KIHN, A. RIVIERE,Eur. Phys. J. Appl. Phys., 29, 83-89, 2005."
    ],
    "external_db": "EELSDB",
    "uploader": "05375d3f-87e5-4266-9ec8-e80bfe2a739d",
    "coauthors": [
      {
        "first_name": "KIHN",
        "last_name": "Yolande"
      }
    ],
    "shared_with": [],
    "with_embargo": false,
    "upload_time": "2020-09-07T14:33:37.396000",
    "upload_name": "ems_data.zip",
    "datasets": [
      "zAStTK1PQLaZ9V9krYVzUQ",
      "kpRslScITpW-5O6mlxpzMw"
    ],
    "external_id": "21640",
    "last_edit": "2020-09-07T14:45:09.330000",
    "formula": "Cu2O",
    "atoms": [
      "Cu",
      "O"
    ],
    "n_atoms": 2,
    "ems": {
      "chemical": "Copper oxide",
      "sample_constituents": "unavailable",
      "sample_microstructure": "unavailable",
      "experiment_summary": "None",
      "origin_time": "2007-11-28T00:00:00",
      "method": "electron energy loss spectroscopy",
      "data_type": "spectrum",
      "probing_method": "unavailable",
      "repository_name": "Electron Energy Loss Spectroscopy (EELS) database",
      "repository_url": "https://eelsdb.eu",
      "entry_repository_url": "https://eelsdb.eu/spectra/copper-oxide-5/",
      "preview_url": "None",
      "quantities": [
        "section_method",
        "method_abbreviation",
        "repository_url",
        "raw_metadata",
        "Experiment",
        "entry_repository_url",
        "experiment_publish_time",
        "atom_labels",
        "method_name",
        "section_sample",
        "chemical_name",
        "section_material",
        "data_type",
        "section_data",
        "chemical_formula",
        "repository_name"
      ],
      "group_hash": "MKGpbiA-dIxr8K1X8NNEXm9w8GgN"
    }
  }
}