{
  "processing_logs": [
    {
      "event": "received process function call",
      "task": "None",
      "proc": "Calc",
      "process": "re_process_calc",
      "tasks_status": "PENDING",
      "logger": "nomad.processing",
      "timestamp": "2020-09-24 22:03.06",
      "level": "DEBUG"
    },
    {
      "event": "started process",
      "task": "parsing",
      "proc": "Calc",
      "process": "re_process_calc",
      "tasks_status": "RUNNING",
      "logger": "nomad.processing",
      "timestamp": "2020-09-24 22:03.06",
      "level": "INFO"
    },
    {
      "exec_time": "0.0012912750244140625",
      "input_size": "1760",
      "event": "parser executed",
      "task": "parsing",
      "proc": "Calc",
      "process": "re_process_calc",
      "tasks_status": "RUNNING",
      "parser": "parsers/eels",
      "step": "parsers/eels",
      "logger": "nomad.processing",
      "timestamp": "2020-09-24 22:03.06",
      "level": "INFO"
    },
    {
      "event": "successfully completed task",
      "task": "normalizing",
      "proc": "Calc",
      "process": "re_process_calc",
      "tasks_status": "RUNNING",
      "logger": "nomad.processing",
      "timestamp": "2020-09-24 22:03.06",
      "level": "INFO"
    },
    {
      "event": "successfully completed task",
      "task": "archiving",
      "proc": "Calc",
      "process": "re_process_calc",
      "tasks_status": "RUNNING",
      "logger": "nomad.processing",
      "timestamp": "2020-09-24 22:03.06",
      "level": "INFO"
    },
    {
      "exec_time": "0.0010232925415039062",
      "step": "metadata",
      "event": "saved calc metadata",
      "task": "archiving",
      "proc": "Calc",
      "process": "re_process_calc",
      "tasks_status": "RUNNING",
      "logger": "nomad.processing",
      "timestamp": "2020-09-24 22:03.06",
      "level": "INFO"
    },
    {
      "exec_time": "0.017412662506103516",
      "step": "index",
      "event": "indexed",
      "task": "archiving",
      "proc": "Calc",
      "process": "re_process_calc",
      "tasks_status": "RUNNING",
      "logger": "nomad.processing",
      "timestamp": "2020-09-24 22:03.06",
      "level": "INFO"
    }
  ],
  "section_experiment": {
    "experiment_publish_time": "2005-04-20T00:00:00",
    "raw_metadata": {
      "id": 21564,
      "title": "Boron carbide",
      "permalink": "https://eelsdb.eu/spectra/boron-carbide/",
      "author": {
        "name": "Virginie Serin",
        "profile_url": "https://eelsdb.eu/author/serin/",
        "profile_api_url": "https://api.eelsdb.eu/author/serin/"
      },
      "published": "2005-04-20 00:00:00",
      "description": "Residual detector background removed. Analyst: Otmane Abidate. Temperature: Room. ",
      "comment_count": 0,
      "api_permalink": "https://api.eelsdb.eu/spectra/boron-carbide/",
      "keywords": [
        "imported from old site"
      ],
      "download_link": "https://eelsdb.eu/wp-content/uploads/2015/09/Dspec.36108.1.msa",
      "type": "Low Loss",
      "formula": "B4C",
      "elements": [
        "B",
        "C"
      ],
      "microscope": "CM30",
      "max_energy": "87.5 eV",
      "min_energy": "-14.4 eV",
      "source_purity": "Commercial powder Aldrich",
      "guntype": "LaB6",
      "beamenergy": "100 kV",
      "resolution": "1.2 eV",
      "stepSize": "0.1 eV/pixel",
      "acquisition_mode": "Diffraction",
      "convergence": "3.67 mrad",
      "collection": "0.33 mrad",
      "probesize": "60 nm^2",
      "integratetime": "0.1 secs",
      "readouts": "10",
      "detector": "Parallel: 666 Gatan",
      "darkcurrent": "Yes",
      "gainvariation": "Yes",
      "thickness": "0.6 t/&lambda;",
      "reference": {
        "freetext": "Serin V. et al., Carbon, 38 n4, 547-554, 2000"
      },
      "associated_spectra": [
        {
          "name": "Boron carbide",
          "link": "https://eelsdb.eu/spectra/boron-carbide-2/",
          "type": "Core Loss"
        },
        {
          "name": "Boron carbide",
          "link": "https://eelsdb.eu/spectra/boron-carbide-3/",
          "type": "Core Loss"
        }
      ],
      "other_links": [
        {
          "url": "http://pc-web.cemes.fr/eelsdb/index.php?page=displayspec.php&id=40",
          "title": "Old EELS DB"
        }
      ]
    },
    "section_data": {
      "repository_name": "Electron Energy Loss Spectroscopy (EELS) database",
      "repository_url": "https://eelsdb.eu",
      "entry_repository_url": "https://eelsdb.eu/spectra/boron-carbide/"
    },
    "section_method": {
      "data_type": "spectrum",
      "method_name": "electron energy loss spectroscopy",
      "method_abbreviation": "EELS"
    },
    "section_sample": {
      "section_material": {
        "chemical_formula": "B4C",
        "chemical_name": "Boron carbide",
        "atom_labels": [
          "B",
          "C"
        ]
      }
    }
  },
  "section_metadata": {
    "upload_id": "hSOY_Y0iQjqvoiH-Hu-0xg",
    "calc_id": "mNoks9B5j6uyptWLvA4JEUSJnZVL",
    "calc_hash": "qCcETCl2exBrvdZCdnWKZ9rtIsQa",
    "mainfile": "ems_data/eelsdb/spectra/boron-carbide/metadata.json",
    "files": [
      "ems_data/eelsdb/spectra/boron-carbide/metadata.json",
      "ems_data/eelsdb/spectra/boron-carbide/data.msa"
    ],
    "domain": "ems",
    "published": true,
    "processed": true,
    "last_processing": "2020-09-24T22:03:06.051391",
    "nomad_version": "1.0.0",
    "nomad_commit": "4d71fee0",
    "parser_name": "parsers/eels",
    "comment": "Residual detector background removed. Analyst: Otmane Abidate. Temperature: Room. ",
    "references": [
      "https://eelsdb.eu/spectra/boron-carbide/",
      "https://api.eelsdb.eu/spectra/boron-carbide/",
      "https://eelsdb.eu/wp-content/uploads/2015/09/Dspec.36108.1.msa",
      "Serin V. et al., Carbon, 38 n4, 547-554, 2000"
    ],
    "external_db": "EELSDB",
    "uploader": "05375d3f-87e5-4266-9ec8-e80bfe2a739d",
    "coauthors": [
      {
        "first_name": "Virginie",
        "last_name": "Serin"
      }
    ],
    "shared_with": [],
    "with_embargo": false,
    "upload_time": "2020-09-07T14:33:37.396000",
    "upload_name": "ems_data.zip",
    "datasets": [
      "zAStTK1PQLaZ9V9krYVzUQ",
      "kpRslScITpW-5O6mlxpzMw"
    ],
    "external_id": "21564",
    "last_edit": "2020-09-07T14:45:09.330000",
    "formula": "B4C",
    "atoms": [
      "B",
      "C"
    ],
    "n_atoms": 2,
    "ems": {
      "chemical": "Boron carbide",
      "sample_constituents": "unavailable",
      "sample_microstructure": "unavailable",
      "experiment_summary": "None",
      "origin_time": "2005-04-20T00:00:00",
      "method": "electron energy loss spectroscopy",
      "data_type": "spectrum",
      "probing_method": "unavailable",
      "repository_name": "Electron Energy Loss Spectroscopy (EELS) database",
      "repository_url": "https://eelsdb.eu",
      "entry_repository_url": "https://eelsdb.eu/spectra/boron-carbide/",
      "preview_url": "None",
      "quantities": [
        "section_method",
        "method_abbreviation",
        "repository_url",
        "raw_metadata",
        "Experiment",
        "entry_repository_url",
        "experiment_publish_time",
        "atom_labels",
        "method_name",
        "section_sample",
        "chemical_name",
        "section_material",
        "data_type",
        "section_data",
        "chemical_formula",
        "repository_name"
      ],
      "group_hash": "wN_MQigkCwBVZAk4D5nLF6Xuo73F"
    }
  }
}