{
  "processing_logs": [
    {
      "event": "received process function call",
      "task": "None",
      "proc": "Calc",
      "process": "re_process_calc",
      "tasks_status": "PENDING",
      "logger": "nomad.processing",
      "timestamp": "2020-09-24 22:03.05",
      "level": "DEBUG"
    },
    {
      "event": "started process",
      "task": "parsing",
      "proc": "Calc",
      "process": "re_process_calc",
      "tasks_status": "RUNNING",
      "logger": "nomad.processing",
      "timestamp": "2020-09-24 22:03.05",
      "level": "INFO"
    },
    {
      "exec_time": "0.0008323192596435547",
      "input_size": "1377",
      "event": "parser executed",
      "task": "parsing",
      "proc": "Calc",
      "process": "re_process_calc",
      "tasks_status": "RUNNING",
      "parser": "parsers/eels",
      "step": "parsers/eels",
      "logger": "nomad.processing",
      "timestamp": "2020-09-24 22:03.05",
      "level": "INFO"
    },
    {
      "event": "successfully completed task",
      "task": "normalizing",
      "proc": "Calc",
      "process": "re_process_calc",
      "tasks_status": "RUNNING",
      "logger": "nomad.processing",
      "timestamp": "2020-09-24 22:03.05",
      "level": "INFO"
    },
    {
      "event": "successfully completed task",
      "task": "archiving",
      "proc": "Calc",
      "process": "re_process_calc",
      "tasks_status": "RUNNING",
      "logger": "nomad.processing",
      "timestamp": "2020-09-24 22:03.06",
      "level": "INFO"
    },
    {
      "exec_time": "0.0010311603546142578",
      "step": "metadata",
      "event": "saved calc metadata",
      "task": "archiving",
      "proc": "Calc",
      "process": "re_process_calc",
      "tasks_status": "RUNNING",
      "logger": "nomad.processing",
      "timestamp": "2020-09-24 22:03.06",
      "level": "INFO"
    },
    {
      "exec_time": "0.012748003005981445",
      "step": "index",
      "event": "indexed",
      "task": "archiving",
      "proc": "Calc",
      "process": "re_process_calc",
      "tasks_status": "RUNNING",
      "logger": "nomad.processing",
      "timestamp": "2020-09-24 22:03.06",
      "level": "INFO"
    }
  ],
  "section_experiment": {
    "experiment_publish_time": "2005-05-26T00:00:00",
    "raw_metadata": {
      "id": 21605,
      "title": "amorphous silicon dioxide",
      "permalink": "https://eelsdb.eu/spectra/amorphous-silicon-dioxide/",
      "author": {
        "name": "(Dr) Marie Cheynet",
        "profile_url": "https://eelsdb.eu/author/mcheynet/",
        "profile_api_url": "https://api.eelsdb.eu/author/mcheynet/"
      },
      "published": "2005-05-26 00:00:00",
      "description": " Analyst: M. Cheynet - R. Pantel. Temperature: Room. ",
      "comment_count": 0,
      "api_permalink": "https://api.eelsdb.eu/spectra/amorphous-silicon-dioxide/",
      "keywords": [
        "imported from old site"
      ],
      "download_link": "https://eelsdb.eu/wp-content/uploads/2015/09/DspecHrI4VX.msa",
      "type": "Low Loss",
      "formula": "SiO2",
      "elements": [
        "Si",
        "O"
      ],
      "microscope": "CM20",
      "max_energy": "93.6 eV",
      "min_energy": "-8.5 eV",
      "source_purity": "50 nm layer",
      "guntype": "feg Schottky",
      "beamenergy": "200 kV",
      "resolution": "0.7 eV",
      "stepSize": "0.1 eV/pixel",
      "acquisition_mode": "Imaging",
      "convergence": "3 mrad",
      "collection": "13 mrad",
      "probesize": "20 nm^2",
      "integratetime": "1 secs",
      "readouts": "3",
      "detector": "Parallel: GIF",
      "darkcurrent": "Yes",
      "gainvariation": "Yes",
      "thickness": "0.35 t/&lambda;",
      "other_links": [
        {
          "url": "http://pc-web.cemes.fr/eelsdb/index.php?page=displayspec.php&id=88",
          "title": "Old EELS DB"
        }
      ]
    },
    "section_data": {
      "repository_name": "Electron Energy Loss Spectroscopy (EELS) database",
      "repository_url": "https://eelsdb.eu",
      "entry_repository_url": "https://eelsdb.eu/spectra/amorphous-silicon-dioxide/"
    },
    "section_method": {
      "data_type": "spectrum",
      "method_name": "electron energy loss spectroscopy",
      "method_abbreviation": "EELS"
    },
    "section_sample": {
      "section_material": {
        "chemical_formula": "SiO2",
        "chemical_name": "amorphous silicon dioxide",
        "atom_labels": [
          "Si",
          "O"
        ]
      }
    }
  },
  "section_metadata": {
    "upload_id": "hSOY_Y0iQjqvoiH-Hu-0xg",
    "calc_id": "mo9ppacKZIZux6geu8282uuLydAD",
    "calc_hash": "xl9-akdwSKacR5PNugKa_IFcDwv2",
    "mainfile": "ems_data/eelsdb/spectra/amorphous-silicon-dioxide/metadata.json",
    "files": [
      "ems_data/eelsdb/spectra/amorphous-silicon-dioxide/metadata.json",
      "ems_data/eelsdb/spectra/amorphous-silicon-dioxide/data.msa"
    ],
    "domain": "ems",
    "published": true,
    "processed": true,
    "last_processing": "2020-09-24T22:03:05.988865",
    "nomad_version": "1.0.0",
    "nomad_commit": "4d71fee0",
    "parser_name": "parsers/eels",
    "comment": " Analyst: M. Cheynet - R. Pantel. Temperature: Room. ",
    "references": [
      "https://eelsdb.eu/spectra/amorphous-silicon-dioxide/",
      "https://api.eelsdb.eu/spectra/amorphous-silicon-dioxide/",
      "https://eelsdb.eu/wp-content/uploads/2015/09/DspecHrI4VX.msa"
    ],
    "external_db": "EELSDB",
    "uploader": "05375d3f-87e5-4266-9ec8-e80bfe2a739d",
    "coauthors": [
      {
        "first_name": "Marie",
        "last_name": "Cheynet"
      }
    ],
    "shared_with": [],
    "with_embargo": false,
    "upload_time": "2020-09-07T14:33:37.396000",
    "upload_name": "ems_data.zip",
    "datasets": [
      "zAStTK1PQLaZ9V9krYVzUQ",
      "kpRslScITpW-5O6mlxpzMw"
    ],
    "external_id": "21605",
    "last_edit": "2020-09-07T14:45:09.330000",
    "formula": "SiO2",
    "atoms": [
      "O",
      "Si"
    ],
    "n_atoms": 2,
    "ems": {
      "chemical": "amorphous silicon dioxide",
      "sample_constituents": "unavailable",
      "sample_microstructure": "unavailable",
      "experiment_summary": "None",
      "origin_time": "2005-05-26T00:00:00",
      "method": "electron energy loss spectroscopy",
      "data_type": "spectrum",
      "probing_method": "unavailable",
      "repository_name": "Electron Energy Loss Spectroscopy (EELS) database",
      "repository_url": "https://eelsdb.eu",
      "entry_repository_url": "https://eelsdb.eu/spectra/amorphous-silicon-dioxide/",
      "preview_url": "None",
      "quantities": [
        "section_method",
        "method_abbreviation",
        "repository_url",
        "raw_metadata",
        "Experiment",
        "entry_repository_url",
        "experiment_publish_time",
        "atom_labels",
        "method_name",
        "section_sample",
        "chemical_name",
        "section_material",
        "data_type",
        "section_data",
        "chemical_formula",
        "repository_name"
      ],
      "group_hash": "Hcr1xAf66bjGNyWmcbGIOpkHcLcK"
    }
  }
}