{
  "processing_logs": [
    {
      "event": "received process function call",
      "task": "None",
      "proc": "Calc",
      "process": "re_process_calc",
      "tasks_status": "PENDING",
      "logger": "nomad.processing",
      "timestamp": "2020-09-24 22:03.07",
      "level": "DEBUG"
    },
    {
      "event": "started process",
      "task": "parsing",
      "proc": "Calc",
      "process": "re_process_calc",
      "tasks_status": "RUNNING",
      "logger": "nomad.processing",
      "timestamp": "2020-09-24 22:03.07",
      "level": "INFO"
    },
    {
      "exec_time": "0.0012471675872802734",
      "input_size": "1772",
      "event": "parser executed",
      "task": "parsing",
      "proc": "Calc",
      "process": "re_process_calc",
      "tasks_status": "RUNNING",
      "parser": "parsers/eels",
      "step": "parsers/eels",
      "logger": "nomad.processing",
      "timestamp": "2020-09-24 22:03.07",
      "level": "INFO"
    },
    {
      "event": "successfully completed task",
      "task": "normalizing",
      "proc": "Calc",
      "process": "re_process_calc",
      "tasks_status": "RUNNING",
      "logger": "nomad.processing",
      "timestamp": "2020-09-24 22:03.07",
      "level": "INFO"
    },
    {
      "event": "successfully completed task",
      "task": "archiving",
      "proc": "Calc",
      "process": "re_process_calc",
      "tasks_status": "RUNNING",
      "logger": "nomad.processing",
      "timestamp": "2020-09-24 22:03.07",
      "level": "INFO"
    },
    {
      "exec_time": "0.0010383129119873047",
      "step": "metadata",
      "event": "saved calc metadata",
      "task": "archiving",
      "proc": "Calc",
      "process": "re_process_calc",
      "tasks_status": "RUNNING",
      "logger": "nomad.processing",
      "timestamp": "2020-09-24 22:03.07",
      "level": "INFO"
    },
    {
      "exec_time": "0.010343313217163086",
      "step": "index",
      "event": "indexed",
      "task": "archiving",
      "proc": "Calc",
      "process": "re_process_calc",
      "tasks_status": "RUNNING",
      "logger": "nomad.processing",
      "timestamp": "2020-09-24 22:03.07",
      "level": "INFO"
    }
  ],
  "section_experiment": {
    "experiment_publish_time": "2016-05-10T14:39:39",
    "raw_metadata": {
      "id": 21976,
      "title": "Calcium Titanate (polycrystalline layer)",
      "permalink": "https://eelsdb.eu/spectra/pvd0062-2/",
      "author": {
        "name": "Andreas Krause",
        "profile_url": "https://eelsdb.eu/author/andreas/",
        "profile_api_url": "https://api.eelsdb.eu/author/andreas/"
      },
      "published": "2016-05-10 14:39:39",
      "description": "",
      "comment_count": 0,
      "api_permalink": "https://api.eelsdb.eu/spectra/pvd0062-2/",
      "download_link": "https://eelsdb.eu/wp-content/uploads/2016/05/low-energy-EELS.txt",
      "type": "Low Loss",
      "formula": "CaTiO3",
      "elements": [
        "Ca",
        "Ti",
        "O"
      ],
      "microscope": "FEI Titan3 80-300",
      "max_energy": "20.67 eV",
      "min_energy": "0.2 eV",
      "source_purity": "CaTiO3 sputter target 99.99% Purity",
      "guntype": "feg Schottky",
      "beamenergy": "80 kV",
      "resolution": "0.18 eV",
      "monochromated": "Yes",
      "stepSize": "0.01 eV/pixel",
      "acquisition_mode": "stem",
      "convergence": "10 mrad",
      "collection": "4.72 mrad",
      "readouts": "100",
      "detector": "Gatan tridiem 863ER",
      "darkcurrent": "Yes",
      "gainvariation": "Yes",
      "calibration": "zero + dispersion",
      "reference": {
        "authors": "A Krause, W M Weber, D Pohl, B Rellinghaus, A Kersch, T Mikolajick",
        "year": "2015",
        "journal": "Journal of Physics D: Applied Physics",
        "title": "Investigation of band gap and permittivity of the perovskite CaTiO3in ultrathin layers",
        "volume": "48",
        "issue": "41",
        "page": "415304",
        "doi": "10.1088/0022-3727/48/41/415304",
        "url": "http://dx.doi.org/10.1088/0022-3727/48/41/415304"
      },
      "associated_spectra": [
        {
          "name": "Calcium Titanate (polycrystalline layer)",
          "link": "https://eelsdb.eu/spectra/pvd0062/",
          "type": "Low Loss"
        }
      ]
    },
    "section_data": {
      "repository_name": "Electron Energy Loss Spectroscopy (EELS) database",
      "repository_url": "https://eelsdb.eu",
      "entry_repository_url": "https://eelsdb.eu/spectra/pvd0062-2/"
    },
    "section_method": {
      "data_type": "spectrum",
      "method_name": "electron energy loss spectroscopy",
      "method_abbreviation": "EELS"
    },
    "section_sample": {
      "section_material": {
        "chemical_formula": "CaTiO3",
        "chemical_name": "Calcium Titanate (polycrystalline layer)",
        "atom_labels": [
          "Ca",
          "Ti",
          "O"
        ]
      }
    }
  },
  "section_metadata": {
    "upload_id": "hSOY_Y0iQjqvoiH-Hu-0xg",
    "calc_id": "mP72gHnuiNfuhXt5RMNLtancnkrp",
    "calc_hash": "hFyJbtP87zIsGq0UIVBCYNcUjY-t",
    "mainfile": "ems_data/eelsdb/spectra/pvd0062-2/metadata.json",
    "files": [
      "ems_data/eelsdb/spectra/pvd0062-2/metadata.json",
      "ems_data/eelsdb/spectra/pvd0062-2/data.msa"
    ],
    "domain": "ems",
    "published": true,
    "processed": true,
    "last_processing": "2020-09-24T22:03:07.910374",
    "nomad_version": "1.0.0",
    "nomad_commit": "4d71fee0",
    "parser_name": "parsers/eels",
    "comment": "",
    "references": [
      "https://eelsdb.eu/spectra/pvd0062-2/",
      "https://api.eelsdb.eu/spectra/pvd0062-2/",
      "https://eelsdb.eu/wp-content/uploads/2016/05/low-energy-EELS.txt",
      "A Krause, W M Weber, D Pohl, B Rellinghaus, A Kersch, T Mikolajick; 2015; Journal of Physics D: Applied Physics; Investigation of band gap and permittivity of the perovskite CaTiO3in ultrathin layers; 48; 41; 415304; 10.1088/0022-3727/48/41/415304; http://dx.doi.org/10.1088/0022-3727/48/41/415304"
    ],
    "external_db": "EELSDB",
    "uploader": "05375d3f-87e5-4266-9ec8-e80bfe2a739d",
    "coauthors": [
      {
        "first_name": "Andreas",
        "last_name": "Krause"
      }
    ],
    "shared_with": [],
    "with_embargo": false,
    "upload_time": "2020-09-07T14:33:37.396000",
    "upload_name": "ems_data.zip",
    "datasets": [
      "zAStTK1PQLaZ9V9krYVzUQ",
      "kpRslScITpW-5O6mlxpzMw"
    ],
    "external_id": "21976",
    "last_edit": "2020-09-07T14:45:09.330000",
    "formula": "CaTiO3",
    "atoms": [
      "Ca",
      "O",
      "Ti"
    ],
    "n_atoms": 3,
    "ems": {
      "chemical": "Calcium Titanate (polycrystalline layer)",
      "sample_constituents": "unavailable",
      "sample_microstructure": "unavailable",
      "experiment_summary": "None",
      "origin_time": "2016-05-10T14:39:39",
      "method": "electron energy loss spectroscopy",
      "data_type": "spectrum",
      "probing_method": "unavailable",
      "repository_name": "Electron Energy Loss Spectroscopy (EELS) database",
      "repository_url": "https://eelsdb.eu",
      "entry_repository_url": "https://eelsdb.eu/spectra/pvd0062-2/",
      "preview_url": "None",
      "quantities": [
        "section_method",
        "method_abbreviation",
        "repository_url",
        "raw_metadata",
        "Experiment",
        "entry_repository_url",
        "experiment_publish_time",
        "atom_labels",
        "method_name",
        "section_sample",
        "chemical_name",
        "section_material",
        "data_type",
        "section_data",
        "chemical_formula",
        "repository_name"
      ],
      "group_hash": "JsUgutOqbreYOpiY2pEJsPeoXkeX"
    }
  }
}