{
  "processing_logs": [
    {
      "event": "received process function call",
      "task": "None",
      "proc": "Calc",
      "process": "re_process_calc",
      "tasks_status": "PENDING",
      "logger": "nomad.processing",
      "timestamp": "2020-09-24 22:03.07",
      "level": "DEBUG"
    },
    {
      "event": "started process",
      "task": "parsing",
      "proc": "Calc",
      "process": "re_process_calc",
      "tasks_status": "RUNNING",
      "logger": "nomad.processing",
      "timestamp": "2020-09-24 22:03.07",
      "level": "INFO"
    },
    {
      "exec_time": "0.0014693737030029297",
      "input_size": "1675",
      "event": "parser executed",
      "task": "parsing",
      "proc": "Calc",
      "process": "re_process_calc",
      "tasks_status": "RUNNING",
      "parser": "parsers/eels",
      "step": "parsers/eels",
      "logger": "nomad.processing",
      "timestamp": "2020-09-24 22:03.07",
      "level": "INFO"
    },
    {
      "event": "successfully completed task",
      "task": "normalizing",
      "proc": "Calc",
      "process": "re_process_calc",
      "tasks_status": "RUNNING",
      "logger": "nomad.processing",
      "timestamp": "2020-09-24 22:03.07",
      "level": "INFO"
    },
    {
      "event": "successfully completed task",
      "task": "archiving",
      "proc": "Calc",
      "process": "re_process_calc",
      "tasks_status": "RUNNING",
      "logger": "nomad.processing",
      "timestamp": "2020-09-24 22:03.07",
      "level": "INFO"
    },
    {
      "exec_time": "0.001988649368286133",
      "step": "metadata",
      "event": "saved calc metadata",
      "task": "archiving",
      "proc": "Calc",
      "process": "re_process_calc",
      "tasks_status": "RUNNING",
      "logger": "nomad.processing",
      "timestamp": "2020-09-24 22:03.07",
      "level": "INFO"
    },
    {
      "exec_time": "0.015660762786865234",
      "step": "index",
      "event": "indexed",
      "task": "archiving",
      "proc": "Calc",
      "process": "re_process_calc",
      "tasks_status": "RUNNING",
      "logger": "nomad.processing",
      "timestamp": "2020-09-24 22:03.07",
      "level": "INFO"
    }
  ],
  "section_experiment": {
    "experiment_publish_time": "2007-11-12T00:00:00",
    "raw_metadata": {
      "id": 21611,
      "title": "Hexagonal Boron Nitride",
      "permalink": "https://eelsdb.eu/spectra/hexagonal-boron-nitride/",
      "author": {
        "name": "Giovanni Bertoni",
        "profile_url": "https://eelsdb.eu/author/giovanni-bertoni/",
        "profile_api_url": "https://api.eelsdb.eu/author/giovanni-bertoni/"
      },
      "published": "2007-11-12 00:00:00",
      "description": " Analyst: Giovanni Bertoni. Temperature: Room. ",
      "comment_count": 0,
      "api_permalink": "https://api.eelsdb.eu/spectra/hexagonal-boron-nitride/",
      "keywords": [
        "imported from old site"
      ],
      "download_link": "https://eelsdb.eu/wp-content/uploads/2015/09/DspecEIn4Xv.msa",
      "type": "Low Loss",
      "formula": "BN (hex)",
      "elements": [
        "B",
        "N"
      ],
      "microscope": "JEOL 3000F",
      "max_energy": "450 eV",
      "min_energy": "-61.5 eV",
      "source_purity": "Aldrich Powder",
      "guntype": "FEG Schottky",
      "beamenergy": "300 kV",
      "resolution": "1.2 eV",
      "stepSize": "0.5 eV/pixel",
      "acquisition_mode": "Diffraction",
      "convergence": "0.2 mrad",
      "collection": "2.55 mrad",
      "integratetime": "0.2 secs",
      "readouts": "10",
      "detector": "Parallel: GIF2000",
      "darkcurrent": "Yes",
      "gainvariation": "Yes",
      "thickness": "0.788 t/&lambda;",
      "reference": {
        "freetext": "j. Verbeeck, S. Van Aert, G. Bertoni, Ultramicroscopy, 106, 976-980, 2006"
      },
      "associated_spectra": [
        {
          "name": "Hexagonal Boron Nitride",
          "link": "https://eelsdb.eu/spectra/hexagonal-boron-nitride-2/",
          "type": "Core Loss"
        }
      ],
      "other_links": [
        {
          "url": "http://pc-web.cemes.fr/eelsdb/index.php?page=displayspec.php&id=96",
          "title": "Old EELS DB"
        }
      ]
    },
    "section_data": {
      "repository_name": "Electron Energy Loss Spectroscopy (EELS) database",
      "repository_url": "https://eelsdb.eu",
      "entry_repository_url": "https://eelsdb.eu/spectra/hexagonal-boron-nitride/"
    },
    "section_method": {
      "data_type": "spectrum",
      "method_name": "electron energy loss spectroscopy",
      "method_abbreviation": "EELS"
    },
    "section_sample": {
      "section_material": {
        "chemical_formula": "BN (hex)",
        "chemical_name": "Hexagonal Boron Nitride",
        "atom_labels": [
          "B",
          "N"
        ]
      }
    }
  },
  "section_metadata": {
    "upload_id": "hSOY_Y0iQjqvoiH-Hu-0xg",
    "calc_id": "MUbiuVaY_5txZcGck8iHoVopixD7",
    "calc_hash": "PHtVR9_JJTgovGgt2rQS7qgr219N",
    "mainfile": "ems_data/eelsdb/spectra/hexagonal-boron-nitride/metadata.json",
    "files": [
      "ems_data/eelsdb/spectra/hexagonal-boron-nitride/metadata.json",
      "ems_data/eelsdb/spectra/hexagonal-boron-nitride/data.msa"
    ],
    "domain": "ems",
    "published": true,
    "processed": true,
    "last_processing": "2020-09-24T22:03:07.194628",
    "nomad_version": "1.0.0",
    "nomad_commit": "4d71fee0",
    "parser_name": "parsers/eels",
    "comment": " Analyst: Giovanni Bertoni. Temperature: Room. ",
    "references": [
      "https://eelsdb.eu/spectra/hexagonal-boron-nitride/",
      "https://api.eelsdb.eu/spectra/hexagonal-boron-nitride/",
      "https://eelsdb.eu/wp-content/uploads/2015/09/DspecEIn4Xv.msa",
      "j. Verbeeck, S. Van Aert, G. Bertoni, Ultramicroscopy, 106, 976-980, 2006"
    ],
    "external_db": "EELSDB",
    "uploader": "05375d3f-87e5-4266-9ec8-e80bfe2a739d",
    "coauthors": [
      {
        "first_name": "Giovanni",
        "last_name": "Bertoni"
      }
    ],
    "shared_with": [],
    "with_embargo": false,
    "upload_time": "2020-09-07T14:33:37.396000",
    "upload_name": "ems_data.zip",
    "datasets": [
      "zAStTK1PQLaZ9V9krYVzUQ",
      "kpRslScITpW-5O6mlxpzMw"
    ],
    "external_id": "21611",
    "last_edit": "2020-09-07T14:45:09.330000",
    "formula": "BN (hex)",
    "atoms": [
      "B",
      "N"
    ],
    "n_atoms": 2,
    "ems": {
      "chemical": "Hexagonal Boron Nitride",
      "sample_constituents": "unavailable",
      "sample_microstructure": "unavailable",
      "experiment_summary": "None",
      "origin_time": "2007-11-12T00:00:00",
      "method": "electron energy loss spectroscopy",
      "data_type": "spectrum",
      "probing_method": "unavailable",
      "repository_name": "Electron Energy Loss Spectroscopy (EELS) database",
      "repository_url": "https://eelsdb.eu",
      "entry_repository_url": "https://eelsdb.eu/spectra/hexagonal-boron-nitride/",
      "preview_url": "None",
      "quantities": [
        "section_method",
        "method_abbreviation",
        "repository_url",
        "raw_metadata",
        "Experiment",
        "entry_repository_url",
        "experiment_publish_time",
        "atom_labels",
        "method_name",
        "section_sample",
        "chemical_name",
        "section_material",
        "data_type",
        "section_data",
        "chemical_formula",
        "repository_name"
      ],
      "group_hash": "gRWd38m0TzoDJdBUa6RTI2zUlksg"
    }
  }
}