{
  "processing_logs": [
    {
      "event": "received process function call",
      "task": "None",
      "proc": "Calc",
      "process": "re_process_calc",
      "tasks_status": "PENDING",
      "logger": "nomad.processing",
      "timestamp": "2020-09-24 22:03.07",
      "level": "DEBUG"
    },
    {
      "event": "started process",
      "task": "parsing",
      "proc": "Calc",
      "process": "re_process_calc",
      "tasks_status": "RUNNING",
      "logger": "nomad.processing",
      "timestamp": "2020-09-24 22:03.07",
      "level": "INFO"
    },
    {
      "exec_time": "0.0014235973358154297",
      "input_size": "1626",
      "event": "parser executed",
      "task": "parsing",
      "proc": "Calc",
      "process": "re_process_calc",
      "tasks_status": "RUNNING",
      "parser": "parsers/eels",
      "step": "parsers/eels",
      "logger": "nomad.processing",
      "timestamp": "2020-09-24 22:03.07",
      "level": "INFO"
    },
    {
      "event": "successfully completed task",
      "task": "normalizing",
      "proc": "Calc",
      "process": "re_process_calc",
      "tasks_status": "RUNNING",
      "logger": "nomad.processing",
      "timestamp": "2020-09-24 22:03.07",
      "level": "INFO"
    },
    {
      "event": "successfully completed task",
      "task": "archiving",
      "proc": "Calc",
      "process": "re_process_calc",
      "tasks_status": "RUNNING",
      "logger": "nomad.processing",
      "timestamp": "2020-09-24 22:03.07",
      "level": "INFO"
    },
    {
      "exec_time": "0.0019915103912353516",
      "step": "metadata",
      "event": "saved calc metadata",
      "task": "archiving",
      "proc": "Calc",
      "process": "re_process_calc",
      "tasks_status": "RUNNING",
      "logger": "nomad.processing",
      "timestamp": "2020-09-24 22:03.07",
      "level": "INFO"
    },
    {
      "exec_time": "0.01140284538269043",
      "step": "index",
      "event": "indexed",
      "task": "archiving",
      "proc": "Calc",
      "process": "re_process_calc",
      "tasks_status": "RUNNING",
      "logger": "nomad.processing",
      "timestamp": "2020-09-24 22:03.07",
      "level": "INFO"
    }
  ],
  "section_experiment": {
    "experiment_publish_time": "2008-02-08T00:00:00",
    "raw_metadata": {
      "id": 21715,
      "title": "Iron Oxide Magnetite",
      "permalink": "https://eelsdb.eu/spectra/iron-oxide-magnetite-2/",
      "author": {
        "name": "Alex Gloter",
        "profile_url": "https://eelsdb.eu/author/alexg/",
        "profile_api_url": "https://api.eelsdb.eu/author/alexg/"
      },
      "published": "2008-02-08 00:00:00",
      "description": "The energy calibration have been done by measuring the EELS spectra of this phase with respect to the EELS spectra of an Hematite sample. The Hematite and magnetite samples beeing deposited onto the same grid. The hematite O-K prepeak maxima have been set at 529.4 and 530.6 eV.\r\n\r\nEnergy resolution improved by Richardson-Lucy deconvolution Analyst: A. Gloter, A. Chen. Temperature: Room. ",
      "comment_count": 0,
      "api_permalink": "https://api.eelsdb.eu/spectra/iron-oxide-magnetite-2/",
      "keywords": [
        "imported from old site"
      ],
      "download_link": "https://eelsdb.eu/wp-content/uploads/2015/09/DspecmpIe7P.msa",
      "type": "Core Loss",
      "formula": "Fe3O4",
      "elements": [
        "Fe",
        "O"
      ],
      "microscope": "STEM-VG",
      "max_energy": "555.85 eV",
      "min_energy": "524.45 eV",
      "source_purity": "Natural sample (from magnetotactic bacteria)",
      "edges": [
        "O_K"
      ],
      "guntype": "Cold FEG",
      "beamenergy": "100 kV",
      "monochromated": "No",
      "stepSize": "0.05 eV/pixel",
      "convergence": "7.5 mrad",
      "collection": "24 mrad",
      "detector": "Parallel: 666 Gatan",
      "darkcurrent": "No",
      "gainvariation": "No",
      "other_links": [
        {
          "url": "http://pc-web.cemes.fr/eelsdb/index.php?page=displayspec.php&id=205",
          "title": "Old EELS DB"
        }
      ]
    },
    "section_data": {
      "repository_name": "Electron Energy Loss Spectroscopy (EELS) database",
      "repository_url": "https://eelsdb.eu",
      "entry_repository_url": "https://eelsdb.eu/spectra/iron-oxide-magnetite-2/"
    },
    "section_method": {
      "data_type": "spectrum",
      "method_name": "electron energy loss spectroscopy",
      "method_abbreviation": "EELS"
    },
    "section_sample": {
      "section_material": {
        "chemical_formula": "Fe3O4",
        "chemical_name": "Iron Oxide Magnetite",
        "atom_labels": [
          "Fe",
          "O"
        ]
      }
    }
  },
  "section_metadata": {
    "upload_id": "hSOY_Y0iQjqvoiH-Hu-0xg",
    "calc_id": "nI4-eCuGJkE5KORB4KeEWxcvRF-W",
    "calc_hash": "ofKNnLa389zpEjqTxslQ8EDAUXbX",
    "mainfile": "ems_data/eelsdb/spectra/iron-oxide-magnetite-2/metadata.json",
    "files": [
      "ems_data/eelsdb/spectra/iron-oxide-magnetite-2/metadata.json",
      "ems_data/eelsdb/spectra/iron-oxide-magnetite-2/data.msa"
    ],
    "domain": "ems",
    "published": true,
    "processed": true,
    "last_processing": "2020-09-24T22:03:07.328230",
    "nomad_version": "1.0.0",
    "nomad_commit": "4d71fee0",
    "parser_name": "parsers/eels",
    "comment": "The energy calibration have been done by measuring the EELS spectra of this phase with respect to the EELS spectra of an Hematite sample. The Hematite and magnetite samples beeing deposited onto the same grid. The hematite O-K prepeak maxima have been set at 529.4 and 530.6 eV.\r\n\r\nEnergy resolution improved by Richardson-Lucy deconvolution Analyst: A. Gloter, A. Chen. Temperature: Room. ",
    "references": [
      "https://eelsdb.eu/spectra/iron-oxide-magnetite-2/",
      "https://api.eelsdb.eu/spectra/iron-oxide-magnetite-2/",
      "https://eelsdb.eu/wp-content/uploads/2015/09/DspecmpIe7P.msa"
    ],
    "external_db": "EELSDB",
    "uploader": "05375d3f-87e5-4266-9ec8-e80bfe2a739d",
    "coauthors": [
      {
        "first_name": "Alex",
        "last_name": "Gloter"
      }
    ],
    "shared_with": [],
    "with_embargo": false,
    "upload_time": "2020-09-07T14:33:37.396000",
    "upload_name": "ems_data.zip",
    "datasets": [
      "zAStTK1PQLaZ9V9krYVzUQ",
      "kpRslScITpW-5O6mlxpzMw"
    ],
    "external_id": "21715",
    "last_edit": "2020-09-07T14:45:09.330000",
    "formula": "Fe3O4",
    "atoms": [
      "Fe",
      "O"
    ],
    "n_atoms": 2,
    "ems": {
      "chemical": "Iron Oxide Magnetite",
      "sample_constituents": "unavailable",
      "sample_microstructure": "unavailable",
      "experiment_summary": "None",
      "origin_time": "2008-02-08T00:00:00",
      "method": "electron energy loss spectroscopy",
      "data_type": "spectrum",
      "probing_method": "unavailable",
      "repository_name": "Electron Energy Loss Spectroscopy (EELS) database",
      "repository_url": "https://eelsdb.eu",
      "entry_repository_url": "https://eelsdb.eu/spectra/iron-oxide-magnetite-2/",
      "preview_url": "None",
      "quantities": [
        "section_method",
        "method_abbreviation",
        "repository_url",
        "raw_metadata",
        "Experiment",
        "entry_repository_url",
        "experiment_publish_time",
        "atom_labels",
        "method_name",
        "section_sample",
        "chemical_name",
        "section_material",
        "data_type",
        "section_data",
        "chemical_formula",
        "repository_name"
      ],
      "group_hash": "ql4J2jpMG82WvGqirv60nqXOTaEn"
    }
  }
}