{
  "processing_logs": [
    {
      "event": "received process function call",
      "task": "None",
      "proc": "Calc",
      "process": "re_process_calc",
      "tasks_status": "PENDING",
      "logger": "nomad.processing",
      "timestamp": "2020-09-24 22:03.07",
      "level": "DEBUG"
    },
    {
      "event": "started process",
      "task": "parsing",
      "proc": "Calc",
      "process": "re_process_calc",
      "tasks_status": "RUNNING",
      "logger": "nomad.processing",
      "timestamp": "2020-09-24 22:03.07",
      "level": "INFO"
    },
    {
      "exec_time": "0.00096893310546875",
      "input_size": "1787",
      "event": "parser executed",
      "task": "parsing",
      "proc": "Calc",
      "process": "re_process_calc",
      "tasks_status": "RUNNING",
      "parser": "parsers/eels",
      "step": "parsers/eels",
      "logger": "nomad.processing",
      "timestamp": "2020-09-24 22:03.07",
      "level": "INFO"
    },
    {
      "event": "successfully completed task",
      "task": "normalizing",
      "proc": "Calc",
      "process": "re_process_calc",
      "tasks_status": "RUNNING",
      "logger": "nomad.processing",
      "timestamp": "2020-09-24 22:03.07",
      "level": "INFO"
    },
    {
      "event": "successfully completed task",
      "task": "archiving",
      "proc": "Calc",
      "process": "re_process_calc",
      "tasks_status": "RUNNING",
      "logger": "nomad.processing",
      "timestamp": "2020-09-24 22:03.07",
      "level": "INFO"
    },
    {
      "exec_time": "0.0017652511596679688",
      "step": "metadata",
      "event": "saved calc metadata",
      "task": "archiving",
      "proc": "Calc",
      "process": "re_process_calc",
      "tasks_status": "RUNNING",
      "logger": "nomad.processing",
      "timestamp": "2020-09-24 22:03.07",
      "level": "INFO"
    },
    {
      "exec_time": "0.014537572860717773",
      "step": "index",
      "event": "indexed",
      "task": "archiving",
      "proc": "Calc",
      "process": "re_process_calc",
      "tasks_status": "RUNNING",
      "logger": "nomad.processing",
      "timestamp": "2020-09-24 22:03.07",
      "level": "INFO"
    }
  ],
  "section_experiment": {
    "experiment_publish_time": "2007-11-13T00:00:00",
    "raw_metadata": {
      "id": 21624,
      "title": "Magnesium Oxide",
      "permalink": "https://eelsdb.eu/spectra/magnesium-oxide/",
      "author": {
        "name": "Giovanni Bertoni",
        "profile_url": "https://eelsdb.eu/author/giovanni-bertoni/",
        "profile_api_url": "https://api.eelsdb.eu/author/giovanni-bertoni/"
      },
      "published": "2007-11-13 00:00:00",
      "description": "polycrystalline sample.\r\nspectrum used for quantification. Analyst: Giovanni Bertoni. Temperature: Room. ",
      "comment_count": 0,
      "api_permalink": "https://api.eelsdb.eu/spectra/magnesium-oxide/",
      "keywords": [
        "imported from old site"
      ],
      "download_link": "https://eelsdb.eu/wp-content/uploads/2015/09/DspecLfPbFJ.msa",
      "type": "Low Loss",
      "formula": "MgO",
      "elements": [
        "Mg",
        "O"
      ],
      "microscope": "CM30",
      "max_energy": "1004 eV",
      "min_energy": "-19 eV",
      "source_purity": "Merck (powder)",
      "guntype": "GIF200",
      "beamenergy": "300 kV",
      "resolution": "1 eV",
      "stepSize": "1 eV/pixel",
      "acquisition_mode": "Diffraction",
      "convergence": "1.3 mrad",
      "collection": "5.21 mrad",
      "integratetime": "0.1 secs",
      "readouts": "100",
      "detector": "Parallel: GIF200",
      "darkcurrent": "Yes",
      "gainvariation": "Yes",
      "thickness": "0.189 t/&lambda;",
      "reference": {
        "freetext": "G. Bertoni, J.Verbeeck, Ultramicroscopy, submitted."
      },
      "associated_spectra": [
        {
          "name": "Magnesium Oxide",
          "link": "https://eelsdb.eu/spectra/magnesium-oxide-2/",
          "type": "Core Loss"
        },
        {
          "name": "Magnesium Oxide",
          "link": "https://eelsdb.eu/spectra/magnesium-oxide-3/",
          "type": "Core Loss"
        }
      ],
      "other_links": [
        {
          "url": "http://pc-web.cemes.fr/eelsdb/index.php?page=displayspec.php&id=111",
          "title": "Old EELS DB"
        }
      ]
    },
    "section_data": {
      "repository_name": "Electron Energy Loss Spectroscopy (EELS) database",
      "repository_url": "https://eelsdb.eu",
      "entry_repository_url": "https://eelsdb.eu/spectra/magnesium-oxide/"
    },
    "section_method": {
      "data_type": "spectrum",
      "method_name": "electron energy loss spectroscopy",
      "method_abbreviation": "EELS"
    },
    "section_sample": {
      "section_material": {
        "chemical_formula": "MgO",
        "chemical_name": "Magnesium Oxide",
        "atom_labels": [
          "Mg",
          "O"
        ]
      }
    }
  },
  "section_metadata": {
    "upload_id": "hSOY_Y0iQjqvoiH-Hu-0xg",
    "calc_id": "nizcfKevO_Hcg0FdHdepIaFsKdST",
    "calc_hash": "Inm45oKnqWU6ZjAsPmd1bDojhd_m",
    "mainfile": "ems_data/eelsdb/spectra/magnesium-oxide/metadata.json",
    "files": [
      "ems_data/eelsdb/spectra/magnesium-oxide/metadata.json",
      "ems_data/eelsdb/spectra/magnesium-oxide/data.msa"
    ],
    "domain": "ems",
    "published": true,
    "processed": true,
    "last_processing": "2020-09-24T22:03:07.629291",
    "nomad_version": "1.0.0",
    "nomad_commit": "4d71fee0",
    "parser_name": "parsers/eels",
    "comment": "polycrystalline sample.\r\nspectrum used for quantification. Analyst: Giovanni Bertoni. Temperature: Room. ",
    "references": [
      "https://eelsdb.eu/spectra/magnesium-oxide/",
      "https://api.eelsdb.eu/spectra/magnesium-oxide/",
      "https://eelsdb.eu/wp-content/uploads/2015/09/DspecLfPbFJ.msa",
      "G. Bertoni, J.Verbeeck, Ultramicroscopy, submitted."
    ],
    "external_db": "EELSDB",
    "uploader": "05375d3f-87e5-4266-9ec8-e80bfe2a739d",
    "coauthors": [
      {
        "first_name": "Giovanni",
        "last_name": "Bertoni"
      }
    ],
    "shared_with": [],
    "with_embargo": false,
    "upload_time": "2020-09-07T14:33:37.396000",
    "upload_name": "ems_data.zip",
    "datasets": [
      "zAStTK1PQLaZ9V9krYVzUQ",
      "kpRslScITpW-5O6mlxpzMw"
    ],
    "external_id": "21624",
    "last_edit": "2020-09-07T14:45:09.330000",
    "formula": "MgO",
    "atoms": [
      "Mg",
      "O"
    ],
    "n_atoms": 2,
    "ems": {
      "chemical": "Magnesium Oxide",
      "sample_constituents": "unavailable",
      "sample_microstructure": "unavailable",
      "experiment_summary": "None",
      "origin_time": "2007-11-13T00:00:00",
      "method": "electron energy loss spectroscopy",
      "data_type": "spectrum",
      "probing_method": "unavailable",
      "repository_name": "Electron Energy Loss Spectroscopy (EELS) database",
      "repository_url": "https://eelsdb.eu",
      "entry_repository_url": "https://eelsdb.eu/spectra/magnesium-oxide/",
      "preview_url": "None",
      "quantities": [
        "section_method",
        "method_abbreviation",
        "repository_url",
        "raw_metadata",
        "Experiment",
        "entry_repository_url",
        "experiment_publish_time",
        "atom_labels",
        "method_name",
        "section_sample",
        "chemical_name",
        "section_material",
        "data_type",
        "section_data",
        "chemical_formula",
        "repository_name"
      ],
      "group_hash": "OyAhVcUu6zXaKFgkq3y5qGlfgZMr"
    }
  }
}