{
  "processing_logs": [
    {
      "event": "received process function call",
      "task": "None",
      "proc": "Calc",
      "process": "re_process_calc",
      "tasks_status": "PENDING",
      "logger": "nomad.processing",
      "timestamp": "2020-09-24 22:03.05",
      "level": "DEBUG"
    },
    {
      "event": "started process",
      "task": "parsing",
      "proc": "Calc",
      "process": "re_process_calc",
      "tasks_status": "RUNNING",
      "logger": "nomad.processing",
      "timestamp": "2020-09-24 22:03.05",
      "level": "INFO"
    },
    {
      "exec_time": "0.0036308765411376953",
      "input_size": "1875",
      "event": "parser executed",
      "task": "parsing",
      "proc": "Calc",
      "process": "re_process_calc",
      "tasks_status": "RUNNING",
      "parser": "parsers/eels",
      "step": "parsers/eels",
      "logger": "nomad.processing",
      "timestamp": "2020-09-24 22:03.05",
      "level": "INFO"
    },
    {
      "event": "successfully completed task",
      "task": "normalizing",
      "proc": "Calc",
      "process": "re_process_calc",
      "tasks_status": "RUNNING",
      "logger": "nomad.processing",
      "timestamp": "2020-09-24 22:03.05",
      "level": "INFO"
    },
    {
      "event": "successfully completed task",
      "task": "archiving",
      "proc": "Calc",
      "process": "re_process_calc",
      "tasks_status": "RUNNING",
      "logger": "nomad.processing",
      "timestamp": "2020-09-24 22:03.05",
      "level": "INFO"
    },
    {
      "exec_time": "0.001024007797241211",
      "step": "metadata",
      "event": "saved calc metadata",
      "task": "archiving",
      "proc": "Calc",
      "process": "re_process_calc",
      "tasks_status": "RUNNING",
      "logger": "nomad.processing",
      "timestamp": "2020-09-24 22:03.05",
      "level": "INFO"
    },
    {
      "exec_time": "0.24537992477416992",
      "step": "index",
      "event": "indexed",
      "task": "archiving",
      "proc": "Calc",
      "process": "re_process_calc",
      "tasks_status": "RUNNING",
      "logger": "nomad.processing",
      "timestamp": "2020-09-24 22:03.05",
      "level": "INFO"
    }
  ],
  "section_experiment": {
    "experiment_publish_time": "2005-05-26T00:00:00",
    "raw_metadata": {
      "id": 21602,
      "title": "99.99% Nickel metal",
      "permalink": "https://eelsdb.eu/spectra/99-99-nickel-metal/",
      "author": {
        "name": "(Dr) Marie Cheynet",
        "profile_url": "https://eelsdb.eu/author/mcheynet/",
        "profile_api_url": "https://api.eelsdb.eu/author/mcheynet/"
      },
      "published": "2005-05-26 00:00:00",
      "description": "The background was model as a power law using a window of 10 eV width. \r\nThe spectrum was deconvoluted by the Fourier-ratio method using low-loss spectra collected from the same region and under similar conditions except for a reduced illumination intensity. Analyst: P. Potapov. Temperature: Room. BEAM/Crystal: close to [101] zone axis. ",
      "comment_count": 0,
      "api_permalink": "https://api.eelsdb.eu/spectra/99-99-nickel-metal/",
      "keywords": [
        "imported from old site"
      ],
      "download_link": "https://eelsdb.eu/wp-content/uploads/2015/09/DspecJ0t8eT.msa",
      "type": "Core Loss",
      "formula": "Ni",
      "elements": [
        "Ni"
      ],
      "microscope": "CM30",
      "max_energy": "897.15 eV",
      "min_energy": "846.5 eV",
      "edges": [
        "Ni_L2,3"
      ],
      "guntype": "feg Schottky",
      "beamenergy": "300 kV",
      "resolution": "1.1 eV",
      "stepSize": "0.05 eV/pixel",
      "acquisition_mode": "Diffraction",
      "convergence": "0.5 mrad",
      "collection": "3.5 mrad",
      "probesize": "500 nm^2",
      "integratetime": "10 secs",
      "readouts": "10",
      "detector": "Parallel: GIF",
      "darkcurrent": "Yes",
      "gainvariation": "Yes",
      "thickness": "0.5 t/&lambda;",
      "reference": {
        "freetext": "Structural and chemical effects on EELS L2,3 ionisation edges in Ni-based intermetallic compounds\r\nP.L. Potapov, S.E. Kulkova, D. Schryvers, J. Verbeeck\r\nPhys. Rev. B 64, 184110 (2001)"
      },
      "other_links": [
        {
          "url": "http://pc-web.cemes.fr/eelsdb/index.php?page=displayspec.php&id=85",
          "title": "Old EELS DB"
        }
      ]
    },
    "section_data": {
      "repository_name": "Electron Energy Loss Spectroscopy (EELS) database",
      "repository_url": "https://eelsdb.eu",
      "entry_repository_url": "https://eelsdb.eu/spectra/99-99-nickel-metal/"
    },
    "section_method": {
      "data_type": "spectrum",
      "method_name": "electron energy loss spectroscopy",
      "method_abbreviation": "EELS"
    },
    "section_sample": {
      "section_material": {
        "chemical_formula": "Ni",
        "chemical_name": "99.99% Nickel metal",
        "atom_labels": [
          "Ni"
        ]
      }
    }
  },
  "section_metadata": {
    "upload_id": "hSOY_Y0iQjqvoiH-Hu-0xg",
    "calc_id": "Nj--bInuDwaIONnwD_6S_m-Au1CW",
    "calc_hash": "rjqFHjeIo19MlxkfL0vIa1E11g-f",
    "mainfile": "ems_data/eelsdb/spectra/99-99-nickel-metal/metadata.json",
    "files": [
      "ems_data/eelsdb/spectra/99-99-nickel-metal/metadata.json",
      "ems_data/eelsdb/spectra/99-99-nickel-metal/data.msa"
    ],
    "domain": "ems",
    "published": true,
    "processed": true,
    "last_processing": "2020-09-24T22:03:05.354849",
    "nomad_version": "1.0.0",
    "nomad_commit": "4d71fee0",
    "parser_name": "parsers/eels",
    "comment": "The background was model as a power law using a window of 10 eV width. \r\nThe spectrum was deconvoluted by the Fourier-ratio method using low-loss spectra collected from the same region and under similar conditions except for a reduced illumination intensity. Analyst: P. Potapov. Temperature: Room. BEAM/Crystal: close to [101] zone axis. ",
    "references": [
      "https://eelsdb.eu/spectra/99-99-nickel-metal/",
      "https://api.eelsdb.eu/spectra/99-99-nickel-metal/",
      "https://eelsdb.eu/wp-content/uploads/2015/09/DspecJ0t8eT.msa",
      "Structural and chemical effects on EELS L2,3 ionisation edges in Ni-based intermetallic compounds; P.L. Potapov, S.E. Kulkova, D. Schryvers, J. Verbeeck; Phys. Rev. B 64, 184110 (2001)"
    ],
    "external_db": "EELSDB",
    "uploader": "05375d3f-87e5-4266-9ec8-e80bfe2a739d",
    "coauthors": [
      {
        "first_name": "Marie",
        "last_name": "Cheynet"
      }
    ],
    "shared_with": [],
    "with_embargo": false,
    "upload_time": "2020-09-07T14:33:37.396000",
    "upload_name": "ems_data.zip",
    "datasets": [
      "zAStTK1PQLaZ9V9krYVzUQ",
      "kpRslScITpW-5O6mlxpzMw"
    ],
    "external_id": "21602",
    "last_edit": "2020-09-07T14:45:09.330000",
    "formula": "Ni",
    "atoms": [
      "Ni"
    ],
    "n_atoms": 1,
    "ems": {
      "chemical": "99.99% Nickel metal",
      "sample_constituents": "unavailable",
      "sample_microstructure": "unavailable",
      "experiment_summary": "None",
      "origin_time": "2005-05-26T00:00:00",
      "method": "electron energy loss spectroscopy",
      "data_type": "spectrum",
      "probing_method": "unavailable",
      "repository_name": "Electron Energy Loss Spectroscopy (EELS) database",
      "repository_url": "https://eelsdb.eu",
      "entry_repository_url": "https://eelsdb.eu/spectra/99-99-nickel-metal/",
      "preview_url": "None",
      "quantities": [
        "section_method",
        "method_abbreviation",
        "repository_url",
        "raw_metadata",
        "Experiment",
        "entry_repository_url",
        "experiment_publish_time",
        "atom_labels",
        "method_name",
        "section_sample",
        "chemical_name",
        "section_material",
        "data_type",
        "section_data",
        "chemical_formula",
        "repository_name"
      ],
      "group_hash": "AXgtElgFUZwbhStnBU_LyKwGDiUS"
    }
  }
}