{
  "processing_logs": [
    {
      "event": "received process function call",
      "task": "None",
      "proc": "Calc",
      "process": "re_process_calc",
      "tasks_status": "PENDING",
      "logger": "nomad.processing",
      "timestamp": "2020-09-24 22:03.07",
      "level": "DEBUG"
    },
    {
      "event": "started process",
      "task": "parsing",
      "proc": "Calc",
      "process": "re_process_calc",
      "tasks_status": "RUNNING",
      "logger": "nomad.processing",
      "timestamp": "2020-09-24 22:03.07",
      "level": "INFO"
    },
    {
      "exec_time": "0.0008137226104736328",
      "input_size": "1335",
      "event": "parser executed",
      "task": "parsing",
      "proc": "Calc",
      "process": "re_process_calc",
      "tasks_status": "RUNNING",
      "parser": "parsers/eels",
      "step": "parsers/eels",
      "logger": "nomad.processing",
      "timestamp": "2020-09-24 22:03.07",
      "level": "INFO"
    },
    {
      "event": "successfully completed task",
      "task": "normalizing",
      "proc": "Calc",
      "process": "re_process_calc",
      "tasks_status": "RUNNING",
      "logger": "nomad.processing",
      "timestamp": "2020-09-24 22:03.07",
      "level": "INFO"
    },
    {
      "event": "successfully completed task",
      "task": "archiving",
      "proc": "Calc",
      "process": "re_process_calc",
      "tasks_status": "RUNNING",
      "logger": "nomad.processing",
      "timestamp": "2020-09-24 22:03.07",
      "level": "INFO"
    },
    {
      "exec_time": "0.0010418891906738281",
      "step": "metadata",
      "event": "saved calc metadata",
      "task": "archiving",
      "proc": "Calc",
      "process": "re_process_calc",
      "tasks_status": "RUNNING",
      "logger": "nomad.processing",
      "timestamp": "2020-09-24 22:03.07",
      "level": "INFO"
    },
    {
      "exec_time": "0.011624813079833984",
      "step": "index",
      "event": "indexed",
      "task": "archiving",
      "proc": "Calc",
      "process": "re_process_calc",
      "tasks_status": "RUNNING",
      "logger": "nomad.processing",
      "timestamp": "2020-09-24 22:03.07",
      "level": "INFO"
    }
  ],
  "section_experiment": {
    "experiment_publish_time": "2020-06-11T19:34:59",
    "raw_metadata": {
      "id": 22124,
      "title": "O-K edge &#8211; La2NiO4 &#8211; Structure of K2NiF4 tetragonale (I4/mmm)",
      "permalink": "https://eelsdb.eu/spectra/o-k-edge-la2nio4-structure-of-k2nif4-tetragonale-i4-mmm/",
      "author": {
        "name": "VILLEPREUX Edouard",
        "profile_url": "https://eelsdb.eu/author/edouard/",
        "profile_api_url": "https://api.eelsdb.eu/author/edouard/"
      },
      "published": "2020-06-11 19:34:59",
      "description": "",
      "comment_count": 0,
      "api_permalink": "https://api.eelsdb.eu/spectra/o-k-edge-la2nio4-structure-of-k2nif4-tetragonale-i4-mmm/",
      "keywords": [
        "O-K edge"
      ],
      "download_link": "https://eelsdb.eu/wp-content/uploads/2020/06/O-K-edge-in-La2NiO4-01eV-1-modif.txt",
      "type": "Core Loss",
      "formula": "La2NiO4",
      "elements": [
        "La",
        "Ni",
        "O"
      ],
      "microscope": "FEI - TITAN THEMIS",
      "max_energy": "559.2 eV",
      "min_energy": "521.6 eV",
      "source_purity": "Monocristalline",
      "edges": [
        "O_K"
      ],
      "guntype": "XFEG",
      "beamenergy": "200 kV",
      "resolution": "0.1 eV",
      "monochromated": "No",
      "stepSize": "0.1 eV/pixel",
      "acquisition_mode": "stem",
      "convergence": "16.26 mrad",
      "collection": "33.87 mrad",
      "detector": "Gatan Quantum Filter (FAST Dual EELS)",
      "darkcurrent": "Yes",
      "gainvariation": "No",
      "calibration": "zero loss peak + dispersion"
    },
    "section_data": {
      "repository_name": "Electron Energy Loss Spectroscopy (EELS) database",
      "repository_url": "https://eelsdb.eu",
      "entry_repository_url": "https://eelsdb.eu/spectra/o-k-edge-la2nio4-structure-of-k2nif4-tetragonale-i4-mmm/"
    },
    "section_method": {
      "data_type": "spectrum",
      "method_name": "electron energy loss spectroscopy",
      "method_abbreviation": "EELS"
    },
    "section_sample": {
      "section_material": {
        "chemical_formula": "La2NiO4",
        "chemical_name": "O-K edge &#8211; La2NiO4 &#8211; Structure of K2NiF4 tetragonale (I4/mmm)",
        "atom_labels": [
          "La",
          "Ni",
          "O"
        ]
      }
    }
  },
  "section_metadata": {
    "upload_id": "hSOY_Y0iQjqvoiH-Hu-0xg",
    "calc_id": "OkmTupbpCO8IM-AOJHhEYsd8oLFi",
    "calc_hash": "FGOkFN7EkiVgDSSKUPzBhmNpmLT6",
    "mainfile": "ems_data/eelsdb/spectra/o-k-edge-la2nio4-structure-of-k2nif4-tetragonale-i4-mmm/metadata.json",
    "files": [
      "ems_data/eelsdb/spectra/o-k-edge-la2nio4-structure-of-k2nif4-tetragonale-i4-mmm/metadata.json",
      "ems_data/eelsdb/spectra/o-k-edge-la2nio4-structure-of-k2nif4-tetragonale-i4-mmm/data.msa"
    ],
    "domain": "ems",
    "published": true,
    "processed": true,
    "last_processing": "2020-09-24T22:03:07.847159",
    "nomad_version": "1.0.0",
    "nomad_commit": "4d71fee0",
    "parser_name": "parsers/eels",
    "comment": "",
    "references": [
      "https://eelsdb.eu/spectra/o-k-edge-la2nio4-structure-of-k2nif4-tetragonale-i4-mmm/",
      "https://api.eelsdb.eu/spectra/o-k-edge-la2nio4-structure-of-k2nif4-tetragonale-i4-mmm/",
      "https://eelsdb.eu/wp-content/uploads/2020/06/O-K-edge-in-La2NiO4-01eV-1-modif.txt"
    ],
    "external_db": "EELSDB",
    "uploader": "05375d3f-87e5-4266-9ec8-e80bfe2a739d",
    "coauthors": [
      {
        "first_name": "VILLEPREUX",
        "last_name": "Edouard"
      }
    ],
    "shared_with": [],
    "with_embargo": false,
    "upload_time": "2020-09-07T14:33:37.396000",
    "upload_name": "ems_data.zip",
    "datasets": [
      "zAStTK1PQLaZ9V9krYVzUQ",
      "kpRslScITpW-5O6mlxpzMw"
    ],
    "external_id": "22124",
    "last_edit": "2020-09-07T14:45:09.330000",
    "formula": "La2NiO4",
    "atoms": [
      "La",
      "Ni",
      "O"
    ],
    "n_atoms": 3,
    "ems": {
      "chemical": "O-K edge &#8211; La2NiO4 &#8211; Structure of K2NiF4 tetragonale (I4/mmm)",
      "sample_constituents": "unavailable",
      "sample_microstructure": "unavailable",
      "experiment_summary": "None",
      "origin_time": "2020-06-11T19:34:59",
      "method": "electron energy loss spectroscopy",
      "data_type": "spectrum",
      "probing_method": "unavailable",
      "repository_name": "Electron Energy Loss Spectroscopy (EELS) database",
      "repository_url": "https://eelsdb.eu",
      "entry_repository_url": "https://eelsdb.eu/spectra/o-k-edge-la2nio4-structure-of-k2nif4-tetragonale-i4-mmm/",
      "preview_url": "None",
      "quantities": [
        "section_method",
        "method_abbreviation",
        "repository_url",
        "raw_metadata",
        "Experiment",
        "entry_repository_url",
        "experiment_publish_time",
        "atom_labels",
        "method_name",
        "section_sample",
        "chemical_name",
        "section_material",
        "data_type",
        "section_data",
        "chemical_formula",
        "repository_name"
      ],
      "group_hash": "To3I2W-2IVxHSYJZv_2qiwsxUH61"
    }
  }
}