{
  "processing_logs": [
    {
      "event": "received process function call",
      "task": "None",
      "proc": "Calc",
      "process": "re_process_calc",
      "tasks_status": "PENDING",
      "logger": "nomad.processing",
      "timestamp": "2020-09-24 22:03.08",
      "level": "DEBUG"
    },
    {
      "event": "started process",
      "task": "parsing",
      "proc": "Calc",
      "process": "re_process_calc",
      "tasks_status": "RUNNING",
      "logger": "nomad.processing",
      "timestamp": "2020-09-24 22:03.08",
      "level": "INFO"
    },
    {
      "exec_time": "0.0008351802825927734",
      "input_size": "1681",
      "event": "parser executed",
      "task": "parsing",
      "proc": "Calc",
      "process": "re_process_calc",
      "tasks_status": "RUNNING",
      "parser": "parsers/eels",
      "step": "parsers/eels",
      "logger": "nomad.processing",
      "timestamp": "2020-09-24 22:03.08",
      "level": "INFO"
    },
    {
      "event": "successfully completed task",
      "task": "normalizing",
      "proc": "Calc",
      "process": "re_process_calc",
      "tasks_status": "RUNNING",
      "logger": "nomad.processing",
      "timestamp": "2020-09-24 22:03.08",
      "level": "INFO"
    },
    {
      "event": "successfully completed task",
      "task": "archiving",
      "proc": "Calc",
      "process": "re_process_calc",
      "tasks_status": "RUNNING",
      "logger": "nomad.processing",
      "timestamp": "2020-09-24 22:03.08",
      "level": "INFO"
    },
    {
      "exec_time": "0.0010218620300292969",
      "step": "metadata",
      "event": "saved calc metadata",
      "task": "archiving",
      "proc": "Calc",
      "process": "re_process_calc",
      "tasks_status": "RUNNING",
      "logger": "nomad.processing",
      "timestamp": "2020-09-24 22:03.08",
      "level": "INFO"
    },
    {
      "exec_time": "0.010057687759399414",
      "step": "index",
      "event": "indexed",
      "task": "archiving",
      "proc": "Calc",
      "process": "re_process_calc",
      "tasks_status": "RUNNING",
      "logger": "nomad.processing",
      "timestamp": "2020-09-24 22:03.08",
      "level": "INFO"
    }
  ],
  "section_experiment": {
    "experiment_publish_time": "2005-05-20T00:00:00",
    "raw_metadata": {
      "id": 21595,
      "title": "Zirconia (tetragonal)",
      "permalink": "https://eelsdb.eu/spectra/zirconia-tetragonal/",
      "author": {
        "name": "(Dr) Marie Cheynet",
        "profile_url": "https://eelsdb.eu/author/mcheynet/",
        "profile_api_url": "https://api.eelsdb.eu/author/mcheynet/"
      },
      "published": "2005-05-20 00:00:00",
      "description": "tetragonal structure is stabilized by nanocrystallised microstructure of the powders Analyst: M. Cheynet. Temperature: Room. ",
      "comment_count": 0,
      "api_permalink": "https://api.eelsdb.eu/spectra/zirconia-tetragonal/",
      "keywords": [
        "imported from old site"
      ],
      "download_link": "https://eelsdb.eu/wp-content/uploads/2015/09/Dspect90vMY1.msa",
      "type": "Low Loss",
      "formula": "ZrO2",
      "elements": [
        "Zr",
        "O"
      ],
      "microscope": "Tecnai F20",
      "max_energy": "87.3 eV",
      "min_energy": "-14.7 eV",
      "source_purity": "Home made powders by spray-pyrolysis technique",
      "guntype": "feg Schottky",
      "beamenergy": "200 kV",
      "resolution": "0.8 eV",
      "stepSize": "0.1 eV/pixel",
      "acquisition_mode": "STEM",
      "convergence": "13.5 mrad",
      "collection": "1.2 mrad",
      "probesize": "1 nm^2",
      "readouts": "2",
      "detector": "Parallel: GIF",
      "darkcurrent": "Yes",
      "gainvariation": "Yes",
      "thickness": "0.7 t/&lambda;",
      "reference": {
        "freetext": "Electronic structure and electron energy-loss spectroscopy of ZrO2 zirconia\r\nLouise Dash, Nathalie Vast, Philippe Baranek, Marie-Claude Cheynet, Lucia Reining\r\nPhys. Rev. B 70, (2004)245116."
      },
      "other_links": [
        {
          "url": "http://pc-web.cemes.fr/eelsdb/index.php?page=displayspec.php&id=75",
          "title": "Old EELS DB"
        }
      ]
    },
    "section_data": {
      "repository_name": "Electron Energy Loss Spectroscopy (EELS) database",
      "repository_url": "https://eelsdb.eu",
      "entry_repository_url": "https://eelsdb.eu/spectra/zirconia-tetragonal/"
    },
    "section_method": {
      "data_type": "spectrum",
      "method_name": "electron energy loss spectroscopy",
      "method_abbreviation": "EELS"
    },
    "section_sample": {
      "section_material": {
        "chemical_formula": "ZrO2",
        "chemical_name": "Zirconia (tetragonal)",
        "atom_labels": [
          "Zr",
          "O"
        ]
      }
    }
  },
  "section_metadata": {
    "upload_id": "hSOY_Y0iQjqvoiH-Hu-0xg",
    "calc_id": "oW_L9x3kC72bVQKc9Norebcy0VWG",
    "calc_hash": "ZNDwAb6_HzU6TqOwg6v6646us-no",
    "mainfile": "ems_data/eelsdb/spectra/zirconia-tetragonal/metadata.json",
    "files": [
      "ems_data/eelsdb/spectra/zirconia-tetragonal/metadata.json",
      "ems_data/eelsdb/spectra/zirconia-tetragonal/data.msa"
    ],
    "domain": "ems",
    "published": true,
    "processed": true,
    "last_processing": "2020-09-24T22:03:08.504969",
    "nomad_version": "1.0.0",
    "nomad_commit": "4d71fee0",
    "parser_name": "parsers/eels",
    "comment": "tetragonal structure is stabilized by nanocrystallised microstructure of the powders Analyst: M. Cheynet. Temperature: Room. ",
    "references": [
      "https://eelsdb.eu/spectra/zirconia-tetragonal/",
      "https://api.eelsdb.eu/spectra/zirconia-tetragonal/",
      "https://eelsdb.eu/wp-content/uploads/2015/09/Dspect90vMY1.msa",
      "Electronic structure and electron energy-loss spectroscopy of ZrO2 zirconia; Louise Dash, Nathalie Vast, Philippe Baranek, Marie-Claude Cheynet, Lucia Reining; Phys. Rev. B 70, (2004)245116."
    ],
    "external_db": "EELSDB",
    "uploader": "05375d3f-87e5-4266-9ec8-e80bfe2a739d",
    "coauthors": [
      {
        "first_name": "Marie",
        "last_name": "Cheynet"
      }
    ],
    "shared_with": [],
    "with_embargo": false,
    "upload_time": "2020-09-07T14:33:37.396000",
    "upload_name": "ems_data.zip",
    "datasets": [
      "zAStTK1PQLaZ9V9krYVzUQ",
      "kpRslScITpW-5O6mlxpzMw"
    ],
    "external_id": "21595",
    "last_edit": "2020-09-07T14:45:09.330000",
    "formula": "ZrO2",
    "atoms": [
      "O",
      "Zr"
    ],
    "n_atoms": 2,
    "ems": {
      "chemical": "Zirconia (tetragonal)",
      "sample_constituents": "unavailable",
      "sample_microstructure": "unavailable",
      "experiment_summary": "None",
      "origin_time": "2005-05-20T00:00:00",
      "method": "electron energy loss spectroscopy",
      "data_type": "spectrum",
      "probing_method": "unavailable",
      "repository_name": "Electron Energy Loss Spectroscopy (EELS) database",
      "repository_url": "https://eelsdb.eu",
      "entry_repository_url": "https://eelsdb.eu/spectra/zirconia-tetragonal/",
      "preview_url": "None",
      "quantities": [
        "section_method",
        "method_abbreviation",
        "repository_url",
        "raw_metadata",
        "Experiment",
        "entry_repository_url",
        "experiment_publish_time",
        "atom_labels",
        "method_name",
        "section_sample",
        "chemical_name",
        "section_material",
        "data_type",
        "section_data",
        "chemical_formula",
        "repository_name"
      ],
      "group_hash": "y2ernI3X-PcxZa2n9xNHdZFYyskQ"
    }
  }
}