{
  "processing_logs": [
    {
      "event": "received process function call",
      "task": "None",
      "proc": "Calc",
      "process": "re_process_calc",
      "tasks_status": "PENDING",
      "logger": "nomad.processing",
      "timestamp": "2020-09-24 22:03.08",
      "level": "DEBUG"
    },
    {
      "event": "started process",
      "task": "parsing",
      "proc": "Calc",
      "process": "re_process_calc",
      "tasks_status": "RUNNING",
      "logger": "nomad.processing",
      "timestamp": "2020-09-24 22:03.08",
      "level": "INFO"
    },
    {
      "exec_time": "0.0008318424224853516",
      "input_size": "1131",
      "event": "parser executed",
      "task": "parsing",
      "proc": "Calc",
      "process": "re_process_calc",
      "tasks_status": "RUNNING",
      "parser": "parsers/eels",
      "step": "parsers/eels",
      "logger": "nomad.processing",
      "timestamp": "2020-09-24 22:03.08",
      "level": "INFO"
    },
    {
      "event": "successfully completed task",
      "task": "normalizing",
      "proc": "Calc",
      "process": "re_process_calc",
      "tasks_status": "RUNNING",
      "logger": "nomad.processing",
      "timestamp": "2020-09-24 22:03.08",
      "level": "INFO"
    },
    {
      "event": "successfully completed task",
      "task": "archiving",
      "proc": "Calc",
      "process": "re_process_calc",
      "tasks_status": "RUNNING",
      "logger": "nomad.processing",
      "timestamp": "2020-09-24 22:03.08",
      "level": "INFO"
    },
    {
      "exec_time": "0.0015397071838378906",
      "step": "metadata",
      "event": "saved calc metadata",
      "task": "archiving",
      "proc": "Calc",
      "process": "re_process_calc",
      "tasks_status": "RUNNING",
      "logger": "nomad.processing",
      "timestamp": "2020-09-24 22:03.08",
      "level": "INFO"
    },
    {
      "exec_time": "0.01282048225402832",
      "step": "index",
      "event": "indexed",
      "task": "archiving",
      "proc": "Calc",
      "process": "re_process_calc",
      "tasks_status": "RUNNING",
      "logger": "nomad.processing",
      "timestamp": "2020-09-24 22:03.08",
      "level": "INFO"
    }
  ],
  "section_experiment": {
    "experiment_publish_time": "2020-05-18T16:27:49",
    "raw_metadata": {
      "id": 22125,
      "title": "Ta2O5 &#8211; amoprhous",
      "permalink": "https://eelsdb.eu/spectra/ta2o5-amoprhous/",
      "author": {
        "name": "VILLEPREUX Edouard",
        "profile_url": "https://eelsdb.eu/author/edouard/",
        "profile_api_url": "https://api.eelsdb.eu/author/edouard/"
      },
      "published": "2020-05-18 16:27:49",
      "description": "",
      "comment_count": 0,
      "api_permalink": "https://api.eelsdb.eu/spectra/ta2o5-amoprhous/",
      "download_link": "https://eelsdb.eu/wp-content/uploads/2019/09/Full-Spectra-CL-Ta2O5-1eV.txt",
      "type": "Core Loss",
      "formula": "Ta2O5",
      "elements": [
        "Ta",
        "O"
      ],
      "microscope": "FEI - TECNAI OSIRIS",
      "max_energy": "3147 eV",
      "min_energy": "150 eV",
      "edges": [
        "O_K",
        "Ta_N2,3",
        "Ta_M4,5"
      ],
      "guntype": "XFEG",
      "beamenergy": "200 kV",
      "resolution": "1.0 eV",
      "monochromated": "No",
      "stepSize": "1 eV/pixel",
      "acquisition_mode": "stem",
      "convergence": "18.3 mrad",
      "collection": "36.8 mrad",
      "detector": "Gatan Quantum Filter (FAST Dual EELS)",
      "darkcurrent": "Yes",
      "gainvariation": "Yes",
      "calibration": "low loss + drift tube"
    },
    "section_data": {
      "repository_name": "Electron Energy Loss Spectroscopy (EELS) database",
      "repository_url": "https://eelsdb.eu",
      "entry_repository_url": "https://eelsdb.eu/spectra/ta2o5-amoprhous/"
    },
    "section_method": {
      "data_type": "spectrum",
      "method_name": "electron energy loss spectroscopy",
      "method_abbreviation": "EELS"
    },
    "section_sample": {
      "section_material": {
        "chemical_formula": "Ta2O5",
        "chemical_name": "Ta2O5 &#8211; amoprhous",
        "atom_labels": [
          "Ta",
          "O"
        ]
      }
    }
  },
  "section_metadata": {
    "upload_id": "hSOY_Y0iQjqvoiH-Hu-0xg",
    "calc_id": "PmP1CBXVSQnlvyaqA7fA2mWUFlkm",
    "calc_hash": "hBfzUSGj5HBnEuZPwd-7L-gWtKQC",
    "mainfile": "ems_data/eelsdb/spectra/ta2o5-amoprhou/metadata.json",
    "files": [
      "ems_data/eelsdb/spectra/ta2o5-amoprhou/metadata.json",
      "ems_data/eelsdb/spectra/ta2o5-amoprhou/data.msa"
    ],
    "domain": "ems",
    "published": true,
    "processed": true,
    "last_processing": "2020-09-24T22:03:08.245272",
    "nomad_version": "1.0.0",
    "nomad_commit": "4d71fee0",
    "parser_name": "parsers/eels",
    "comment": "",
    "references": [
      "https://eelsdb.eu/spectra/ta2o5-amoprhous/",
      "https://api.eelsdb.eu/spectra/ta2o5-amoprhous/",
      "https://eelsdb.eu/wp-content/uploads/2019/09/Full-Spectra-CL-Ta2O5-1eV.txt"
    ],
    "external_db": "EELSDB",
    "uploader": "05375d3f-87e5-4266-9ec8-e80bfe2a739d",
    "coauthors": [
      {
        "first_name": "VILLEPREUX",
        "last_name": "Edouard"
      }
    ],
    "shared_with": [],
    "with_embargo": false,
    "upload_time": "2020-09-07T14:33:37.396000",
    "upload_name": "ems_data.zip",
    "datasets": [
      "zAStTK1PQLaZ9V9krYVzUQ",
      "kpRslScITpW-5O6mlxpzMw"
    ],
    "external_id": "22125",
    "last_edit": "2020-09-07T14:45:09.330000",
    "formula": "Ta2O5",
    "atoms": [
      "O",
      "Ta"
    ],
    "n_atoms": 2,
    "ems": {
      "chemical": "Ta2O5 &#8211; amoprhous",
      "sample_constituents": "unavailable",
      "sample_microstructure": "unavailable",
      "experiment_summary": "None",
      "origin_time": "2020-05-18T16:27:49",
      "method": "electron energy loss spectroscopy",
      "data_type": "spectrum",
      "probing_method": "unavailable",
      "repository_name": "Electron Energy Loss Spectroscopy (EELS) database",
      "repository_url": "https://eelsdb.eu",
      "entry_repository_url": "https://eelsdb.eu/spectra/ta2o5-amoprhous/",
      "preview_url": "None",
      "quantities": [
        "section_method",
        "method_abbreviation",
        "repository_url",
        "raw_metadata",
        "Experiment",
        "entry_repository_url",
        "experiment_publish_time",
        "atom_labels",
        "method_name",
        "section_sample",
        "chemical_name",
        "section_material",
        "data_type",
        "section_data",
        "chemical_formula",
        "repository_name"
      ],
      "group_hash": "LmVQ4Ae4utz26GNQn9Wb3fDvmpir"
    }
  }
}