{
  "processing_logs": [
    {
      "event": "received process function call",
      "task": "None",
      "proc": "Calc",
      "process": "re_process_calc",
      "tasks_status": "PENDING",
      "logger": "nomad.processing",
      "timestamp": "2020-09-24 22:03.08",
      "level": "DEBUG"
    },
    {
      "event": "started process",
      "task": "parsing",
      "proc": "Calc",
      "process": "re_process_calc",
      "tasks_status": "RUNNING",
      "logger": "nomad.processing",
      "timestamp": "2020-09-24 22:03.08",
      "level": "INFO"
    },
    {
      "exec_time": "0.0012786388397216797",
      "input_size": "1992",
      "event": "parser executed",
      "task": "parsing",
      "proc": "Calc",
      "process": "re_process_calc",
      "tasks_status": "RUNNING",
      "parser": "parsers/eels",
      "step": "parsers/eels",
      "logger": "nomad.processing",
      "timestamp": "2020-09-24 22:03.08",
      "level": "INFO"
    },
    {
      "event": "successfully completed task",
      "task": "normalizing",
      "proc": "Calc",
      "process": "re_process_calc",
      "tasks_status": "RUNNING",
      "logger": "nomad.processing",
      "timestamp": "2020-09-24 22:03.08",
      "level": "INFO"
    },
    {
      "event": "successfully completed task",
      "task": "archiving",
      "proc": "Calc",
      "process": "re_process_calc",
      "tasks_status": "RUNNING",
      "logger": "nomad.processing",
      "timestamp": "2020-09-24 22:03.08",
      "level": "INFO"
    },
    {
      "exec_time": "0.001272439956665039",
      "step": "metadata",
      "event": "saved calc metadata",
      "task": "archiving",
      "proc": "Calc",
      "process": "re_process_calc",
      "tasks_status": "RUNNING",
      "logger": "nomad.processing",
      "timestamp": "2020-09-24 22:03.08",
      "level": "INFO"
    },
    {
      "exec_time": "0.01120138168334961",
      "step": "index",
      "event": "indexed",
      "task": "archiving",
      "proc": "Calc",
      "process": "re_process_calc",
      "tasks_status": "RUNNING",
      "logger": "nomad.processing",
      "timestamp": "2020-09-24 22:03.08",
      "level": "INFO"
    }
  ],
  "section_experiment": {
    "experiment_publish_time": "2007-11-12T00:00:00",
    "raw_metadata": {
      "id": 21619,
      "title": "Titanium Dioxide",
      "permalink": "https://eelsdb.eu/spectra/titanium-dioxide-6/",
      "author": {
        "name": "Giovanni Bertoni",
        "profile_url": "https://eelsdb.eu/author/giovanni-bertoni/",
        "profile_api_url": "https://api.eelsdb.eu/author/giovanni-bertoni/"
      },
      "published": "2007-11-12 00:00:00",
      "description": "Ti-L edge calibrated according to the measured Ti_L edge on TiO2 anatase (same edge onsets)\r\n\r\namorphous titania mesoporous sample.\r\nsample grown by E. Beyers at the Laboratory of Adsorption and Catalysis of the University of Antwerp. Analyst: Giovanni Bertoni. Temperature: Room. ",
      "comment_count": 0,
      "api_permalink": "https://api.eelsdb.eu/spectra/titanium-dioxide-6/",
      "keywords": [
        "imported from old site"
      ],
      "download_link": "https://eelsdb.eu/wp-content/uploads/2015/09/DspecHnoeuO.msa",
      "type": "Core Loss",
      "formula": "TiO2 (amorphous)",
      "elements": [
        "Ti",
        "O"
      ],
      "microscope": "CM30",
      "max_energy": "498.85 eV",
      "min_energy": "447.7 eV",
      "source_purity": "University of Antwerp (powder)",
      "edges": [
        "Ti_L2,3"
      ],
      "guntype": "feg Schottky",
      "beamenergy": "300 kV",
      "resolution": "0.7 eV",
      "stepSize": "0.05 eV/pixel",
      "acquisition_mode": "Diffraction",
      "convergence": "2.8 mrad",
      "collection": "0.81 mrad",
      "integratetime": "2 secs",
      "readouts": "20",
      "detector": "Parallel: GIF200",
      "darkcurrent": "Yes",
      "gainvariation": "Yes",
      "thickness": "0.492 t/&lambda;",
      "reference": {
        "freetext": "G. Bertoni, E. Beyers, J. Verbeeck, M. Mertens, P. Cool, E. F. Vansant, and G. Van Tendeloo, Ultramicroscopy 106, 630-635 (2006)"
      },
      "associated_spectra": [
        {
          "name": "Titanium Dioxide",
          "link": "https://eelsdb.eu/spectra/titanium-dioxide-5/",
          "type": "Low Loss"
        }
      ],
      "other_links": [
        {
          "url": "http://pc-web.cemes.fr/eelsdb/index.php?page=displayspec.php&id=105",
          "title": "Old EELS DB"
        }
      ]
    },
    "section_data": {
      "repository_name": "Electron Energy Loss Spectroscopy (EELS) database",
      "repository_url": "https://eelsdb.eu",
      "entry_repository_url": "https://eelsdb.eu/spectra/titanium-dioxide-6/"
    },
    "section_method": {
      "data_type": "spectrum",
      "method_name": "electron energy loss spectroscopy",
      "method_abbreviation": "EELS"
    },
    "section_sample": {
      "section_material": {
        "chemical_formula": "TiO2 (amorphous)",
        "chemical_name": "Titanium Dioxide",
        "atom_labels": [
          "Ti",
          "O"
        ]
      }
    }
  },
  "section_metadata": {
    "upload_id": "hSOY_Y0iQjqvoiH-Hu-0xg",
    "calc_id": "PUThg8_jHXf8SEldFR-yqGwTfVzd",
    "calc_hash": "445NHR0PUtM-462eT49r9LQTHiqT",
    "mainfile": "ems_data/eelsdb/spectra/titanium-dioxide-6/metadata.json",
    "files": [
      "ems_data/eelsdb/spectra/titanium-dioxide-6/metadata.json",
      "ems_data/eelsdb/spectra/titanium-dioxide-6/data.msa"
    ],
    "domain": "ems",
    "published": true,
    "processed": true,
    "last_processing": "2020-09-24T22:03:08.325162",
    "nomad_version": "1.0.0",
    "nomad_commit": "4d71fee0",
    "parser_name": "parsers/eels",
    "comment": "Ti-L edge calibrated according to the measured Ti_L edge on TiO2 anatase (same edge onsets)\r\n\r\namorphous titania mesoporous sample.\r\nsample grown by E. Beyers at the Laboratory of Adsorption and Catalysis of the University of Antwerp. Analyst: Giovanni Bertoni. Temperature: Room. ",
    "references": [
      "https://eelsdb.eu/spectra/titanium-dioxide-6/",
      "https://api.eelsdb.eu/spectra/titanium-dioxide-6/",
      "https://eelsdb.eu/wp-content/uploads/2015/09/DspecHnoeuO.msa",
      "G. Bertoni, E. Beyers, J. Verbeeck, M. Mertens, P. Cool, E. F. Vansant, and G. Van Tendeloo, Ultramicroscopy 106, 630-635 (2006)"
    ],
    "external_db": "EELSDB",
    "uploader": "05375d3f-87e5-4266-9ec8-e80bfe2a739d",
    "coauthors": [
      {
        "first_name": "Giovanni",
        "last_name": "Bertoni"
      }
    ],
    "shared_with": [],
    "with_embargo": false,
    "upload_time": "2020-09-07T14:33:37.396000",
    "upload_name": "ems_data.zip",
    "datasets": [
      "zAStTK1PQLaZ9V9krYVzUQ",
      "kpRslScITpW-5O6mlxpzMw"
    ],
    "external_id": "21619",
    "last_edit": "2020-09-07T14:45:09.330000",
    "formula": "TiO2 (amorphous)",
    "atoms": [
      "O",
      "Ti"
    ],
    "n_atoms": 2,
    "ems": {
      "chemical": "Titanium Dioxide",
      "sample_constituents": "unavailable",
      "sample_microstructure": "unavailable",
      "experiment_summary": "None",
      "origin_time": "2007-11-12T00:00:00",
      "method": "electron energy loss spectroscopy",
      "data_type": "spectrum",
      "probing_method": "unavailable",
      "repository_name": "Electron Energy Loss Spectroscopy (EELS) database",
      "repository_url": "https://eelsdb.eu",
      "entry_repository_url": "https://eelsdb.eu/spectra/titanium-dioxide-6/",
      "preview_url": "None",
      "quantities": [
        "section_method",
        "method_abbreviation",
        "repository_url",
        "raw_metadata",
        "Experiment",
        "entry_repository_url",
        "experiment_publish_time",
        "atom_labels",
        "method_name",
        "section_sample",
        "chemical_name",
        "section_material",
        "data_type",
        "section_data",
        "chemical_formula",
        "repository_name"
      ],
      "group_hash": "FC9BrIC9J3Dd23WRaqujOj7P6kBE"
    }
  }
}