{
  "processing_logs": [
    {
      "event": "received process function call",
      "task": "None",
      "proc": "Calc",
      "process": "re_process_calc",
      "tasks_status": "PENDING",
      "logger": "nomad.processing",
      "timestamp": "2020-09-24 22:03.08",
      "level": "DEBUG"
    },
    {
      "event": "started process",
      "task": "parsing",
      "proc": "Calc",
      "process": "re_process_calc",
      "tasks_status": "RUNNING",
      "logger": "nomad.processing",
      "timestamp": "2020-09-24 22:03.08",
      "level": "INFO"
    },
    {
      "exec_time": "0.001405954360961914",
      "input_size": "1378",
      "event": "parser executed",
      "task": "parsing",
      "proc": "Calc",
      "process": "re_process_calc",
      "tasks_status": "RUNNING",
      "parser": "parsers/eels",
      "step": "parsers/eels",
      "logger": "nomad.processing",
      "timestamp": "2020-09-24 22:03.08",
      "level": "INFO"
    },
    {
      "event": "successfully completed task",
      "task": "normalizing",
      "proc": "Calc",
      "process": "re_process_calc",
      "tasks_status": "RUNNING",
      "logger": "nomad.processing",
      "timestamp": "2020-09-24 22:03.08",
      "level": "INFO"
    },
    {
      "event": "successfully completed task",
      "task": "archiving",
      "proc": "Calc",
      "process": "re_process_calc",
      "tasks_status": "RUNNING",
      "logger": "nomad.processing",
      "timestamp": "2020-09-24 22:03.08",
      "level": "INFO"
    },
    {
      "exec_time": "0.0020477771759033203",
      "step": "metadata",
      "event": "saved calc metadata",
      "task": "archiving",
      "proc": "Calc",
      "process": "re_process_calc",
      "tasks_status": "RUNNING",
      "logger": "nomad.processing",
      "timestamp": "2020-09-24 22:03.08",
      "level": "INFO"
    },
    {
      "exec_time": "0.014427661895751953",
      "step": "index",
      "event": "indexed",
      "task": "archiving",
      "proc": "Calc",
      "process": "re_process_calc",
      "tasks_status": "RUNNING",
      "logger": "nomad.processing",
      "timestamp": "2020-09-24 22:03.08",
      "level": "INFO"
    }
  ],
  "section_experiment": {
    "experiment_publish_time": "2008-01-21T00:00:00",
    "raw_metadata": {
      "id": 21674,
      "title": "Titanium dioxide (rutile structure)",
      "permalink": "https://eelsdb.eu/spectra/titanium-dioxide-rutile-structure-3/",
      "author": {
        "name": "Saso Sturm",
        "profile_url": "https://eelsdb.eu/author/saso-sturm/",
        "profile_api_url": "https://api.eelsdb.eu/author/saso-sturm/"
      },
      "published": "2008-01-21 00:00:00",
      "description": " Analyst: Saso Sturm. Temperature: Room. ",
      "comment_count": 0,
      "api_permalink": "https://api.eelsdb.eu/spectra/titanium-dioxide-rutile-structure-3/",
      "keywords": [
        "imported from old site"
      ],
      "download_link": "https://eelsdb.eu/wp-content/uploads/2015/09/DspecGLrIDj.msa",
      "type": "Low Loss",
      "formula": "TiO2",
      "elements": [
        "Ti",
        "O"
      ],
      "microscope": "JEOL2010F",
      "max_energy": "187.4 eV",
      "min_energy": "-16.8 eV",
      "guntype": "feg Schottky",
      "beamenergy": "200 kV",
      "resolution": "1.2 eV",
      "stepSize": "0.2 eV/pixel",
      "acquisition_mode": "Diffraction",
      "convergence": "10 mrad",
      "collection": "5 mrad",
      "probesize": "50 nm^2",
      "integratetime": "0.024 secs",
      "readouts": "5",
      "detector": "Parallel: 766 Gatan",
      "darkcurrent": "Yes",
      "gainvariation": "Yes",
      "thickness": "0.8 t/&lambda;",
      "other_links": [
        {
          "url": "http://pc-web.cemes.fr/eelsdb/index.php?page=displayspec.php&id=163",
          "title": "Old EELS DB"
        }
      ]
    },
    "section_data": {
      "repository_name": "Electron Energy Loss Spectroscopy (EELS) database",
      "repository_url": "https://eelsdb.eu",
      "entry_repository_url": "https://eelsdb.eu/spectra/titanium-dioxide-rutile-structure-3/"
    },
    "section_method": {
      "data_type": "spectrum",
      "method_name": "electron energy loss spectroscopy",
      "method_abbreviation": "EELS"
    },
    "section_sample": {
      "section_material": {
        "chemical_formula": "TiO2",
        "chemical_name": "Titanium dioxide (rutile structure)",
        "atom_labels": [
          "Ti",
          "O"
        ]
      }
    }
  },
  "section_metadata": {
    "upload_id": "hSOY_Y0iQjqvoiH-Hu-0xg",
    "calc_id": "pyPtArIlXx-_oeF75HHqKY_9nip-",
    "calc_hash": "AHIZdS9ieboZSc-9UzEVLgdBYBB8",
    "mainfile": "ems_data/eelsdb/spectra/titanium-dioxide-rutile-structure-3/metadata.json",
    "files": [
      "ems_data/eelsdb/spectra/titanium-dioxide-rutile-structure-3/metadata.json",
      "ems_data/eelsdb/spectra/titanium-dioxide-rutile-structure-3/data.msa"
    ],
    "domain": "ems",
    "published": true,
    "processed": true,
    "last_processing": "2020-09-24T22:03:08.337958",
    "nomad_version": "1.0.0",
    "nomad_commit": "4d71fee0",
    "parser_name": "parsers/eels",
    "comment": " Analyst: Saso Sturm. Temperature: Room. ",
    "references": [
      "https://eelsdb.eu/spectra/titanium-dioxide-rutile-structure-3/",
      "https://api.eelsdb.eu/spectra/titanium-dioxide-rutile-structure-3/",
      "https://eelsdb.eu/wp-content/uploads/2015/09/DspecGLrIDj.msa"
    ],
    "external_db": "EELSDB",
    "uploader": "05375d3f-87e5-4266-9ec8-e80bfe2a739d",
    "coauthors": [
      {
        "first_name": "Saso",
        "last_name": "Sturm"
      }
    ],
    "shared_with": [],
    "with_embargo": false,
    "upload_time": "2020-09-07T14:33:37.396000",
    "upload_name": "ems_data.zip",
    "datasets": [
      "zAStTK1PQLaZ9V9krYVzUQ",
      "kpRslScITpW-5O6mlxpzMw"
    ],
    "external_id": "21674",
    "last_edit": "2020-09-07T14:45:09.330000",
    "formula": "TiO2",
    "atoms": [
      "O",
      "Ti"
    ],
    "n_atoms": 2,
    "ems": {
      "chemical": "Titanium dioxide (rutile structure)",
      "sample_constituents": "unavailable",
      "sample_microstructure": "unavailable",
      "experiment_summary": "None",
      "origin_time": "2008-01-21T00:00:00",
      "method": "electron energy loss spectroscopy",
      "data_type": "spectrum",
      "probing_method": "unavailable",
      "repository_name": "Electron Energy Loss Spectroscopy (EELS) database",
      "repository_url": "https://eelsdb.eu",
      "entry_repository_url": "https://eelsdb.eu/spectra/titanium-dioxide-rutile-structure-3/",
      "preview_url": "None",
      "quantities": [
        "section_method",
        "method_abbreviation",
        "repository_url",
        "raw_metadata",
        "Experiment",
        "entry_repository_url",
        "experiment_publish_time",
        "atom_labels",
        "method_name",
        "section_sample",
        "chemical_name",
        "section_material",
        "data_type",
        "section_data",
        "chemical_formula",
        "repository_name"
      ],
      "group_hash": "gBOb9o6vh0fRhq6BmLzmslq9kw4E"
    }
  }
}