{
  "processing_logs": [
    {
      "event": "received process function call",
      "task": "None",
      "proc": "Calc",
      "process": "re_process_calc",
      "tasks_status": "PENDING",
      "logger": "nomad.processing",
      "timestamp": "2020-09-24 22:03.06",
      "level": "DEBUG"
    },
    {
      "event": "started process",
      "task": "parsing",
      "proc": "Calc",
      "process": "re_process_calc",
      "tasks_status": "RUNNING",
      "logger": "nomad.processing",
      "timestamp": "2020-09-24 22:03.06",
      "level": "INFO"
    },
    {
      "exec_time": "0.0008082389831542969",
      "input_size": "1744",
      "event": "parser executed",
      "task": "parsing",
      "proc": "Calc",
      "process": "re_process_calc",
      "tasks_status": "RUNNING",
      "parser": "parsers/eels",
      "step": "parsers/eels",
      "logger": "nomad.processing",
      "timestamp": "2020-09-24 22:03.06",
      "level": "INFO"
    },
    {
      "event": "successfully completed task",
      "task": "normalizing",
      "proc": "Calc",
      "process": "re_process_calc",
      "tasks_status": "RUNNING",
      "logger": "nomad.processing",
      "timestamp": "2020-09-24 22:03.06",
      "level": "INFO"
    },
    {
      "event": "successfully completed task",
      "task": "archiving",
      "proc": "Calc",
      "process": "re_process_calc",
      "tasks_status": "RUNNING",
      "logger": "nomad.processing",
      "timestamp": "2020-09-24 22:03.06",
      "level": "INFO"
    },
    {
      "exec_time": "0.0010635852813720703",
      "step": "metadata",
      "event": "saved calc metadata",
      "task": "archiving",
      "proc": "Calc",
      "process": "re_process_calc",
      "tasks_status": "RUNNING",
      "logger": "nomad.processing",
      "timestamp": "2020-09-24 22:03.06",
      "level": "INFO"
    },
    {
      "exec_time": "0.020870685577392578",
      "step": "index",
      "event": "indexed",
      "task": "archiving",
      "proc": "Calc",
      "process": "re_process_calc",
      "tasks_status": "RUNNING",
      "logger": "nomad.processing",
      "timestamp": "2020-09-24 22:03.06",
      "level": "INFO"
    }
  ],
  "section_experiment": {
    "experiment_publish_time": "2007-11-19T00:00:00",
    "raw_metadata": {
      "id": 21630,
      "title": "Cerium Praseodymium mixed oxide",
      "permalink": "https://eelsdb.eu/spectra/cerium-praseodymium-mixed-oxide/",
      "author": {
        "name": "Susana Trasobares",
        "profile_url": "https://eelsdb.eu/author/strasos/",
        "profile_api_url": "https://api.eelsdb.eu/author/strasos/"
      },
      "published": "2007-11-19 00:00:00",
      "description": "The spectrum is acquired from a cerium mixed oxide, the quantification of this kind of spectrum is really complicated due to the proximity of Ce and Pr edges. Using the DM sofware and optimising the bakground and signal window range we obtain the following values Ce(% at)=90.3 Pr(% at)=9.7\r\nWe will appreaciate if anybody could recommend a really good method for quantifying this kind of spectrum. Analyst: Susana Trasobares. Temperature: Room.",
      "comment_count": 0,
      "api_permalink": "https://api.eelsdb.eu/spectra/cerium-praseodymium-mixed-oxide/",
      "keywords": [
        "imported from old site"
      ],
      "download_link": "https://eelsdb.eu/wp-content/uploads/2015/09/Dspec015Ulv.msa",
      "type": "Core Loss",
      "formula": "CePrOx",
      "elements": [
        "Ce",
        "Pr"
      ],
      "microscope": "JEOL2010F",
      "max_energy": "1057.8 eV",
      "min_energy": "853.2 eV",
      "edges": [
        "Ce_M4,5",
        "Pr_M4,5"
      ],
      "guntype": "feg",
      "beamenergy": "200 kV",
      "monochromated": "No",
      "stepSize": "0.2 eV/pixel",
      "convergence": "8 mrad",
      "collection": "24 mrad",
      "probesize": "0.5 nm^2",
      "integratetime": "10 secs",
      "detector": "Parallel: GIF2000",
      "darkcurrent": "Yes",
      "gainvariation": "Yes",
      "calibration": "-",
      "other_links": [
        {
          "url": "http://pc-web.cemes.fr/eelsdb/index.php?page=displayspec.php&id=119",
          "title": "Old EELS DB"
        }
      ]
    },
    "section_data": {
      "repository_name": "Electron Energy Loss Spectroscopy (EELS) database",
      "repository_url": "https://eelsdb.eu",
      "entry_repository_url": "https://eelsdb.eu/spectra/cerium-praseodymium-mixed-oxide/"
    },
    "section_method": {
      "data_type": "spectrum",
      "method_name": "electron energy loss spectroscopy",
      "method_abbreviation": "EELS"
    },
    "section_sample": {
      "section_material": {
        "chemical_formula": "CePrOx",
        "chemical_name": "Cerium Praseodymium mixed oxide",
        "atom_labels": [
          "Ce",
          "Pr"
        ]
      }
    }
  },
  "section_metadata": {
    "upload_id": "hSOY_Y0iQjqvoiH-Hu-0xg",
    "calc_id": "pznO0Sp6w3HbrbaQc_nn4ehGeJxt",
    "calc_hash": "GNFy1omBS83b9Ps9l-3XUTBhAgKq",
    "mainfile": "ems_data/eelsdb/spectra/cerium-praseodymium-mixed-oxide/metadata.json",
    "files": [
      "ems_data/eelsdb/spectra/cerium-praseodymium-mixed-oxide/metadata.json",
      "ems_data/eelsdb/spectra/cerium-praseodymium-mixed-oxide/data.msa"
    ],
    "domain": "ems",
    "published": true,
    "processed": true,
    "last_processing": "2020-09-24T22:03:06.471944",
    "nomad_version": "1.0.0",
    "nomad_commit": "4d71fee0",
    "parser_name": "parsers/eels",
    "comment": "The spectrum is acquired from a cerium mixed oxide, the quantification of this kind of spectrum is really complicated due to the proximity of Ce and Pr edges. Using the DM sofware and optimising the bakground and signal window range we obtain the following values Ce(% at)=90.3 Pr(% at)=9.7\r\nWe will appreaciate if anybody could recommend a really good method for quantifying this kind of spectrum. Analyst: Susana Trasobares. Temperature: Room.",
    "references": [
      "https://eelsdb.eu/spectra/cerium-praseodymium-mixed-oxide/",
      "https://api.eelsdb.eu/spectra/cerium-praseodymium-mixed-oxide/",
      "https://eelsdb.eu/wp-content/uploads/2015/09/Dspec015Ulv.msa"
    ],
    "external_db": "EELSDB",
    "uploader": "05375d3f-87e5-4266-9ec8-e80bfe2a739d",
    "coauthors": [
      {
        "first_name": "Susana",
        "last_name": "Trasobares"
      }
    ],
    "shared_with": [],
    "with_embargo": false,
    "upload_time": "2020-09-07T14:33:37.396000",
    "upload_name": "ems_data.zip",
    "datasets": [
      "zAStTK1PQLaZ9V9krYVzUQ",
      "kpRslScITpW-5O6mlxpzMw"
    ],
    "external_id": "21630",
    "last_edit": "2020-09-07T14:45:09.330000",
    "formula": "CePrOx",
    "atoms": [
      "Ce",
      "Pr"
    ],
    "n_atoms": 2,
    "ems": {
      "chemical": "Cerium Praseodymium mixed oxide",
      "sample_constituents": "unavailable",
      "sample_microstructure": "unavailable",
      "experiment_summary": "None",
      "origin_time": "2007-11-19T00:00:00",
      "method": "electron energy loss spectroscopy",
      "data_type": "spectrum",
      "probing_method": "unavailable",
      "repository_name": "Electron Energy Loss Spectroscopy (EELS) database",
      "repository_url": "https://eelsdb.eu",
      "entry_repository_url": "https://eelsdb.eu/spectra/cerium-praseodymium-mixed-oxide/",
      "preview_url": "None",
      "quantities": [
        "section_method",
        "method_abbreviation",
        "repository_url",
        "raw_metadata",
        "Experiment",
        "entry_repository_url",
        "experiment_publish_time",
        "atom_labels",
        "method_name",
        "section_sample",
        "chemical_name",
        "section_material",
        "data_type",
        "section_data",
        "chemical_formula",
        "repository_name"
      ],
      "group_hash": "ye6IZ8xxoNmvWgTTRnG6IiHB0gse"
    }
  }
}