{
  "processing_logs": [
    {
      "event": "received process function call",
      "task": "None",
      "proc": "Calc",
      "process": "re_process_calc",
      "tasks_status": "PENDING",
      "logger": "nomad.processing",
      "timestamp": "2020-09-24 22:03.08",
      "level": "DEBUG"
    },
    {
      "event": "started process",
      "task": "parsing",
      "proc": "Calc",
      "process": "re_process_calc",
      "tasks_status": "RUNNING",
      "logger": "nomad.processing",
      "timestamp": "2020-09-24 22:03.08",
      "level": "INFO"
    },
    {
      "exec_time": "0.0009541511535644531",
      "input_size": "1378",
      "event": "parser executed",
      "task": "parsing",
      "proc": "Calc",
      "process": "re_process_calc",
      "tasks_status": "RUNNING",
      "parser": "parsers/eels",
      "step": "parsers/eels",
      "logger": "nomad.processing",
      "timestamp": "2020-09-24 22:03.08",
      "level": "INFO"
    },
    {
      "event": "successfully completed task",
      "task": "normalizing",
      "proc": "Calc",
      "process": "re_process_calc",
      "tasks_status": "RUNNING",
      "logger": "nomad.processing",
      "timestamp": "2020-09-24 22:03.08",
      "level": "INFO"
    },
    {
      "event": "successfully completed task",
      "task": "archiving",
      "proc": "Calc",
      "process": "re_process_calc",
      "tasks_status": "RUNNING",
      "logger": "nomad.processing",
      "timestamp": "2020-09-24 22:03.08",
      "level": "INFO"
    },
    {
      "exec_time": "0.0017898082733154297",
      "step": "metadata",
      "event": "saved calc metadata",
      "task": "archiving",
      "proc": "Calc",
      "process": "re_process_calc",
      "tasks_status": "RUNNING",
      "logger": "nomad.processing",
      "timestamp": "2020-09-24 22:03.08",
      "level": "INFO"
    },
    {
      "exec_time": "0.011856555938720703",
      "step": "index",
      "event": "indexed",
      "task": "archiving",
      "proc": "Calc",
      "process": "re_process_calc",
      "tasks_status": "RUNNING",
      "logger": "nomad.processing",
      "timestamp": "2020-09-24 22:03.08",
      "level": "INFO"
    }
  ],
  "section_experiment": {
    "experiment_publish_time": "2007-12-10T00:00:00",
    "raw_metadata": {
      "id": 21647,
      "title": "Silicon",
      "permalink": "https://eelsdb.eu/spectra/silicon-6/",
      "author": {
        "name": "Frans Tichelaar",
        "profile_url": "https://eelsdb.eu/author/f-d-tichelaar/",
        "profile_api_url": "https://api.eelsdb.eu/author/f-d-tichelaar/"
      },
      "published": "2007-12-10 00:00:00",
      "description": " Analyst: F.D. Tichelaar. Temperature: Room. BEAM/Crystal: 6.7 degree from (110) and 2 degrees from (001). ",
      "comment_count": 0,
      "api_permalink": "https://api.eelsdb.eu/spectra/silicon-6/",
      "keywords": [
        "imported from old site"
      ],
      "download_link": "https://eelsdb.eu/wp-content/uploads/2015/09/Dspec2vgwS1.msa",
      "type": "Low Loss",
      "formula": "Si",
      "elements": [
        "Si"
      ],
      "microscope": "Tecnai F20 monochromator",
      "max_energy": "41.15 eV",
      "min_energy": "-10 eV",
      "guntype": "feg",
      "beamenergy": "200 kV",
      "resolution": "0.3 eV",
      "monochromated": "Yes",
      "stepSize": "0.05 eV/pixel",
      "integratetime": "0.1 secs",
      "readouts": "50",
      "detector": "Parallel: GIF Tridiem",
      "darkcurrent": "Yes",
      "gainvariation": "Yes",
      "thickness": "0.55 t/&lambda;",
      "reference": {
        "freetext": "Pantel R, Cheynet MC, Tichelaar FD, Micron, 37, 657, 2006"
      },
      "other_links": [
        {
          "url": "http://pc-web.cemes.fr/eelsdb/index.php?page=displayspec.php&id=136",
          "title": "Old EELS DB"
        }
      ]
    },
    "section_data": {
      "repository_name": "Electron Energy Loss Spectroscopy (EELS) database",
      "repository_url": "https://eelsdb.eu",
      "entry_repository_url": "https://eelsdb.eu/spectra/silicon-6/"
    },
    "section_method": {
      "data_type": "spectrum",
      "method_name": "electron energy loss spectroscopy",
      "method_abbreviation": "EELS"
    },
    "section_sample": {
      "section_material": {
        "chemical_formula": "Si",
        "chemical_name": "Silicon",
        "atom_labels": [
          "Si"
        ]
      }
    }
  },
  "section_metadata": {
    "upload_id": "hSOY_Y0iQjqvoiH-Hu-0xg",
    "calc_id": "pzTJlEkLFf3oZQv3P7JPjT4QpYFW",
    "calc_hash": "mw1rhwGhBefmZeRaNyG-urfYqbXm",
    "mainfile": "ems_data/eelsdb/spectra/silicon-6/metadata.json",
    "files": [
      "ems_data/eelsdb/spectra/silicon-6/metadata.json",
      "ems_data/eelsdb/spectra/silicon-6/data.msa"
    ],
    "domain": "ems",
    "published": true,
    "processed": true,
    "last_processing": "2020-09-24T22:03:08.016965",
    "nomad_version": "1.0.0",
    "nomad_commit": "4d71fee0",
    "parser_name": "parsers/eels",
    "comment": " Analyst: F.D. Tichelaar. Temperature: Room. BEAM/Crystal: 6.7 degree from (110) and 2 degrees from (001). ",
    "references": [
      "https://eelsdb.eu/spectra/silicon-6/",
      "https://api.eelsdb.eu/spectra/silicon-6/",
      "https://eelsdb.eu/wp-content/uploads/2015/09/Dspec2vgwS1.msa",
      "Pantel R, Cheynet MC, Tichelaar FD, Micron, 37, 657, 2006"
    ],
    "external_db": "EELSDB",
    "uploader": "05375d3f-87e5-4266-9ec8-e80bfe2a739d",
    "coauthors": [
      {
        "first_name": "Frans",
        "last_name": "Tichelaar"
      }
    ],
    "shared_with": [],
    "with_embargo": false,
    "upload_time": "2020-09-07T14:33:37.396000",
    "upload_name": "ems_data.zip",
    "datasets": [
      "zAStTK1PQLaZ9V9krYVzUQ",
      "kpRslScITpW-5O6mlxpzMw"
    ],
    "external_id": "21647",
    "last_edit": "2020-09-07T14:45:09.330000",
    "formula": "Si",
    "atoms": [
      "Si"
    ],
    "n_atoms": 1,
    "ems": {
      "chemical": "Silicon",
      "sample_constituents": "unavailable",
      "sample_microstructure": "unavailable",
      "experiment_summary": "None",
      "origin_time": "2007-12-10T00:00:00",
      "method": "electron energy loss spectroscopy",
      "data_type": "spectrum",
      "probing_method": "unavailable",
      "repository_name": "Electron Energy Loss Spectroscopy (EELS) database",
      "repository_url": "https://eelsdb.eu",
      "entry_repository_url": "https://eelsdb.eu/spectra/silicon-6/",
      "preview_url": "None",
      "quantities": [
        "section_method",
        "method_abbreviation",
        "repository_url",
        "raw_metadata",
        "Experiment",
        "entry_repository_url",
        "experiment_publish_time",
        "atom_labels",
        "method_name",
        "section_sample",
        "chemical_name",
        "section_material",
        "data_type",
        "section_data",
        "chemical_formula",
        "repository_name"
      ],
      "group_hash": "e7Ap2m1AMsIlYbfLUfVogq1qLL8e"
    }
  }
}