{
  "processing_logs": [
    {
      "event": "received process function call",
      "task": "None",
      "proc": "Calc",
      "process": "re_process_calc",
      "tasks_status": "PENDING",
      "logger": "nomad.processing",
      "timestamp": "2020-09-24 22:03.05",
      "level": "DEBUG"
    },
    {
      "event": "started process",
      "task": "parsing",
      "proc": "Calc",
      "process": "re_process_calc",
      "tasks_status": "RUNNING",
      "logger": "nomad.processing",
      "timestamp": "2020-09-24 22:03.05",
      "level": "INFO"
    },
    {
      "exec_time": "0.0012464523315429688",
      "input_size": "1552",
      "event": "parser executed",
      "task": "parsing",
      "proc": "Calc",
      "process": "re_process_calc",
      "tasks_status": "RUNNING",
      "parser": "parsers/eels",
      "step": "parsers/eels",
      "logger": "nomad.processing",
      "timestamp": "2020-09-24 22:03.05",
      "level": "INFO"
    },
    {
      "event": "successfully completed task",
      "task": "normalizing",
      "proc": "Calc",
      "process": "re_process_calc",
      "tasks_status": "RUNNING",
      "logger": "nomad.processing",
      "timestamp": "2020-09-24 22:03.05",
      "level": "INFO"
    },
    {
      "event": "successfully completed task",
      "task": "archiving",
      "proc": "Calc",
      "process": "re_process_calc",
      "tasks_status": "RUNNING",
      "logger": "nomad.processing",
      "timestamp": "2020-09-24 22:03.05",
      "level": "INFO"
    },
    {
      "exec_time": "0.0018076896667480469",
      "step": "metadata",
      "event": "saved calc metadata",
      "task": "archiving",
      "proc": "Calc",
      "process": "re_process_calc",
      "tasks_status": "RUNNING",
      "logger": "nomad.processing",
      "timestamp": "2020-09-24 22:03.05",
      "level": "INFO"
    },
    {
      "exec_time": "0.02970123291015625",
      "step": "index",
      "event": "indexed",
      "task": "archiving",
      "proc": "Calc",
      "process": "re_process_calc",
      "tasks_status": "RUNNING",
      "logger": "nomad.processing",
      "timestamp": "2020-09-24 22:03.05",
      "level": "INFO"
    }
  ],
  "section_experiment": {
    "experiment_publish_time": "2007-11-28T00:00:00",
    "raw_metadata": {
      "id": 21577,
      "title": "Aluminium oxide (alpha)",
      "permalink": "https://eelsdb.eu/spectra/aluminium-oxide-alpha/",
      "author": {
        "name": "PD Dr. Peter A. van Aken",
        "profile_url": "https://eelsdb.eu/author/vanaken/",
        "profile_api_url": "https://api.eelsdb.eu/author/vanaken/"
      },
      "published": "2007-11-28 00:00:00",
      "description": "calibration should not be accurate Analyst: Stefan Nufer. ",
      "comment_count": 0,
      "api_permalink": "https://api.eelsdb.eu/spectra/aluminium-oxide-alpha/",
      "keywords": [
        "imported from old site"
      ],
      "download_link": "https://eelsdb.eu/wp-content/uploads/2015/09/Dspec.42170.1.msa",
      "type": "Core Loss",
      "formula": "Al2O3 (alpha)",
      "elements": [
        "Al",
        "O"
      ],
      "microscope": "VG HB501UX",
      "max_energy": "1775.14 eV",
      "min_energy": "1548.6 eV",
      "source_purity": "single crystal",
      "edges": [
        "Al_K"
      ],
      "guntype": "cold FEG",
      "beamenergy": "100 kV",
      "resolution": "0.9 eV",
      "stepSize": "0.3 eV/pixel",
      "acquisition_mode": "STEM",
      "convergence": "10 mrad",
      "collection": "12.5 mrad",
      "probesize": "1 nm^2",
      "beamcurrent": "1",
      "detector": "Parallel: ",
      "darkcurrent": "No",
      "gainvariation": "No",
      "thickness": "0.3 t/&lambda;",
      "reference": {
        "freetext": "Stefan Nufer, Thomas Gemming,Christian Elsaesser, Sibylle Koestlmeier, Manfred Ruehle, Ultramicroscopy, 86, 339, 2001"
      },
      "other_links": [
        {
          "url": "http://pc-web.cemes.fr/eelsdb/index.php?page=displayspec.php&id=53",
          "title": "Old EELS DB"
        }
      ]
    },
    "section_data": {
      "repository_name": "Electron Energy Loss Spectroscopy (EELS) database",
      "repository_url": "https://eelsdb.eu",
      "entry_repository_url": "https://eelsdb.eu/spectra/aluminium-oxide-alpha/"
    },
    "section_method": {
      "data_type": "spectrum",
      "method_name": "electron energy loss spectroscopy",
      "method_abbreviation": "EELS"
    },
    "section_sample": {
      "section_material": {
        "chemical_formula": "Al2O3 (alpha)",
        "chemical_name": "Aluminium oxide (alpha)",
        "atom_labels": [
          "Al",
          "O"
        ]
      }
    }
  },
  "section_metadata": {
    "upload_id": "hSOY_Y0iQjqvoiH-Hu-0xg",
    "calc_id": "QFiifoYD9Z4PgEc-jKm07vVSHEub",
    "calc_hash": "a4uJQupqLT5PmoBtFczRlYe3OIJL",
    "mainfile": "ems_data/eelsdb/spectra/aluminium-oxide-alpha/metadata.json",
    "files": [
      "ems_data/eelsdb/spectra/aluminium-oxide-alpha/metadata.json",
      "ems_data/eelsdb/spectra/aluminium-oxide-alpha/data.msa"
    ],
    "domain": "ems",
    "published": true,
    "processed": true,
    "last_processing": "2020-09-24T22:03:05.918311",
    "nomad_version": "1.0.0",
    "nomad_commit": "4d71fee0",
    "parser_name": "parsers/eels",
    "comment": "calibration should not be accurate Analyst: Stefan Nufer. ",
    "references": [
      "https://eelsdb.eu/spectra/aluminium-oxide-alpha/",
      "https://api.eelsdb.eu/spectra/aluminium-oxide-alpha/",
      "https://eelsdb.eu/wp-content/uploads/2015/09/Dspec.42170.1.msa",
      "Stefan Nufer, Thomas Gemming,Christian Elsaesser, Sibylle Koestlmeier, Manfred Ruehle, Ultramicroscopy, 86, 339, 2001"
    ],
    "external_db": "EELSDB",
    "uploader": "05375d3f-87e5-4266-9ec8-e80bfe2a739d",
    "coauthors": [
      {
        "first_name": "PD Dr. Peter A. van",
        "last_name": "Aken"
      }
    ],
    "shared_with": [],
    "with_embargo": false,
    "upload_time": "2020-09-07T14:33:37.396000",
    "upload_name": "ems_data.zip",
    "datasets": [
      "zAStTK1PQLaZ9V9krYVzUQ",
      "kpRslScITpW-5O6mlxpzMw"
    ],
    "external_id": "21577",
    "last_edit": "2020-09-07T14:45:09.330000",
    "formula": "Al2O3 (alpha)",
    "atoms": [
      "Al",
      "O"
    ],
    "n_atoms": 2,
    "ems": {
      "chemical": "Aluminium oxide (alpha)",
      "sample_constituents": "unavailable",
      "sample_microstructure": "unavailable",
      "experiment_summary": "None",
      "origin_time": "2007-11-28T00:00:00",
      "method": "electron energy loss spectroscopy",
      "data_type": "spectrum",
      "probing_method": "unavailable",
      "repository_name": "Electron Energy Loss Spectroscopy (EELS) database",
      "repository_url": "https://eelsdb.eu",
      "entry_repository_url": "https://eelsdb.eu/spectra/aluminium-oxide-alpha/",
      "preview_url": "None",
      "quantities": [
        "section_method",
        "method_abbreviation",
        "repository_url",
        "raw_metadata",
        "Experiment",
        "entry_repository_url",
        "experiment_publish_time",
        "atom_labels",
        "method_name",
        "section_sample",
        "chemical_name",
        "section_material",
        "data_type",
        "section_data",
        "chemical_formula",
        "repository_name"
      ],
      "group_hash": "DJh1gxvHQr1NLSegcr8djG_4cMme"
    }
  }
}