{
  "processing_logs": [
    {
      "event": "received process function call",
      "task": "None",
      "proc": "Calc",
      "process": "re_process_calc",
      "tasks_status": "PENDING",
      "logger": "nomad.processing",
      "timestamp": "2020-09-24 22:03.05",
      "level": "DEBUG"
    },
    {
      "event": "started process",
      "task": "parsing",
      "proc": "Calc",
      "process": "re_process_calc",
      "tasks_status": "RUNNING",
      "logger": "nomad.processing",
      "timestamp": "2020-09-24 22:03.05",
      "level": "INFO"
    },
    {
      "exec_time": "0.0012807846069335938",
      "input_size": "1445",
      "event": "parser executed",
      "task": "parsing",
      "proc": "Calc",
      "process": "re_process_calc",
      "tasks_status": "RUNNING",
      "parser": "parsers/eels",
      "step": "parsers/eels",
      "logger": "nomad.processing",
      "timestamp": "2020-09-24 22:03.05",
      "level": "INFO"
    },
    {
      "event": "successfully completed task",
      "task": "normalizing",
      "proc": "Calc",
      "process": "re_process_calc",
      "tasks_status": "RUNNING",
      "logger": "nomad.processing",
      "timestamp": "2020-09-24 22:03.05",
      "level": "INFO"
    },
    {
      "event": "successfully completed task",
      "task": "archiving",
      "proc": "Calc",
      "process": "re_process_calc",
      "tasks_status": "RUNNING",
      "logger": "nomad.processing",
      "timestamp": "2020-09-24 22:03.05",
      "level": "INFO"
    },
    {
      "exec_time": "0.0010797977447509766",
      "step": "metadata",
      "event": "saved calc metadata",
      "task": "archiving",
      "proc": "Calc",
      "process": "re_process_calc",
      "tasks_status": "RUNNING",
      "logger": "nomad.processing",
      "timestamp": "2020-09-24 22:03.05",
      "level": "INFO"
    },
    {
      "exec_time": "0.014942646026611328",
      "step": "index",
      "event": "indexed",
      "task": "archiving",
      "proc": "Calc",
      "process": "re_process_calc",
      "tasks_status": "RUNNING",
      "logger": "nomad.processing",
      "timestamp": "2020-09-24 22:03.06",
      "level": "INFO"
    }
  ],
  "section_experiment": {
    "experiment_publish_time": "2009-05-13T00:00:00",
    "raw_metadata": {
      "id": 21747,
      "title": "Amorphous Carbon",
      "permalink": "https://eelsdb.eu/spectra/amorphous-carbon/",
      "author": {
        "name": "Dr. Graham Carpenter",
        "profile_url": "https://eelsdb.eu/author/gcarpent/",
        "profile_api_url": "https://api.eelsdb.eu/author/gcarpent/"
      },
      "published": "2009-05-13 00:00:00",
      "description": " Analyst: Graham J.C. Carpenter. Temperature: Room. ",
      "comment_count": 0,
      "api_permalink": "https://api.eelsdb.eu/spectra/amorphous-carbon/",
      "keywords": [
        "imported from old site"
      ],
      "download_link": "https://eelsdb.eu/wp-content/uploads/2015/09/DspecWBvXGK.msa",
      "type": "Low Loss",
      "formula": "C (amorphous)",
      "elements": [
        "C"
      ],
      "microscope": "CM20-FEG",
      "max_energy": "44.54 eV",
      "min_energy": "-8.32 eV",
      "source_purity": "Holey Carbon Film, vacuum-vaporated carbon (trace of Si)",
      "guntype": "feg Schottky",
      "beamenergy": "200 kV",
      "resolution": "1 eV",
      "stepSize": "0.052 eV/pixel",
      "acquisition_mode": "Imaging",
      "collection": "7.6 mrad",
      "detector": "GIF: GIF (model 678)",
      "darkcurrent": "Yes",
      "gainvariation": "Yes",
      "reference": {
        "freetext": "Wronski Z.S. and Carpenter G.J.C., Carbon nanoshells obtained from leaching carbonyl nickel metal powders, Carbon 44, 1779, 2006."
      },
      "other_links": [
        {
          "url": "http://pc-web.cemes.fr/eelsdb/index.php?page=displayspec.php&id=238",
          "title": "Old EELS DB"
        }
      ]
    },
    "section_data": {
      "repository_name": "Electron Energy Loss Spectroscopy (EELS) database",
      "repository_url": "https://eelsdb.eu",
      "entry_repository_url": "https://eelsdb.eu/spectra/amorphous-carbon/"
    },
    "section_method": {
      "data_type": "spectrum",
      "method_name": "electron energy loss spectroscopy",
      "method_abbreviation": "EELS"
    },
    "section_sample": {
      "section_material": {
        "chemical_formula": "C (amorphous)",
        "chemical_name": "Amorphous Carbon",
        "atom_labels": [
          "C"
        ]
      }
    }
  },
  "section_metadata": {
    "upload_id": "hSOY_Y0iQjqvoiH-Hu-0xg",
    "calc_id": "qIxUHnLy7APdsS9eA7tSNdWaa2ky",
    "calc_hash": "c_Oc6n8ItTVY5zewuFZASZXO8C7b",
    "mainfile": "ems_data/eelsdb/spectra/amorphous-carbon/metadata.json",
    "files": [
      "ems_data/eelsdb/spectra/amorphous-carbon/metadata.json",
      "ems_data/eelsdb/spectra/amorphous-carbon/data.msa"
    ],
    "domain": "ems",
    "published": true,
    "processed": true,
    "last_processing": "2020-09-24T22:03:05.958678",
    "nomad_version": "1.0.0",
    "nomad_commit": "4d71fee0",
    "parser_name": "parsers/eels",
    "comment": " Analyst: Graham J.C. Carpenter. Temperature: Room. ",
    "references": [
      "https://eelsdb.eu/spectra/amorphous-carbon/",
      "https://api.eelsdb.eu/spectra/amorphous-carbon/",
      "https://eelsdb.eu/wp-content/uploads/2015/09/DspecWBvXGK.msa",
      "Wronski Z.S. and Carpenter G.J.C., Carbon nanoshells obtained from leaching carbonyl nickel metal powders, Carbon 44, 1779, 2006."
    ],
    "external_db": "EELSDB",
    "uploader": "05375d3f-87e5-4266-9ec8-e80bfe2a739d",
    "coauthors": [
      {
        "first_name": "Dr. Graham",
        "last_name": "Carpenter"
      }
    ],
    "shared_with": [],
    "with_embargo": false,
    "upload_time": "2020-09-07T14:33:37.396000",
    "upload_name": "ems_data.zip",
    "datasets": [
      "zAStTK1PQLaZ9V9krYVzUQ",
      "kpRslScITpW-5O6mlxpzMw"
    ],
    "external_id": "21747",
    "last_edit": "2020-09-07T14:45:09.330000",
    "formula": "C (amorphous)",
    "atoms": [
      "C"
    ],
    "n_atoms": 1,
    "ems": {
      "chemical": "Amorphous Carbon",
      "sample_constituents": "unavailable",
      "sample_microstructure": "unavailable",
      "experiment_summary": "None",
      "origin_time": "2009-05-13T00:00:00",
      "method": "electron energy loss spectroscopy",
      "data_type": "spectrum",
      "probing_method": "unavailable",
      "repository_name": "Electron Energy Loss Spectroscopy (EELS) database",
      "repository_url": "https://eelsdb.eu",
      "entry_repository_url": "https://eelsdb.eu/spectra/amorphous-carbon/",
      "preview_url": "None",
      "quantities": [
        "section_method",
        "method_abbreviation",
        "repository_url",
        "raw_metadata",
        "Experiment",
        "entry_repository_url",
        "experiment_publish_time",
        "atom_labels",
        "method_name",
        "section_sample",
        "chemical_name",
        "section_material",
        "data_type",
        "section_data",
        "chemical_formula",
        "repository_name"
      ],
      "group_hash": "APAbEriGWMYaEDOBFcKvcNj43-e3"
    }
  }
}