{
  "processing_logs": [
    {
      "event": "received process function call",
      "task": "None",
      "proc": "Calc",
      "process": "re_process_calc",
      "tasks_status": "PENDING",
      "logger": "nomad.processing",
      "timestamp": "2020-09-24 22:03.06",
      "level": "DEBUG"
    },
    {
      "event": "started process",
      "task": "parsing",
      "proc": "Calc",
      "process": "re_process_calc",
      "tasks_status": "RUNNING",
      "logger": "nomad.processing",
      "timestamp": "2020-09-24 22:03.06",
      "level": "INFO"
    },
    {
      "exec_time": "0.0016405582427978516",
      "input_size": "1707",
      "event": "parser executed",
      "task": "parsing",
      "proc": "Calc",
      "process": "re_process_calc",
      "tasks_status": "RUNNING",
      "parser": "parsers/eels",
      "step": "parsers/eels",
      "logger": "nomad.processing",
      "timestamp": "2020-09-24 22:03.06",
      "level": "INFO"
    },
    {
      "event": "successfully completed task",
      "task": "normalizing",
      "proc": "Calc",
      "process": "re_process_calc",
      "tasks_status": "RUNNING",
      "logger": "nomad.processing",
      "timestamp": "2020-09-24 22:03.06",
      "level": "INFO"
    },
    {
      "event": "successfully completed task",
      "task": "archiving",
      "proc": "Calc",
      "process": "re_process_calc",
      "tasks_status": "RUNNING",
      "logger": "nomad.processing",
      "timestamp": "2020-09-24 22:03.06",
      "level": "INFO"
    },
    {
      "exec_time": "0.0019218921661376953",
      "step": "metadata",
      "event": "saved calc metadata",
      "task": "archiving",
      "proc": "Calc",
      "process": "re_process_calc",
      "tasks_status": "RUNNING",
      "logger": "nomad.processing",
      "timestamp": "2020-09-24 22:03.06",
      "level": "INFO"
    },
    {
      "exec_time": "0.012198209762573242",
      "step": "index",
      "event": "indexed",
      "task": "archiving",
      "proc": "Calc",
      "process": "re_process_calc",
      "tasks_status": "RUNNING",
      "logger": "nomad.processing",
      "timestamp": "2020-09-24 22:03.06",
      "level": "INFO"
    }
  ],
  "section_experiment": {
    "experiment_publish_time": "2008-01-08T00:00:00",
    "raw_metadata": {
      "id": 21669,
      "title": "Chromium oxide (Chromia)",
      "permalink": "https://eelsdb.eu/spectra/chromium-oxide-chromia/",
      "author": {
        "name": "Rik Brydson",
        "profile_url": "https://eelsdb.eu/author/mtlrmdb/",
        "profile_api_url": "https://api.eelsdb.eu/author/mtlrmdb/"
      },
      "published": "2008-01-08 00:00:00",
      "description": "Cr L3 peak maximum agrees with data of Kurata et al. - Bull Inst. Chem. Res., Kyoto University 66, 572 (1988).\r\nFrom very thin region - deconvolution not applied. Analyst: Rik Brydson. Temperature: Room. BEAM/Crystal: off major zone axis. ",
      "comment_count": 0,
      "api_permalink": "https://api.eelsdb.eu/spectra/chromium-oxide-chromia/",
      "keywords": [
        "imported from old site"
      ],
      "download_link": "https://eelsdb.eu/wp-content/uploads/2015/09/Dspec9SrwZt.msa",
      "type": "Core Loss",
      "formula": "Cr2O3 (alpha)",
      "elements": [
        "Cr",
        "O"
      ],
      "microscope": "Philips CM200",
      "max_energy": "612.4 eV",
      "min_energy": "510.1 eV",
      "source_purity": "Chromia powder from Sigma Aldrich",
      "edges": [
        "O_K",
        "Cr_L2,3"
      ],
      "guntype": "feg Schottky",
      "beamenergy": "197 kV",
      "resolution": "0.8 eV",
      "monochromated": "No",
      "stepSize": "0.1 eV/pixel",
      "convergence": "0.1 mrad",
      "collection": "5.9 mrad",
      "probesize": "180 nm^2",
      "detector": "GIF: GIF200",
      "darkcurrent": "Yes",
      "gainvariation": "Yes",
      "thickness": "0.2 t/&lambda;",
      "reference": {
        "freetext": "SP McBride, R Brydson, Journal of Materials Science, Volume 39, page 6723-6734 (2004)"
      },
      "other_links": [
        {
          "url": "http://pc-web.cemes.fr/eelsdb/index.php?page=displayspec.php&id=158",
          "title": "Old EELS DB"
        }
      ]
    },
    "section_data": {
      "repository_name": "Electron Energy Loss Spectroscopy (EELS) database",
      "repository_url": "https://eelsdb.eu",
      "entry_repository_url": "https://eelsdb.eu/spectra/chromium-oxide-chromia/"
    },
    "section_method": {
      "data_type": "spectrum",
      "method_name": "electron energy loss spectroscopy",
      "method_abbreviation": "EELS"
    },
    "section_sample": {
      "section_material": {
        "chemical_formula": "Cr2O3 (alpha)",
        "chemical_name": "Chromium oxide (Chromia)",
        "atom_labels": [
          "Cr",
          "O"
        ]
      }
    }
  },
  "section_metadata": {
    "upload_id": "hSOY_Y0iQjqvoiH-Hu-0xg",
    "calc_id": "QMnLuacqKLEm3ZQ0M5EGufyFPsgS",
    "calc_hash": "2pglTWIRx7YBSdWXgej_MKWWnmVj",
    "mainfile": "ems_data/eelsdb/spectra/chromium-oxide-chromia/metadata.json",
    "files": [
      "ems_data/eelsdb/spectra/chromium-oxide-chromia/metadata.json",
      "ems_data/eelsdb/spectra/chromium-oxide-chromia/data.msa"
    ],
    "domain": "ems",
    "published": true,
    "processed": true,
    "last_processing": "2020-09-24T22:03:06.513623",
    "nomad_version": "1.0.0",
    "nomad_commit": "4d71fee0",
    "parser_name": "parsers/eels",
    "comment": "Cr L3 peak maximum agrees with data of Kurata et al. - Bull Inst. Chem. Res., Kyoto University 66, 572 (1988).\r\nFrom very thin region - deconvolution not applied. Analyst: Rik Brydson. Temperature: Room. BEAM/Crystal: off major zone axis. ",
    "references": [
      "https://eelsdb.eu/spectra/chromium-oxide-chromia/",
      "https://api.eelsdb.eu/spectra/chromium-oxide-chromia/",
      "https://eelsdb.eu/wp-content/uploads/2015/09/Dspec9SrwZt.msa",
      "SP McBride, R Brydson, Journal of Materials Science, Volume 39, page 6723-6734 (2004)"
    ],
    "external_db": "EELSDB",
    "uploader": "05375d3f-87e5-4266-9ec8-e80bfe2a739d",
    "coauthors": [
      {
        "first_name": "Rik",
        "last_name": "Brydson"
      }
    ],
    "shared_with": [],
    "with_embargo": false,
    "upload_time": "2020-09-07T14:33:37.396000",
    "upload_name": "ems_data.zip",
    "datasets": [
      "zAStTK1PQLaZ9V9krYVzUQ",
      "kpRslScITpW-5O6mlxpzMw"
    ],
    "external_id": "21669",
    "last_edit": "2020-09-07T14:45:09.330000",
    "formula": "Cr2O3 (alpha)",
    "atoms": [
      "Cr",
      "O"
    ],
    "n_atoms": 2,
    "ems": {
      "chemical": "Chromium oxide (Chromia)",
      "sample_constituents": "unavailable",
      "sample_microstructure": "unavailable",
      "experiment_summary": "None",
      "origin_time": "2008-01-08T00:00:00",
      "method": "electron energy loss spectroscopy",
      "data_type": "spectrum",
      "probing_method": "unavailable",
      "repository_name": "Electron Energy Loss Spectroscopy (EELS) database",
      "repository_url": "https://eelsdb.eu",
      "entry_repository_url": "https://eelsdb.eu/spectra/chromium-oxide-chromia/",
      "preview_url": "None",
      "quantities": [
        "section_method",
        "method_abbreviation",
        "repository_url",
        "raw_metadata",
        "Experiment",
        "entry_repository_url",
        "experiment_publish_time",
        "atom_labels",
        "method_name",
        "section_sample",
        "chemical_name",
        "section_material",
        "data_type",
        "section_data",
        "chemical_formula",
        "repository_name"
      ],
      "group_hash": "XrgyWmBrRMgvklSmACZw0yE8oOvj"
    }
  }
}