{
  "processing_logs": [
    {
      "event": "received process function call",
      "task": "None",
      "proc": "Calc",
      "process": "re_process_calc",
      "tasks_status": "PENDING",
      "logger": "nomad.processing",
      "timestamp": "2020-09-24 22:03.07",
      "level": "DEBUG"
    },
    {
      "event": "started process",
      "task": "parsing",
      "proc": "Calc",
      "process": "re_process_calc",
      "tasks_status": "RUNNING",
      "logger": "nomad.processing",
      "timestamp": "2020-09-24 22:03.07",
      "level": "INFO"
    },
    {
      "exec_time": "0.0012869834899902344",
      "input_size": "1727",
      "event": "parser executed",
      "task": "parsing",
      "proc": "Calc",
      "process": "re_process_calc",
      "tasks_status": "RUNNING",
      "parser": "parsers/eels",
      "step": "parsers/eels",
      "logger": "nomad.processing",
      "timestamp": "2020-09-24 22:03.07",
      "level": "INFO"
    },
    {
      "event": "successfully completed task",
      "task": "normalizing",
      "proc": "Calc",
      "process": "re_process_calc",
      "tasks_status": "RUNNING",
      "logger": "nomad.processing",
      "timestamp": "2020-09-24 22:03.07",
      "level": "INFO"
    },
    {
      "event": "successfully completed task",
      "task": "archiving",
      "proc": "Calc",
      "process": "re_process_calc",
      "tasks_status": "RUNNING",
      "logger": "nomad.processing",
      "timestamp": "2020-09-24 22:03.07",
      "level": "INFO"
    },
    {
      "exec_time": "0.0019462108612060547",
      "step": "metadata",
      "event": "saved calc metadata",
      "task": "archiving",
      "proc": "Calc",
      "process": "re_process_calc",
      "tasks_status": "RUNNING",
      "logger": "nomad.processing",
      "timestamp": "2020-09-24 22:03.07",
      "level": "INFO"
    },
    {
      "exec_time": "0.01375126838684082",
      "step": "index",
      "event": "indexed",
      "task": "archiving",
      "proc": "Calc",
      "process": "re_process_calc",
      "tasks_status": "RUNNING",
      "logger": "nomad.processing",
      "timestamp": "2020-09-24 22:03.07",
      "level": "INFO"
    }
  ],
  "section_experiment": {
    "experiment_publish_time": "2018-04-06T10:13:30",
    "raw_metadata": {
      "id": 22108,
      "title": "Porous cobalt coating with He-filled nanopores",
      "permalink": "https://eelsdb.eu/spectra/porous-cobalt-coating-with-he-filled-nanopores-2/",
      "author": {
        "name": "Bertrand Lacroix",
        "profile_url": "https://eelsdb.eu/author/bertrand-lacroix/",
        "profile_api_url": "https://api.eelsdb.eu/author/bertrand-lacroix/"
      },
      "published": "2018-04-06 10:13:30",
      "description": "Spectrum recorded across the cobalt matrix.\r\nCoating prepared by magnetron sputtering in He atmosphere.\r\n[Because this is a txt file, the spectrum is not properly displayed below, note from the administrator]",
      "comment_count": 0,
      "api_permalink": "https://api.eelsdb.eu/spectra/porous-cobalt-coating-with-he-filled-nanopores-2/",
      "download_link": "https://eelsdb.eu/wp-content/uploads/2018/03/LL-Co-coating-matrix.txt",
      "type": "Low Loss",
      "formula": "Co + He",
      "elements": [
        "Co",
        "He"
      ],
      "microscope": "FEI TECNAI F30",
      "max_energy": "92734.09 eV",
      "guntype": "FEG",
      "beamenergy": "300 kV",
      "resolution": "1 eV",
      "monochromated": "No",
      "stepSize": "13680.962 eV/pixel",
      "convergence": "12.4 mrad",
      "collection": "9.6 mrad",
      "integratetime": "0.05 secs",
      "detector": "GATAN GIF Quantum",
      "darkcurrent": "Yes",
      "gainvariation": "Yes",
      "calibration": "zero + dispersion",
      "reference": {
        "authors": "B. Lacroix, V. Godinho, A. Fernández",
        "year": "2018",
        "journal": "Micron",
        "title": "The nanostructure of porous cobalt coatings deposited by magnetron sputtering in helium atmosphere",
        "volume": "108",
        "page": "49-54",
        "doi": "10.1016/j.micron.2018.02.004",
        "url": "https://doi.org/10.1016/j.micron.2018.02.004"
      }
    },
    "section_data": {
      "repository_name": "Electron Energy Loss Spectroscopy (EELS) database",
      "repository_url": "https://eelsdb.eu",
      "entry_repository_url": "https://eelsdb.eu/spectra/porous-cobalt-coating-with-he-filled-nanopores-2/"
    },
    "section_method": {
      "data_type": "spectrum",
      "method_name": "electron energy loss spectroscopy",
      "method_abbreviation": "EELS"
    },
    "section_sample": {
      "section_material": {
        "chemical_formula": "Co + He",
        "chemical_name": "Porous cobalt coating with He-filled nanopores",
        "atom_labels": [
          "Co",
          "He"
        ]
      }
    }
  },
  "section_metadata": {
    "upload_id": "hSOY_Y0iQjqvoiH-Hu-0xg",
    "calc_id": "qpMbWMWsOBYONpB_kA7-hiGSJqAV",
    "calc_hash": "m-hoASRZ6RCGCPaHkBUZK0ynxNYk",
    "mainfile": "ems_data/eelsdb/spectra/porous-cobalt-coating-with-he-filled-nanopores-2/metadata.json",
    "files": [
      "ems_data/eelsdb/spectra/porous-cobalt-coating-with-he-filled-nanopores-2/metadata.json",
      "ems_data/eelsdb/spectra/porous-cobalt-coating-with-he-filled-nanopores-2/data.msa"
    ],
    "domain": "ems",
    "published": true,
    "processed": true,
    "last_processing": "2020-09-24T22:03:07.892971",
    "nomad_version": "1.0.0",
    "nomad_commit": "4d71fee0",
    "parser_name": "parsers/eels",
    "comment": "Spectrum recorded across the cobalt matrix.\r\nCoating prepared by magnetron sputtering in He atmosphere.\r\n[Because this is a txt file, the spectrum is not properly displayed below, note from the administrator]",
    "references": [
      "https://eelsdb.eu/spectra/porous-cobalt-coating-with-he-filled-nanopores-2/",
      "https://api.eelsdb.eu/spectra/porous-cobalt-coating-with-he-filled-nanopores-2/",
      "https://eelsdb.eu/wp-content/uploads/2018/03/LL-Co-coating-matrix.txt",
      "B. Lacroix, V. Godinho, A. Fernández; 2018; Micron; The nanostructure of porous cobalt coatings deposited by magnetron sputtering in helium atmosphere; 108; 49-54; 10.1016/j.micron.2018.02.004; https://doi.org/10.1016/j.micron.2018.02.004"
    ],
    "external_db": "EELSDB",
    "uploader": "05375d3f-87e5-4266-9ec8-e80bfe2a739d",
    "coauthors": [
      {
        "first_name": "Bertrand",
        "last_name": "Lacroix"
      }
    ],
    "shared_with": [],
    "with_embargo": false,
    "upload_time": "2020-09-07T14:33:37.396000",
    "upload_name": "ems_data.zip",
    "datasets": [
      "zAStTK1PQLaZ9V9krYVzUQ",
      "kpRslScITpW-5O6mlxpzMw"
    ],
    "external_id": "22108",
    "last_edit": "2020-09-07T14:45:09.330000",
    "formula": "Co + He",
    "atoms": [
      "Co",
      "He"
    ],
    "n_atoms": 2,
    "ems": {
      "chemical": "Porous cobalt coating with He-filled nanopores",
      "sample_constituents": "unavailable",
      "sample_microstructure": "unavailable",
      "experiment_summary": "None",
      "origin_time": "2018-04-06T10:13:30",
      "method": "electron energy loss spectroscopy",
      "data_type": "spectrum",
      "probing_method": "unavailable",
      "repository_name": "Electron Energy Loss Spectroscopy (EELS) database",
      "repository_url": "https://eelsdb.eu",
      "entry_repository_url": "https://eelsdb.eu/spectra/porous-cobalt-coating-with-he-filled-nanopores-2/",
      "preview_url": "None",
      "quantities": [
        "section_method",
        "method_abbreviation",
        "repository_url",
        "raw_metadata",
        "Experiment",
        "entry_repository_url",
        "experiment_publish_time",
        "atom_labels",
        "method_name",
        "section_sample",
        "chemical_name",
        "section_material",
        "data_type",
        "section_data",
        "chemical_formula",
        "repository_name"
      ],
      "group_hash": "pE_13giKVloOMYeMMDubgTOaOGHU"
    }
  }
}