{
  "processing_logs": [
    {
      "event": "received process function call",
      "task": "None",
      "proc": "Calc",
      "process": "re_process_calc",
      "tasks_status": "PENDING",
      "logger": "nomad.processing",
      "timestamp": "2020-09-24 22:03.08",
      "level": "DEBUG"
    },
    {
      "event": "started process",
      "task": "parsing",
      "proc": "Calc",
      "process": "re_process_calc",
      "tasks_status": "RUNNING",
      "logger": "nomad.processing",
      "timestamp": "2020-09-24 22:03.08",
      "level": "INFO"
    },
    {
      "exec_time": "0.0011472702026367188",
      "input_size": "1335",
      "event": "parser executed",
      "task": "parsing",
      "proc": "Calc",
      "process": "re_process_calc",
      "tasks_status": "RUNNING",
      "parser": "parsers/eels",
      "step": "parsers/eels",
      "logger": "nomad.processing",
      "timestamp": "2020-09-24 22:03.08",
      "level": "INFO"
    },
    {
      "event": "successfully completed task",
      "task": "normalizing",
      "proc": "Calc",
      "process": "re_process_calc",
      "tasks_status": "RUNNING",
      "logger": "nomad.processing",
      "timestamp": "2020-09-24 22:03.08",
      "level": "INFO"
    },
    {
      "event": "successfully completed task",
      "task": "archiving",
      "proc": "Calc",
      "process": "re_process_calc",
      "tasks_status": "RUNNING",
      "logger": "nomad.processing",
      "timestamp": "2020-09-24 22:03.08",
      "level": "INFO"
    },
    {
      "exec_time": "0.0010378360748291016",
      "step": "metadata",
      "event": "saved calc metadata",
      "task": "archiving",
      "proc": "Calc",
      "process": "re_process_calc",
      "tasks_status": "RUNNING",
      "logger": "nomad.processing",
      "timestamp": "2020-09-24 22:03.08",
      "level": "INFO"
    },
    {
      "exec_time": "0.011474370956420898",
      "step": "index",
      "event": "indexed",
      "task": "archiving",
      "proc": "Calc",
      "process": "re_process_calc",
      "tasks_status": "RUNNING",
      "logger": "nomad.processing",
      "timestamp": "2020-09-24 22:03.08",
      "level": "INFO"
    }
  ],
  "section_experiment": {
    "experiment_publish_time": "2017-07-05T14:40:50",
    "raw_metadata": {
      "id": 22079,
      "title": "Zr",
      "permalink": "https://eelsdb.eu/spectra/zr/",
      "author": {
        "name": "Ian MacLaren",
        "profile_url": "https://eelsdb.eu/author/maclariz/",
        "profile_api_url": "https://api.eelsdb.eu/author/maclariz/"
      },
      "published": "2017-07-05 14:40:50",
      "description": "Absolute differential cross section in barns",
      "comment_count": 0,
      "api_permalink": "https://api.eelsdb.eu/spectra/zr/",
      "download_link": "https://eelsdb.eu/wp-content/uploads/2017/07/005-Cross-section-barns.msa",
      "type": "Core Loss",
      "formula": "Zircaloy-4",
      "microscope": "JEOL ARM200F",
      "max_energy": "3848.58 eV",
      "min_energy": "1801.58 eV",
      "source_purity": "Commercial alloy",
      "edges": [
        "Zr_L2,3",
        "Zr_L1"
      ],
      "guntype": "CFEG",
      "beamenergy": "200 kV",
      "resolution": "0.5 eV",
      "monochromated": "No",
      "stepSize": "1 eV/pixel",
      "convergence": "29 mrad",
      "collection": "36 mrad",
      "probesize": ".04 nm^2",
      "integratetime": "100 secs",
      "detector": "GIF Quantum ER",
      "darkcurrent": "Yes",
      "gainvariation": "Yes",
      "calibration": "Low loss + drift tube",
      "thickness": ".29 t/&lambda;",
      "deconvolutions": [
        "Fourier-ratio"
      ],
      "associated_spectra": [
        {
          "name": "ZrO2",
          "link": "https://eelsdb.eu/spectra/zro2/",
          "type": "Core Loss"
        }
      ]
    },
    "section_data": {
      "repository_name": "Electron Energy Loss Spectroscopy (EELS) database",
      "repository_url": "https://eelsdb.eu",
      "entry_repository_url": "https://eelsdb.eu/spectra/zr/"
    },
    "section_method": {
      "data_type": "spectrum",
      "method_name": "electron energy loss spectroscopy",
      "method_abbreviation": "EELS"
    },
    "section_sample": {
      "section_material": {
        "chemical_formula": "Zircaloy-4",
        "chemical_name": "Zr"
      }
    }
  },
  "section_metadata": {
    "upload_id": "hSOY_Y0iQjqvoiH-Hu-0xg",
    "calc_id": "QPyx4o3jxtW6DX8Yf3msPQNH4jYj",
    "calc_hash": "18HgTIqqSNFQLSbc7p82ktpB4bkF",
    "mainfile": "ems_data/eelsdb/spectra/zr/metadata.json",
    "files": [
      "ems_data/eelsdb/spectra/zr/metadata.json",
      "ems_data/eelsdb/spectra/zr/data.msa"
    ],
    "domain": "ems",
    "published": true,
    "processed": true,
    "last_processing": "2020-09-24T22:03:08.511978",
    "nomad_version": "1.0.0",
    "nomad_commit": "4d71fee0",
    "parser_name": "parsers/eels",
    "comment": "Absolute differential cross section in barns",
    "references": [
      "https://eelsdb.eu/spectra/zr/",
      "https://api.eelsdb.eu/spectra/zr/",
      "https://eelsdb.eu/wp-content/uploads/2017/07/005-Cross-section-barns.msa"
    ],
    "external_db": "EELSDB",
    "uploader": "05375d3f-87e5-4266-9ec8-e80bfe2a739d",
    "coauthors": [
      {
        "first_name": "Ian",
        "last_name": "MacLaren"
      }
    ],
    "shared_with": [],
    "with_embargo": false,
    "upload_time": "2020-09-07T14:33:37.396000",
    "upload_name": "ems_data.zip",
    "datasets": [
      "zAStTK1PQLaZ9V9krYVzUQ",
      "kpRslScITpW-5O6mlxpzMw"
    ],
    "external_id": "22079",
    "last_edit": "2020-09-07T14:45:09.330000",
    "formula": "Zircaloy-4",
    "atoms": [],
    "ems": {
      "chemical": "Zr",
      "sample_constituents": "unavailable",
      "sample_microstructure": "unavailable",
      "experiment_summary": "None",
      "origin_time": "2017-07-05T14:40:50",
      "method": "electron energy loss spectroscopy",
      "data_type": "spectrum",
      "probing_method": "unavailable",
      "repository_name": "Electron Energy Loss Spectroscopy (EELS) database",
      "repository_url": "https://eelsdb.eu",
      "entry_repository_url": "https://eelsdb.eu/spectra/zr/",
      "preview_url": "None",
      "quantities": [
        "section_method",
        "method_abbreviation",
        "repository_url",
        "raw_metadata",
        "Experiment",
        "entry_repository_url",
        "experiment_publish_time",
        "method_name",
        "section_sample",
        "chemical_name",
        "section_material",
        "data_type",
        "section_data",
        "chemical_formula",
        "repository_name"
      ],
      "group_hash": "2wh1o1EiBqFbrbK1I8Cb5TdfPpov"
    }
  }
}