{
  "processing_logs": [
    {
      "event": "received process function call",
      "task": "None",
      "proc": "Calc",
      "process": "re_process_calc",
      "tasks_status": "PENDING",
      "logger": "nomad.processing",
      "timestamp": "2020-09-24 22:03.07",
      "level": "DEBUG"
    },
    {
      "event": "started process",
      "task": "parsing",
      "proc": "Calc",
      "process": "re_process_calc",
      "tasks_status": "RUNNING",
      "logger": "nomad.processing",
      "timestamp": "2020-09-24 22:03.07",
      "level": "INFO"
    },
    {
      "exec_time": "0.0012736320495605469",
      "input_size": "1642",
      "event": "parser executed",
      "task": "parsing",
      "proc": "Calc",
      "process": "re_process_calc",
      "tasks_status": "RUNNING",
      "parser": "parsers/eels",
      "step": "parsers/eels",
      "logger": "nomad.processing",
      "timestamp": "2020-09-24 22:03.07",
      "level": "INFO"
    },
    {
      "event": "successfully completed task",
      "task": "normalizing",
      "proc": "Calc",
      "process": "re_process_calc",
      "tasks_status": "RUNNING",
      "logger": "nomad.processing",
      "timestamp": "2020-09-24 22:03.07",
      "level": "INFO"
    },
    {
      "event": "successfully completed task",
      "task": "archiving",
      "proc": "Calc",
      "process": "re_process_calc",
      "tasks_status": "RUNNING",
      "logger": "nomad.processing",
      "timestamp": "2020-09-24 22:03.07",
      "level": "INFO"
    },
    {
      "exec_time": "0.0017788410186767578",
      "step": "metadata",
      "event": "saved calc metadata",
      "task": "archiving",
      "proc": "Calc",
      "process": "re_process_calc",
      "tasks_status": "RUNNING",
      "logger": "nomad.processing",
      "timestamp": "2020-09-24 22:03.07",
      "level": "INFO"
    },
    {
      "exec_time": "0.013628721237182617",
      "step": "index",
      "event": "indexed",
      "task": "archiving",
      "proc": "Calc",
      "process": "re_process_calc",
      "tasks_status": "RUNNING",
      "logger": "nomad.processing",
      "timestamp": "2020-09-24 22:03.07",
      "level": "INFO"
    }
  ],
  "section_experiment": {
    "experiment_publish_time": "2008-01-08T00:00:00",
    "raw_metadata": {
      "id": 21668,
      "title": "Hematite",
      "permalink": "https://eelsdb.eu/spectra/hematite/",
      "author": {
        "name": "Andy Brown",
        "profile_url": "https://eelsdb.eu/author/a-p-brown/",
        "profile_api_url": "https://api.eelsdb.eu/author/a-p-brown/"
      },
      "published": "2008-01-08 00:00:00",
      "description": "Spectrum has been processed in digitalmicrograph, background subtraction and fourier deconvolved.  Unprocessed data and associated low loss will be uploaded at a later date. Analyst: Ying-Hsi Pan. Temperature: 293. BEAM/Crystal: off-axis. ",
      "comment_count": 0,
      "api_permalink": "https://api.eelsdb.eu/spectra/hematite/",
      "keywords": [
        "imported from old site"
      ],
      "download_link": "https://eelsdb.eu/wp-content/uploads/2015/09/DspecgxvQRC.msa",
      "type": "Core Loss",
      "formula": "Fe2O3 (alpha)",
      "elements": [
        "Fe",
        "O"
      ],
      "microscope": "Philips CM200",
      "max_energy": "788.2 eV",
      "min_energy": "685.9 eV",
      "source_purity": "Powder bought from Alfa-aesar and checked with XRD",
      "edges": [
        "Fe_L2,3"
      ],
      "guntype": "feg Schottky",
      "beamenergy": "197 kV",
      "resolution": "0.8 eV",
      "stepSize": "0.1 eV/pixel",
      "acquisition_mode": "Diffraction",
      "convergence": "1 mrad",
      "collection": "5.9 mrad",
      "probesize": "180 nm^2",
      "integratetime": "15 secs",
      "readouts": "1",
      "detector": "GIF: GIF200",
      "darkcurrent": "Yes",
      "gainvariation": "Yes",
      "reference": {
        "freetext": "Pan et al., Micron vol 37, 2006"
      },
      "other_links": [
        {
          "url": "http://pc-web.cemes.fr/eelsdb/index.php?page=displayspec.php&id=157",
          "title": "Old EELS DB"
        }
      ]
    },
    "section_data": {
      "repository_name": "Electron Energy Loss Spectroscopy (EELS) database",
      "repository_url": "https://eelsdb.eu",
      "entry_repository_url": "https://eelsdb.eu/spectra/hematite/"
    },
    "section_method": {
      "data_type": "spectrum",
      "method_name": "electron energy loss spectroscopy",
      "method_abbreviation": "EELS"
    },
    "section_sample": {
      "section_material": {
        "chemical_formula": "Fe2O3 (alpha)",
        "chemical_name": "Hematite",
        "atom_labels": [
          "Fe",
          "O"
        ]
      }
    }
  },
  "section_metadata": {
    "upload_id": "hSOY_Y0iQjqvoiH-Hu-0xg",
    "calc_id": "QUxEBrS9Eu-BgYlZD7YXBGXie3sO",
    "calc_hash": "lUBGWBvg4yeuZGTzYBMhtTdC2nn4",
    "mainfile": "ems_data/eelsdb/spectra/hematite/metadata.json",
    "files": [
      "ems_data/eelsdb/spectra/hematite/metadata.json",
      "ems_data/eelsdb/spectra/hematite/data.msa"
    ],
    "domain": "ems",
    "published": true,
    "processed": true,
    "last_processing": "2020-09-24T22:03:07.157784",
    "nomad_version": "1.0.0",
    "nomad_commit": "4d71fee0",
    "parser_name": "parsers/eels",
    "comment": "Spectrum has been processed in digitalmicrograph, background subtraction and fourier deconvolved.  Unprocessed data and associated low loss will be uploaded at a later date. Analyst: Ying-Hsi Pan. Temperature: 293. BEAM/Crystal: off-axis. ",
    "references": [
      "https://eelsdb.eu/spectra/hematite/",
      "https://api.eelsdb.eu/spectra/hematite/",
      "https://eelsdb.eu/wp-content/uploads/2015/09/DspecgxvQRC.msa",
      "Pan et al., Micron vol 37, 2006"
    ],
    "external_db": "EELSDB",
    "uploader": "05375d3f-87e5-4266-9ec8-e80bfe2a739d",
    "coauthors": [
      {
        "first_name": "Andy",
        "last_name": "Brown"
      }
    ],
    "shared_with": [],
    "with_embargo": false,
    "upload_time": "2020-09-07T14:33:37.396000",
    "upload_name": "ems_data.zip",
    "datasets": [
      "zAStTK1PQLaZ9V9krYVzUQ",
      "kpRslScITpW-5O6mlxpzMw"
    ],
    "external_id": "21668",
    "last_edit": "2020-09-07T14:45:09.330000",
    "formula": "Fe2O3 (alpha)",
    "atoms": [
      "Fe",
      "O"
    ],
    "n_atoms": 2,
    "ems": {
      "chemical": "Hematite",
      "sample_constituents": "unavailable",
      "sample_microstructure": "unavailable",
      "experiment_summary": "None",
      "origin_time": "2008-01-08T00:00:00",
      "method": "electron energy loss spectroscopy",
      "data_type": "spectrum",
      "probing_method": "unavailable",
      "repository_name": "Electron Energy Loss Spectroscopy (EELS) database",
      "repository_url": "https://eelsdb.eu",
      "entry_repository_url": "https://eelsdb.eu/spectra/hematite/",
      "preview_url": "None",
      "quantities": [
        "section_method",
        "method_abbreviation",
        "repository_url",
        "raw_metadata",
        "Experiment",
        "entry_repository_url",
        "experiment_publish_time",
        "atom_labels",
        "method_name",
        "section_sample",
        "chemical_name",
        "section_material",
        "data_type",
        "section_data",
        "chemical_formula",
        "repository_name"
      ],
      "group_hash": "S167FQuQWpD8988T8zFHbpAt8XS0"
    }
  }
}