{
  "processing_logs": [
    {
      "event": "received process function call",
      "task": "None",
      "proc": "Calc",
      "process": "re_process_calc",
      "tasks_status": "PENDING",
      "logger": "nomad.processing",
      "timestamp": "2020-09-24 22:03.08",
      "level": "DEBUG"
    },
    {
      "event": "started process",
      "task": "parsing",
      "proc": "Calc",
      "process": "re_process_calc",
      "tasks_status": "RUNNING",
      "logger": "nomad.processing",
      "timestamp": "2020-09-24 22:03.08",
      "level": "INFO"
    },
    {
      "exec_time": "0.0008213520050048828",
      "input_size": "1342",
      "event": "parser executed",
      "task": "parsing",
      "proc": "Calc",
      "process": "re_process_calc",
      "tasks_status": "RUNNING",
      "parser": "parsers/eels",
      "step": "parsers/eels",
      "logger": "nomad.processing",
      "timestamp": "2020-09-24 22:03.08",
      "level": "INFO"
    },
    {
      "event": "successfully completed task",
      "task": "normalizing",
      "proc": "Calc",
      "process": "re_process_calc",
      "tasks_status": "RUNNING",
      "logger": "nomad.processing",
      "timestamp": "2020-09-24 22:03.08",
      "level": "INFO"
    },
    {
      "event": "successfully completed task",
      "task": "archiving",
      "proc": "Calc",
      "process": "re_process_calc",
      "tasks_status": "RUNNING",
      "logger": "nomad.processing",
      "timestamp": "2020-09-24 22:03.08",
      "level": "INFO"
    },
    {
      "exec_time": "0.0016984939575195312",
      "step": "metadata",
      "event": "saved calc metadata",
      "task": "archiving",
      "proc": "Calc",
      "process": "re_process_calc",
      "tasks_status": "RUNNING",
      "logger": "nomad.processing",
      "timestamp": "2020-09-24 22:03.08",
      "level": "INFO"
    },
    {
      "exec_time": "0.014458656311035156",
      "step": "index",
      "event": "indexed",
      "task": "archiving",
      "proc": "Calc",
      "process": "re_process_calc",
      "tasks_status": "RUNNING",
      "logger": "nomad.processing",
      "timestamp": "2020-09-24 22:03.08",
      "level": "INFO"
    }
  ],
  "section_experiment": {
    "experiment_publish_time": "2008-01-21T00:00:00",
    "raw_metadata": {
      "id": 21678,
      "title": "Strontium titanate",
      "permalink": "https://eelsdb.eu/spectra/strontium-titanate-3/",
      "author": {
        "name": "Wilfried Sigle",
        "profile_url": "https://eelsdb.eu/author/wsigle/",
        "profile_api_url": "https://api.eelsdb.eu/author/wsigle/"
      },
      "published": "2008-01-21 00:00:00",
      "description": " Analyst: Behnaz Rahmati. Temperature: Room. BEAM/Crystal: Off zone axis. ",
      "comment_count": 0,
      "api_permalink": "https://api.eelsdb.eu/spectra/strontium-titanate-3/",
      "keywords": [
        "imported from old site"
      ],
      "download_link": "https://eelsdb.eu/wp-content/uploads/2015/09/Dspec9L0TJq.msa",
      "type": "Low Loss",
      "formula": "SrTiO3",
      "elements": [
        "Sr",
        "Ti",
        "O"
      ],
      "microscope": "VG HB501UX",
      "max_energy": "115.7 eV",
      "min_energy": "-18.2 eV",
      "guntype": "Cold FEG",
      "beamenergy": "100 kV",
      "resolution": "0.6 eV",
      "stepSize": "0.1 eV/pixel",
      "acquisition_mode": "STEM",
      "convergence": "10 mrad",
      "collection": "6.5 mrad",
      "integratetime": "0.05 secs",
      "readouts": "10",
      "detector": "Parallel: Gatan ENFINA",
      "darkcurrent": "Yes",
      "gainvariation": "Yes",
      "thickness": "1.05 t/&lambda;",
      "other_links": [
        {
          "url": "http://pc-web.cemes.fr/eelsdb/index.php?page=displayspec.php&id=167",
          "title": "Old EELS DB"
        }
      ]
    },
    "section_data": {
      "repository_name": "Electron Energy Loss Spectroscopy (EELS) database",
      "repository_url": "https://eelsdb.eu",
      "entry_repository_url": "https://eelsdb.eu/spectra/strontium-titanate-3/"
    },
    "section_method": {
      "data_type": "spectrum",
      "method_name": "electron energy loss spectroscopy",
      "method_abbreviation": "EELS"
    },
    "section_sample": {
      "section_material": {
        "chemical_formula": "SrTiO3",
        "chemical_name": "Strontium titanate",
        "atom_labels": [
          "Sr",
          "Ti",
          "O"
        ]
      }
    }
  },
  "section_metadata": {
    "upload_id": "hSOY_Y0iQjqvoiH-Hu-0xg",
    "calc_id": "qytkh84pCjhur3IRcqP5UlMPWY0P",
    "calc_hash": "h3sqyb0CIycoxYUyHwzm7Yyy782i",
    "mainfile": "ems_data/eelsdb/spectra/strontium-titanate-3/metadata.json",
    "files": [
      "ems_data/eelsdb/spectra/strontium-titanate-3/metadata.json",
      "ems_data/eelsdb/spectra/strontium-titanate-3/data.msa"
    ],
    "domain": "ems",
    "published": true,
    "processed": true,
    "last_processing": "2020-09-24T22:03:08.226712",
    "nomad_version": "1.0.0",
    "nomad_commit": "4d71fee0",
    "parser_name": "parsers/eels",
    "comment": " Analyst: Behnaz Rahmati. Temperature: Room. BEAM/Crystal: Off zone axis. ",
    "references": [
      "https://eelsdb.eu/spectra/strontium-titanate-3/",
      "https://api.eelsdb.eu/spectra/strontium-titanate-3/",
      "https://eelsdb.eu/wp-content/uploads/2015/09/Dspec9L0TJq.msa"
    ],
    "external_db": "EELSDB",
    "uploader": "05375d3f-87e5-4266-9ec8-e80bfe2a739d",
    "coauthors": [
      {
        "first_name": "Wilfried",
        "last_name": "Sigle"
      }
    ],
    "shared_with": [],
    "with_embargo": false,
    "upload_time": "2020-09-07T14:33:37.396000",
    "upload_name": "ems_data.zip",
    "datasets": [
      "zAStTK1PQLaZ9V9krYVzUQ",
      "kpRslScITpW-5O6mlxpzMw"
    ],
    "external_id": "21678",
    "last_edit": "2020-09-07T14:45:09.330000",
    "formula": "SrTiO3",
    "atoms": [
      "O",
      "Sr",
      "Ti"
    ],
    "n_atoms": 3,
    "ems": {
      "chemical": "Strontium titanate",
      "sample_constituents": "unavailable",
      "sample_microstructure": "unavailable",
      "experiment_summary": "None",
      "origin_time": "2008-01-21T00:00:00",
      "method": "electron energy loss spectroscopy",
      "data_type": "spectrum",
      "probing_method": "unavailable",
      "repository_name": "Electron Energy Loss Spectroscopy (EELS) database",
      "repository_url": "https://eelsdb.eu",
      "entry_repository_url": "https://eelsdb.eu/spectra/strontium-titanate-3/",
      "preview_url": "None",
      "quantities": [
        "section_method",
        "method_abbreviation",
        "repository_url",
        "raw_metadata",
        "Experiment",
        "entry_repository_url",
        "experiment_publish_time",
        "atom_labels",
        "method_name",
        "section_sample",
        "chemical_name",
        "section_material",
        "data_type",
        "section_data",
        "chemical_formula",
        "repository_name"
      ],
      "group_hash": "4hb4tJ7PCjXfpmmUCBUy5A_9noiz"
    }
  }
}