{
  "processing_logs": [
    {
      "event": "received process function call",
      "task": "None",
      "proc": "Calc",
      "process": "re_process_calc",
      "tasks_status": "PENDING",
      "logger": "nomad.processing",
      "timestamp": "2020-09-24 22:03.07",
      "level": "DEBUG"
    },
    {
      "event": "started process",
      "task": "parsing",
      "proc": "Calc",
      "process": "re_process_calc",
      "tasks_status": "RUNNING",
      "logger": "nomad.processing",
      "timestamp": "2020-09-24 22:03.07",
      "level": "INFO"
    },
    {
      "exec_time": "0.0011818408966064453",
      "input_size": "1489",
      "event": "parser executed",
      "task": "parsing",
      "proc": "Calc",
      "process": "re_process_calc",
      "tasks_status": "RUNNING",
      "parser": "parsers/eels",
      "step": "parsers/eels",
      "logger": "nomad.processing",
      "timestamp": "2020-09-24 22:03.07",
      "level": "INFO"
    },
    {
      "event": "successfully completed task",
      "task": "normalizing",
      "proc": "Calc",
      "process": "re_process_calc",
      "tasks_status": "RUNNING",
      "logger": "nomad.processing",
      "timestamp": "2020-09-24 22:03.07",
      "level": "INFO"
    },
    {
      "event": "successfully completed task",
      "task": "archiving",
      "proc": "Calc",
      "process": "re_process_calc",
      "tasks_status": "RUNNING",
      "logger": "nomad.processing",
      "timestamp": "2020-09-24 22:03.07",
      "level": "INFO"
    },
    {
      "exec_time": "0.0018184185028076172",
      "step": "metadata",
      "event": "saved calc metadata",
      "task": "archiving",
      "proc": "Calc",
      "process": "re_process_calc",
      "tasks_status": "RUNNING",
      "logger": "nomad.processing",
      "timestamp": "2020-09-24 22:03.07",
      "level": "INFO"
    },
    {
      "exec_time": "0.016315221786499023",
      "step": "index",
      "event": "indexed",
      "task": "archiving",
      "proc": "Calc",
      "process": "re_process_calc",
      "tasks_status": "RUNNING",
      "logger": "nomad.processing",
      "timestamp": "2020-09-24 22:03.07",
      "level": "INFO"
    }
  ],
  "section_experiment": {
    "experiment_publish_time": "2008-02-15T00:00:00",
    "raw_metadata": {
      "id": 21726,
      "title": "Niobium oxide NbO2",
      "permalink": "https://eelsdb.eu/spectra/niobium-oxide-nbo2/",
      "author": {
        "name": "Wilfried Sigle",
        "profile_url": "https://eelsdb.eu/author/wsigle/",
        "profile_api_url": "https://api.eelsdb.eu/author/wsigle/"
      },
      "published": "2008-02-15 00:00:00",
      "description": " Analyst: David Bach, Wilfried Sigle. Temperature: Room. ",
      "comment_count": 0,
      "api_permalink": "https://api.eelsdb.eu/spectra/niobium-oxide-nbo2/",
      "keywords": [
        "imported from old site"
      ],
      "download_link": "https://eelsdb.eu/wp-content/uploads/2015/09/Dspec0e9K4C.msa",
      "type": "Low Loss",
      "formula": "NbO2",
      "elements": [
        "Nb",
        "O"
      ],
      "microscope": "VG HB501UX",
      "max_energy": "647 eV",
      "min_energy": "-22.5 eV",
      "guntype": "cold field emission",
      "beamenergy": "100 kV",
      "resolution": "1.3 eV",
      "stepSize": "0.5 eV/pixel",
      "acquisition_mode": "STEM",
      "convergence": "10 mrad",
      "collection": "6.5 mrad",
      "integratetime": "0.05 secs",
      "readouts": "100",
      "detector": "Parallel: Gatan ENFINA",
      "darkcurrent": "Yes",
      "gainvariation": "Yes",
      "thickness": "0.58 t/&lambda;",
      "associated_spectra": [
        {
          "name": "Niobium oxide NbO2",
          "link": "https://eelsdb.eu/spectra/niobium-oxide-nbo2-2/",
          "type": "Core Loss"
        }
      ],
      "other_links": [
        {
          "url": "http://pc-web.cemes.fr/eelsdb/index.php?page=displayspec.php&id=216",
          "title": "Old EELS DB"
        }
      ]
    },
    "section_data": {
      "repository_name": "Electron Energy Loss Spectroscopy (EELS) database",
      "repository_url": "https://eelsdb.eu",
      "entry_repository_url": "https://eelsdb.eu/spectra/niobium-oxide-nbo2/"
    },
    "section_method": {
      "data_type": "spectrum",
      "method_name": "electron energy loss spectroscopy",
      "method_abbreviation": "EELS"
    },
    "section_sample": {
      "section_material": {
        "chemical_formula": "NbO2",
        "chemical_name": "Niobium oxide NbO2",
        "atom_labels": [
          "Nb",
          "O"
        ]
      }
    }
  },
  "section_metadata": {
    "upload_id": "hSOY_Y0iQjqvoiH-Hu-0xg",
    "calc_id": "r-K1cult5J_nD8sCY12A9ncKDKeP",
    "calc_hash": "XRQwMks428pY-3NetdHutey7Phzc",
    "mainfile": "ems_data/eelsdb/spectra/niobium-oxide-nbo2/metadata.json",
    "files": [
      "ems_data/eelsdb/spectra/niobium-oxide-nbo2/metadata.json",
      "ems_data/eelsdb/spectra/niobium-oxide-nbo2/data.msa"
    ],
    "domain": "ems",
    "published": true,
    "processed": true,
    "last_processing": "2020-09-24T22:03:07.807263",
    "nomad_version": "1.0.0",
    "nomad_commit": "4d71fee0",
    "parser_name": "parsers/eels",
    "comment": " Analyst: David Bach, Wilfried Sigle. Temperature: Room. ",
    "references": [
      "https://eelsdb.eu/spectra/niobium-oxide-nbo2/",
      "https://api.eelsdb.eu/spectra/niobium-oxide-nbo2/",
      "https://eelsdb.eu/wp-content/uploads/2015/09/Dspec0e9K4C.msa"
    ],
    "external_db": "EELSDB",
    "uploader": "05375d3f-87e5-4266-9ec8-e80bfe2a739d",
    "coauthors": [
      {
        "first_name": "Wilfried",
        "last_name": "Sigle"
      }
    ],
    "shared_with": [],
    "with_embargo": false,
    "upload_time": "2020-09-07T14:33:37.396000",
    "upload_name": "ems_data.zip",
    "datasets": [
      "zAStTK1PQLaZ9V9krYVzUQ",
      "kpRslScITpW-5O6mlxpzMw"
    ],
    "external_id": "21726",
    "last_edit": "2020-09-07T14:45:09.330000",
    "formula": "NbO2",
    "atoms": [
      "Nb",
      "O"
    ],
    "n_atoms": 2,
    "ems": {
      "chemical": "Niobium oxide NbO2",
      "sample_constituents": "unavailable",
      "sample_microstructure": "unavailable",
      "experiment_summary": "None",
      "origin_time": "2008-02-15T00:00:00",
      "method": "electron energy loss spectroscopy",
      "data_type": "spectrum",
      "probing_method": "unavailable",
      "repository_name": "Electron Energy Loss Spectroscopy (EELS) database",
      "repository_url": "https://eelsdb.eu",
      "entry_repository_url": "https://eelsdb.eu/spectra/niobium-oxide-nbo2/",
      "preview_url": "None",
      "quantities": [
        "section_method",
        "method_abbreviation",
        "repository_url",
        "raw_metadata",
        "Experiment",
        "entry_repository_url",
        "experiment_publish_time",
        "atom_labels",
        "method_name",
        "section_sample",
        "chemical_name",
        "section_material",
        "data_type",
        "section_data",
        "chemical_formula",
        "repository_name"
      ],
      "group_hash": "p2e4YK_RpUtL8EJJgdFmm9JQTHZ4"
    }
  }
}