{
  "processing_logs": [
    {
      "event": "received process function call",
      "task": "None",
      "proc": "Calc",
      "process": "re_process_calc",
      "tasks_status": "PENDING",
      "logger": "nomad.processing",
      "timestamp": "2020-09-24 22:03.07",
      "level": "DEBUG"
    },
    {
      "event": "started process",
      "task": "parsing",
      "proc": "Calc",
      "process": "re_process_calc",
      "tasks_status": "RUNNING",
      "logger": "nomad.processing",
      "timestamp": "2020-09-24 22:03.07",
      "level": "INFO"
    },
    {
      "exec_time": "0.0013315677642822266",
      "input_size": "1627",
      "event": "parser executed",
      "task": "parsing",
      "proc": "Calc",
      "process": "re_process_calc",
      "tasks_status": "RUNNING",
      "parser": "parsers/eels",
      "step": "parsers/eels",
      "logger": "nomad.processing",
      "timestamp": "2020-09-24 22:03.07",
      "level": "INFO"
    },
    {
      "event": "successfully completed task",
      "task": "normalizing",
      "proc": "Calc",
      "process": "re_process_calc",
      "tasks_status": "RUNNING",
      "logger": "nomad.processing",
      "timestamp": "2020-09-24 22:03.07",
      "level": "INFO"
    },
    {
      "event": "successfully completed task",
      "task": "archiving",
      "proc": "Calc",
      "process": "re_process_calc",
      "tasks_status": "RUNNING",
      "logger": "nomad.processing",
      "timestamp": "2020-09-24 22:03.07",
      "level": "INFO"
    },
    {
      "exec_time": "0.0016243457794189453",
      "step": "metadata",
      "event": "saved calc metadata",
      "task": "archiving",
      "proc": "Calc",
      "process": "re_process_calc",
      "tasks_status": "RUNNING",
      "logger": "nomad.processing",
      "timestamp": "2020-09-24 22:03.07",
      "level": "INFO"
    },
    {
      "exec_time": "0.01345968246459961",
      "step": "index",
      "event": "indexed",
      "task": "archiving",
      "proc": "Calc",
      "process": "re_process_calc",
      "tasks_status": "RUNNING",
      "logger": "nomad.processing",
      "timestamp": "2020-09-24 22:03.07",
      "level": "INFO"
    }
  ],
  "section_experiment": {
    "experiment_publish_time": "2008-02-08T00:00:00",
    "raw_metadata": {
      "id": 21708,
      "title": "Iron Oxide 2-lines ferrihydrite",
      "permalink": "https://eelsdb.eu/spectra/iron-oxide-2-lines-ferrihydrite/",
      "author": {
        "name": "Alex Gloter",
        "profile_url": "https://eelsdb.eu/author/alexg/",
        "profile_api_url": "https://api.eelsdb.eu/author/alexg/"
      },
      "published": "2008-02-08 00:00:00",
      "description": "2-lines ferrihydrite also called 2l HFO (hydrous ferric oxide)\r\n\r\nset the L3 maximum line for a trivalent iron (710.5 eV). see  Kuiper et al., Phys. Rev. Lett. 70, 1549 - 1552 (1993)\r\nEnergy resolution improved by Richardson-Lucy deconvolution Analyst: A. Gloter, A. Chen. Temperature: Room. ",
      "comment_count": 0,
      "api_permalink": "https://api.eelsdb.eu/spectra/iron-oxide-2-lines-ferrihydrite/",
      "keywords": [
        "imported from old site"
      ],
      "download_link": "https://eelsdb.eu/wp-content/uploads/2015/09/DspecgAacXx.msa",
      "type": "Core Loss",
      "formula": "FeOOH",
      "elements": [
        "Fe",
        "O",
        "H"
      ],
      "microscope": "STEM-VG",
      "max_energy": "736.65 eV",
      "min_energy": "703.15 eV",
      "source_purity": "synthetic sample (precipitation from iron nitrate, see Cornell and Schwertmann, ISBN 3-527-30274-3)",
      "edges": [
        "Fe_L2,3"
      ],
      "guntype": "Cold FEG",
      "beamenergy": "100 kV",
      "monochromated": "No",
      "stepSize": "0.05 eV/pixel",
      "convergence": "7.5 mrad",
      "collection": "24 mrad",
      "detector": "Parallel: 666 Gatan",
      "darkcurrent": "No",
      "gainvariation": "No",
      "other_links": [
        {
          "url": "http://pc-web.cemes.fr/eelsdb/index.php?page=displayspec.php&id=198",
          "title": "Old EELS DB"
        }
      ]
    },
    "section_data": {
      "repository_name": "Electron Energy Loss Spectroscopy (EELS) database",
      "repository_url": "https://eelsdb.eu",
      "entry_repository_url": "https://eelsdb.eu/spectra/iron-oxide-2-lines-ferrihydrite/"
    },
    "section_method": {
      "data_type": "spectrum",
      "method_name": "electron energy loss spectroscopy",
      "method_abbreviation": "EELS"
    },
    "section_sample": {
      "section_material": {
        "chemical_formula": "FeOOH",
        "chemical_name": "Iron Oxide 2-lines ferrihydrite",
        "atom_labels": [
          "Fe",
          "O",
          "H"
        ]
      }
    }
  },
  "section_metadata": {
    "upload_id": "hSOY_Y0iQjqvoiH-Hu-0xg",
    "calc_id": "RilHryzPItEISIK_AFFgOsmEOhzI",
    "calc_hash": "wyymjd5DyQJBmO4C3Fj0OiqO3scC",
    "mainfile": "ems_data/eelsdb/spectra/iron-oxide-2-lines-ferrihydrite/metadata.json",
    "files": [
      "ems_data/eelsdb/spectra/iron-oxide-2-lines-ferrihydrite/metadata.json",
      "ems_data/eelsdb/spectra/iron-oxide-2-lines-ferrihydrite/data.msa"
    ],
    "domain": "ems",
    "published": true,
    "processed": true,
    "last_processing": "2020-09-24T22:03:07.253377",
    "nomad_version": "1.0.0",
    "nomad_commit": "4d71fee0",
    "parser_name": "parsers/eels",
    "comment": "2-lines ferrihydrite also called 2l HFO (hydrous ferric oxide)\r\n\r\nset the L3 maximum line for a trivalent iron (710.5 eV). see  Kuiper et al., Phys. Rev. Lett. 70, 1549 - 1552 (1993)\r\nEnergy resolution improved by Richardson-Lucy deconvolution Analyst: A. Gloter, A. Chen. Temperature: Room. ",
    "references": [
      "https://eelsdb.eu/spectra/iron-oxide-2-lines-ferrihydrite/",
      "https://api.eelsdb.eu/spectra/iron-oxide-2-lines-ferrihydrite/",
      "https://eelsdb.eu/wp-content/uploads/2015/09/DspecgAacXx.msa"
    ],
    "external_db": "EELSDB",
    "uploader": "05375d3f-87e5-4266-9ec8-e80bfe2a739d",
    "coauthors": [
      {
        "first_name": "Alex",
        "last_name": "Gloter"
      }
    ],
    "shared_with": [],
    "with_embargo": false,
    "upload_time": "2020-09-07T14:33:37.396000",
    "upload_name": "ems_data.zip",
    "datasets": [
      "zAStTK1PQLaZ9V9krYVzUQ",
      "kpRslScITpW-5O6mlxpzMw"
    ],
    "external_id": "21708",
    "last_edit": "2020-09-07T14:45:09.330000",
    "formula": "FeOOH",
    "atoms": [
      "Fe",
      "H",
      "O"
    ],
    "n_atoms": 3,
    "ems": {
      "chemical": "Iron Oxide 2-lines ferrihydrite",
      "sample_constituents": "unavailable",
      "sample_microstructure": "unavailable",
      "experiment_summary": "None",
      "origin_time": "2008-02-08T00:00:00",
      "method": "electron energy loss spectroscopy",
      "data_type": "spectrum",
      "probing_method": "unavailable",
      "repository_name": "Electron Energy Loss Spectroscopy (EELS) database",
      "repository_url": "https://eelsdb.eu",
      "entry_repository_url": "https://eelsdb.eu/spectra/iron-oxide-2-lines-ferrihydrite/",
      "preview_url": "None",
      "quantities": [
        "section_method",
        "method_abbreviation",
        "repository_url",
        "raw_metadata",
        "Experiment",
        "entry_repository_url",
        "experiment_publish_time",
        "atom_labels",
        "method_name",
        "section_sample",
        "chemical_name",
        "section_material",
        "data_type",
        "section_data",
        "chemical_formula",
        "repository_name"
      ],
      "group_hash": "7RYLxqOT6iUmtzbczsallPSavom3"
    }
  }
}