{
  "processing_logs": [
    {
      "event": "received process function call",
      "task": "None",
      "proc": "Calc",
      "process": "re_process_calc",
      "tasks_status": "PENDING",
      "logger": "nomad.processing",
      "timestamp": "2020-09-24 22:03.08",
      "level": "DEBUG"
    },
    {
      "event": "started process",
      "task": "parsing",
      "proc": "Calc",
      "process": "re_process_calc",
      "tasks_status": "RUNNING",
      "logger": "nomad.processing",
      "timestamp": "2020-09-24 22:03.08",
      "level": "INFO"
    },
    {
      "exec_time": "0.0013949871063232422",
      "input_size": "1255",
      "event": "parser executed",
      "task": "parsing",
      "proc": "Calc",
      "process": "re_process_calc",
      "tasks_status": "RUNNING",
      "parser": "parsers/eels",
      "step": "parsers/eels",
      "logger": "nomad.processing",
      "timestamp": "2020-09-24 22:03.08",
      "level": "INFO"
    },
    {
      "event": "successfully completed task",
      "task": "normalizing",
      "proc": "Calc",
      "process": "re_process_calc",
      "tasks_status": "RUNNING",
      "logger": "nomad.processing",
      "timestamp": "2020-09-24 22:03.08",
      "level": "INFO"
    },
    {
      "event": "successfully completed task",
      "task": "archiving",
      "proc": "Calc",
      "process": "re_process_calc",
      "tasks_status": "RUNNING",
      "logger": "nomad.processing",
      "timestamp": "2020-09-24 22:03.08",
      "level": "INFO"
    },
    {
      "exec_time": "0.0020368099212646484",
      "step": "metadata",
      "event": "saved calc metadata",
      "task": "archiving",
      "proc": "Calc",
      "process": "re_process_calc",
      "tasks_status": "RUNNING",
      "logger": "nomad.processing",
      "timestamp": "2020-09-24 22:03.08",
      "level": "INFO"
    },
    {
      "exec_time": "0.014812469482421875",
      "step": "index",
      "event": "indexed",
      "task": "archiving",
      "proc": "Calc",
      "process": "re_process_calc",
      "tasks_status": "RUNNING",
      "logger": "nomad.processing",
      "timestamp": "2020-09-24 22:03.08",
      "level": "INFO"
    }
  ],
  "section_experiment": {
    "experiment_publish_time": "2007-11-28T00:00:00",
    "raw_metadata": {
      "id": 21584,
      "title": "Silicon dioxide amorphous",
      "permalink": "https://eelsdb.eu/spectra/silicon-dioxide-amorphous/",
      "author": {
        "name": "Sylvie Schamm",
        "profile_url": "https://eelsdb.eu/author/schamm/",
        "profile_api_url": "https://api.eelsdb.eu/author/schamm/"
      },
      "published": "2007-11-28 00:00:00",
      "description": " Analyst: S.Schamm. ",
      "comment_count": 0,
      "api_permalink": "https://api.eelsdb.eu/spectra/silicon-dioxide-amorphous/",
      "keywords": [
        "imported from old site"
      ],
      "download_link": "https://eelsdb.eu/wp-content/uploads/2015/09/Dspec.56536.1.msa",
      "type": "Low Loss",
      "formula": "a-SiO2",
      "elements": [
        "Si",
        "O"
      ],
      "microscope": "CM20",
      "max_energy": "86.3 eV",
      "min_energy": "-14.2 eV",
      "guntype": "LaB6",
      "beamenergy": "100 kV",
      "resolution": "1.08 eV",
      "stepSize": "0.099 eV/pixel",
      "acquisition_mode": "Diffraction",
      "convergence": "5.1 mrad",
      "collection": "1.64 mrad",
      "probesize": "55 nm^2",
      "detector": "Parallel: ",
      "darkcurrent": "No",
      "gainvariation": "No",
      "thickness": "0.5 t/&lambda;",
      "other_links": [
        {
          "url": "http://pc-web.cemes.fr/eelsdb/index.php?page=displayspec.php&id=60",
          "title": "Old EELS DB"
        }
      ]
    },
    "section_data": {
      "repository_name": "Electron Energy Loss Spectroscopy (EELS) database",
      "repository_url": "https://eelsdb.eu",
      "entry_repository_url": "https://eelsdb.eu/spectra/silicon-dioxide-amorphous/"
    },
    "section_method": {
      "data_type": "spectrum",
      "method_name": "electron energy loss spectroscopy",
      "method_abbreviation": "EELS"
    },
    "section_sample": {
      "section_material": {
        "chemical_formula": "a-SiO2",
        "chemical_name": "Silicon dioxide amorphous",
        "atom_labels": [
          "Si",
          "O"
        ]
      }
    }
  },
  "section_metadata": {
    "upload_id": "hSOY_Y0iQjqvoiH-Hu-0xg",
    "calc_id": "RVf4Mm5c0h_MajVdA2Y0PhIinXKL",
    "calc_hash": "X7CvLd2EsDOZ2rKoerfMeJL0sj-6",
    "mainfile": "ems_data/eelsdb/spectra/silicon-dioxide-amorphou/metadata.json",
    "files": [
      "ems_data/eelsdb/spectra/silicon-dioxide-amorphou/metadata.json",
      "ems_data/eelsdb/spectra/silicon-dioxide-amorphou/data.msa"
    ],
    "domain": "ems",
    "published": true,
    "processed": true,
    "last_processing": "2020-09-24T22:03:08.058944",
    "nomad_version": "1.0.0",
    "nomad_commit": "4d71fee0",
    "parser_name": "parsers/eels",
    "comment": " Analyst: S.Schamm. ",
    "references": [
      "https://eelsdb.eu/spectra/silicon-dioxide-amorphous/",
      "https://api.eelsdb.eu/spectra/silicon-dioxide-amorphous/",
      "https://eelsdb.eu/wp-content/uploads/2015/09/Dspec.56536.1.msa"
    ],
    "external_db": "EELSDB",
    "uploader": "05375d3f-87e5-4266-9ec8-e80bfe2a739d",
    "coauthors": [
      {
        "first_name": "Sylvie",
        "last_name": "Schamm"
      }
    ],
    "shared_with": [],
    "with_embargo": false,
    "upload_time": "2020-09-07T14:33:37.396000",
    "upload_name": "ems_data.zip",
    "datasets": [
      "zAStTK1PQLaZ9V9krYVzUQ",
      "kpRslScITpW-5O6mlxpzMw"
    ],
    "external_id": "21584",
    "last_edit": "2020-09-07T14:45:09.330000",
    "formula": "a-SiO2",
    "atoms": [
      "O",
      "Si"
    ],
    "n_atoms": 2,
    "ems": {
      "chemical": "Silicon dioxide amorphous",
      "sample_constituents": "unavailable",
      "sample_microstructure": "unavailable",
      "experiment_summary": "None",
      "origin_time": "2007-11-28T00:00:00",
      "method": "electron energy loss spectroscopy",
      "data_type": "spectrum",
      "probing_method": "unavailable",
      "repository_name": "Electron Energy Loss Spectroscopy (EELS) database",
      "repository_url": "https://eelsdb.eu",
      "entry_repository_url": "https://eelsdb.eu/spectra/silicon-dioxide-amorphous/",
      "preview_url": "None",
      "quantities": [
        "section_method",
        "method_abbreviation",
        "repository_url",
        "raw_metadata",
        "Experiment",
        "entry_repository_url",
        "experiment_publish_time",
        "atom_labels",
        "method_name",
        "section_sample",
        "chemical_name",
        "section_material",
        "data_type",
        "section_data",
        "chemical_formula",
        "repository_name"
      ],
      "group_hash": "x5Ieyn6kXywo5econUwiOOxQwPfs"
    }
  }
}