{
  "processing_logs": [
    {
      "event": "received process function call",
      "task": "None",
      "proc": "Calc",
      "process": "re_process_calc",
      "tasks_status": "PENDING",
      "logger": "nomad.processing",
      "timestamp": "2020-09-24 22:03.06",
      "level": "DEBUG"
    },
    {
      "event": "started process",
      "task": "parsing",
      "proc": "Calc",
      "process": "re_process_calc",
      "tasks_status": "RUNNING",
      "logger": "nomad.processing",
      "timestamp": "2020-09-24 22:03.06",
      "level": "INFO"
    },
    {
      "exec_time": "0.0012063980102539062",
      "input_size": "1497",
      "event": "parser executed",
      "task": "parsing",
      "proc": "Calc",
      "process": "re_process_calc",
      "tasks_status": "RUNNING",
      "parser": "parsers/eels",
      "step": "parsers/eels",
      "logger": "nomad.processing",
      "timestamp": "2020-09-24 22:03.06",
      "level": "INFO"
    },
    {
      "event": "successfully completed task",
      "task": "normalizing",
      "proc": "Calc",
      "process": "re_process_calc",
      "tasks_status": "RUNNING",
      "logger": "nomad.processing",
      "timestamp": "2020-09-24 22:03.06",
      "level": "INFO"
    },
    {
      "event": "successfully completed task",
      "task": "archiving",
      "proc": "Calc",
      "process": "re_process_calc",
      "tasks_status": "RUNNING",
      "logger": "nomad.processing",
      "timestamp": "2020-09-24 22:03.06",
      "level": "INFO"
    },
    {
      "exec_time": "0.0018820762634277344",
      "step": "metadata",
      "event": "saved calc metadata",
      "task": "archiving",
      "proc": "Calc",
      "process": "re_process_calc",
      "tasks_status": "RUNNING",
      "logger": "nomad.processing",
      "timestamp": "2020-09-24 22:03.06",
      "level": "INFO"
    },
    {
      "exec_time": "0.021471023559570312",
      "step": "index",
      "event": "indexed",
      "task": "archiving",
      "proc": "Calc",
      "process": "re_process_calc",
      "tasks_status": "RUNNING",
      "logger": "nomad.processing",
      "timestamp": "2020-09-24 22:03.06",
      "level": "INFO"
    }
  ],
  "section_experiment": {
    "experiment_publish_time": "2016-06-12T21:03:46",
    "raw_metadata": {
      "id": 21985,
      "title": "CaCoO Misfit Nanotube",
      "permalink": "https://eelsdb.eu/spectra/cacoo-misfit-nt/",
      "author": {
        "name": "Luc Lajaunie",
        "profile_url": "https://eelsdb.eu/author/luc-lajaunie/",
        "profile_api_url": "https://api.eelsdb.eu/author/luc-lajaunie/"
      },
      "published": "2016-06-12 21:03:46",
      "description": "",
      "comment_count": 0,
      "api_permalink": "https://api.eelsdb.eu/spectra/cacoo-misfit-nt/",
      "download_link": "https://eelsdb.eu/wp-content/uploads/2016/06/CaCoO-NT-2.msa",
      "type": "Core Loss",
      "formula": "CaCoO2−CoO2",
      "elements": [
        "Ca",
        "Co",
        "O"
      ],
      "microscope": "FEI Titan Low-Base",
      "max_energy": "1099.59 eV",
      "min_energy": "254.84 eV",
      "edges": [
        "Co_L2,3",
        "O_K",
        "Ca_L2,3",
        "Ca_L1"
      ],
      "guntype": "X-FEG",
      "beamenergy": "200 kV",
      "resolution": "1.5 eV",
      "monochromated": "No",
      "stepSize": "0.526 eV/pixel",
      "acquisition_mode": "stem",
      "convergence": "18 mrad",
      "collection": "10 mrad",
      "detector": "Gatan Tridiem ESR 865",
      "darkcurrent": "No",
      "gainvariation": "No",
      "calibration": "low loss + drift tube",
      "reference": {
        "authors": "Leela S. Panchakarla, Luc Lajaunie, Ashwin Ramasubramaniam, Raul Arenal, Reshef Tenne",
        "year": "2016",
        "journal": "ACS Nano",
        "title": "Nanotubes from Oxide-Based Misfit Family: The Case of Calcium Cobalt Oxide",
        "doi": "10.1021/acsnano.6b02430",
        "url": "http://dx.doi.org/10.1021/acsnano.6b02430"
      }
    },
    "section_data": {
      "repository_name": "Electron Energy Loss Spectroscopy (EELS) database",
      "repository_url": "https://eelsdb.eu",
      "entry_repository_url": "https://eelsdb.eu/spectra/cacoo-misfit-nt/"
    },
    "section_method": {
      "data_type": "spectrum",
      "method_name": "electron energy loss spectroscopy",
      "method_abbreviation": "EELS"
    },
    "section_sample": {
      "section_material": {
        "chemical_formula": "CaCoO2−CoO2",
        "chemical_name": "CaCoO Misfit Nanotube",
        "atom_labels": [
          "Ca",
          "Co",
          "O"
        ]
      }
    }
  },
  "section_metadata": {
    "upload_id": "hSOY_Y0iQjqvoiH-Hu-0xg",
    "calc_id": "rwFiIbkgERVOXACPXKYqjd5shJB5",
    "calc_hash": "2dqqaJy65J11voZg3A8BHu1zH85Z",
    "mainfile": "ems_data/eelsdb/spectra/cacoo-misfit-n/metadata.json",
    "files": [
      "ems_data/eelsdb/spectra/cacoo-misfit-n/metadata.json",
      "ems_data/eelsdb/spectra/cacoo-misfit-n/data.msa"
    ],
    "domain": "ems",
    "published": true,
    "processed": true,
    "last_processing": "2020-09-24T22:03:06.220861",
    "nomad_version": "1.0.0",
    "nomad_commit": "4d71fee0",
    "parser_name": "parsers/eels",
    "comment": "",
    "references": [
      "https://eelsdb.eu/spectra/cacoo-misfit-nt/",
      "https://api.eelsdb.eu/spectra/cacoo-misfit-nt/",
      "https://eelsdb.eu/wp-content/uploads/2016/06/CaCoO-NT-2.msa",
      "Leela S. Panchakarla, Luc Lajaunie, Ashwin Ramasubramaniam, Raul Arenal, Reshef Tenne; 2016; ACS Nano; Nanotubes from Oxide-Based Misfit Family: The Case of Calcium Cobalt Oxide; 10.1021/acsnano.6b02430; http://dx.doi.org/10.1021/acsnano.6b02430"
    ],
    "external_db": "EELSDB",
    "uploader": "05375d3f-87e5-4266-9ec8-e80bfe2a739d",
    "coauthors": [
      {
        "first_name": "Luc",
        "last_name": "Lajaunie"
      }
    ],
    "shared_with": [],
    "with_embargo": false,
    "upload_time": "2020-09-07T14:33:37.396000",
    "upload_name": "ems_data.zip",
    "datasets": [
      "zAStTK1PQLaZ9V9krYVzUQ",
      "kpRslScITpW-5O6mlxpzMw"
    ],
    "external_id": "21985",
    "last_edit": "2020-09-07T14:45:09.330000",
    "formula": "CaCoO2−CoO2",
    "atoms": [
      "Ca",
      "Co",
      "O"
    ],
    "n_atoms": 3,
    "ems": {
      "chemical": "CaCoO Misfit Nanotube",
      "sample_constituents": "unavailable",
      "sample_microstructure": "unavailable",
      "experiment_summary": "None",
      "origin_time": "2016-06-12T21:03:46",
      "method": "electron energy loss spectroscopy",
      "data_type": "spectrum",
      "probing_method": "unavailable",
      "repository_name": "Electron Energy Loss Spectroscopy (EELS) database",
      "repository_url": "https://eelsdb.eu",
      "entry_repository_url": "https://eelsdb.eu/spectra/cacoo-misfit-nt/",
      "preview_url": "None",
      "quantities": [
        "section_method",
        "method_abbreviation",
        "repository_url",
        "raw_metadata",
        "Experiment",
        "entry_repository_url",
        "experiment_publish_time",
        "atom_labels",
        "method_name",
        "section_sample",
        "chemical_name",
        "section_material",
        "data_type",
        "section_data",
        "chemical_formula",
        "repository_name"
      ],
      "group_hash": "Sz7trSE7bPLiNO_hFCsg68WxlGqv"
    }
  }
}