{
  "processing_logs": [
    {
      "event": "received process function call",
      "task": "None",
      "proc": "Calc",
      "process": "re_process_calc",
      "tasks_status": "PENDING",
      "logger": "nomad.processing",
      "timestamp": "2020-09-24 22:03.07",
      "level": "DEBUG"
    },
    {
      "event": "started process",
      "task": "parsing",
      "proc": "Calc",
      "process": "re_process_calc",
      "tasks_status": "RUNNING",
      "logger": "nomad.processing",
      "timestamp": "2020-09-24 22:03.07",
      "level": "INFO"
    },
    {
      "exec_time": "0.001153707504272461",
      "input_size": "1398",
      "event": "parser executed",
      "task": "parsing",
      "proc": "Calc",
      "process": "re_process_calc",
      "tasks_status": "RUNNING",
      "parser": "parsers/eels",
      "step": "parsers/eels",
      "logger": "nomad.processing",
      "timestamp": "2020-09-24 22:03.07",
      "level": "INFO"
    },
    {
      "event": "successfully completed task",
      "task": "normalizing",
      "proc": "Calc",
      "process": "re_process_calc",
      "tasks_status": "RUNNING",
      "logger": "nomad.processing",
      "timestamp": "2020-09-24 22:03.07",
      "level": "INFO"
    },
    {
      "event": "successfully completed task",
      "task": "archiving",
      "proc": "Calc",
      "process": "re_process_calc",
      "tasks_status": "RUNNING",
      "logger": "nomad.processing",
      "timestamp": "2020-09-24 22:03.07",
      "level": "INFO"
    },
    {
      "exec_time": "0.0010352134704589844",
      "step": "metadata",
      "event": "saved calc metadata",
      "task": "archiving",
      "proc": "Calc",
      "process": "re_process_calc",
      "tasks_status": "RUNNING",
      "logger": "nomad.processing",
      "timestamp": "2020-09-24 22:03.07",
      "level": "INFO"
    },
    {
      "exec_time": "0.01181340217590332",
      "step": "index",
      "event": "indexed",
      "task": "archiving",
      "proc": "Calc",
      "process": "re_process_calc",
      "tasks_status": "RUNNING",
      "logger": "nomad.processing",
      "timestamp": "2020-09-24 22:03.07",
      "level": "INFO"
    }
  ],
  "section_experiment": {
    "experiment_publish_time": "2007-12-18T00:00:00",
    "raw_metadata": {
      "id": 21663,
      "title": "Gallium Phosphide",
      "permalink": "https://eelsdb.eu/spectra/gallium-phosphide/",
      "author": {
        "name": "Michael Stöger-Pollach",
        "profile_url": "https://eelsdb.eu/author/michaels/",
        "profile_api_url": "https://api.eelsdb.eu/author/michaels/"
      },
      "published": "2007-12-18 00:00:00",
      "description": "arbitary orientation, 000 spot used for acquisition Analyst: M. Stoeger-Pollach. Temperature: Room. ",
      "comment_count": 0,
      "api_permalink": "https://api.eelsdb.eu/spectra/gallium-phosphide/",
      "keywords": [
        "imported from old site"
      ],
      "download_link": "https://eelsdb.eu/wp-content/uploads/2015/09/Dspec4c9XrS.msa",
      "type": "Low Loss",
      "formula": "GaP",
      "elements": [
        "Ga",
        "P"
      ],
      "microscope": "Tecnai F20",
      "max_energy": "40.6 eV",
      "min_energy": "-8.2 eV",
      "source_purity": "commercial sample",
      "guntype": "feg Schottky",
      "beamenergy": "200 kV",
      "resolution": "0.9 eV",
      "monochromated": "No",
      "stepSize": "0.05 eV/pixel",
      "convergence": "0.5 mrad",
      "collection": "0.25 mrad",
      "integratetime": "0.5 secs",
      "readouts": "1",
      "detector": "Parallel: GIF 2001",
      "darkcurrent": "Yes",
      "gainvariation": "Yes",
      "thickness": "0.2 t/&lambda;",
      "other_links": [
        {
          "url": "http://pc-web.cemes.fr/eelsdb/index.php?page=displayspec.php&id=152",
          "title": "Old EELS DB"
        }
      ]
    },
    "section_data": {
      "repository_name": "Electron Energy Loss Spectroscopy (EELS) database",
      "repository_url": "https://eelsdb.eu",
      "entry_repository_url": "https://eelsdb.eu/spectra/gallium-phosphide/"
    },
    "section_method": {
      "data_type": "spectrum",
      "method_name": "electron energy loss spectroscopy",
      "method_abbreviation": "EELS"
    },
    "section_sample": {
      "section_material": {
        "chemical_formula": "GaP",
        "chemical_name": "Gallium Phosphide",
        "atom_labels": [
          "Ga",
          "P"
        ]
      }
    }
  },
  "section_metadata": {
    "upload_id": "hSOY_Y0iQjqvoiH-Hu-0xg",
    "calc_id": "RXgidD9lXVRuO06zrBnt05melUka",
    "calc_hash": "lgFNVMs2qWQc7SjCGIZVkQx-lK8P",
    "mainfile": "ems_data/eelsdb/spectra/gallium-phosphide/metadata.json",
    "files": [
      "ems_data/eelsdb/spectra/gallium-phosphide/metadata.json",
      "ems_data/eelsdb/spectra/gallium-phosphide/data.msa"
    ],
    "domain": "ems",
    "published": true,
    "processed": true,
    "last_processing": "2020-09-24T22:03:07.047452",
    "nomad_version": "1.0.0",
    "nomad_commit": "4d71fee0",
    "parser_name": "parsers/eels",
    "comment": "arbitary orientation, 000 spot used for acquisition Analyst: M. Stoeger-Pollach. Temperature: Room. ",
    "references": [
      "https://eelsdb.eu/spectra/gallium-phosphide/",
      "https://api.eelsdb.eu/spectra/gallium-phosphide/",
      "https://eelsdb.eu/wp-content/uploads/2015/09/Dspec4c9XrS.msa"
    ],
    "external_db": "EELSDB",
    "uploader": "05375d3f-87e5-4266-9ec8-e80bfe2a739d",
    "coauthors": [
      {
        "first_name": "Michael",
        "last_name": "Stöger-Pollach"
      }
    ],
    "shared_with": [],
    "with_embargo": false,
    "upload_time": "2020-09-07T14:33:37.396000",
    "upload_name": "ems_data.zip",
    "datasets": [
      "zAStTK1PQLaZ9V9krYVzUQ",
      "kpRslScITpW-5O6mlxpzMw"
    ],
    "external_id": "21663",
    "last_edit": "2020-09-07T14:45:09.330000",
    "formula": "GaP",
    "atoms": [
      "Ga",
      "P"
    ],
    "n_atoms": 2,
    "ems": {
      "chemical": "Gallium Phosphide",
      "sample_constituents": "unavailable",
      "sample_microstructure": "unavailable",
      "experiment_summary": "None",
      "origin_time": "2007-12-18T00:00:00",
      "method": "electron energy loss spectroscopy",
      "data_type": "spectrum",
      "probing_method": "unavailable",
      "repository_name": "Electron Energy Loss Spectroscopy (EELS) database",
      "repository_url": "https://eelsdb.eu",
      "entry_repository_url": "https://eelsdb.eu/spectra/gallium-phosphide/",
      "preview_url": "None",
      "quantities": [
        "section_method",
        "method_abbreviation",
        "repository_url",
        "raw_metadata",
        "Experiment",
        "entry_repository_url",
        "experiment_publish_time",
        "atom_labels",
        "method_name",
        "section_sample",
        "chemical_name",
        "section_material",
        "data_type",
        "section_data",
        "chemical_formula",
        "repository_name"
      ],
      "group_hash": "3rR9xN6wKMKz-TtL65j3A5N-BnNu"
    }
  }
}