{
  "processing_logs": [
    {
      "event": "received process function call",
      "task": "None",
      "proc": "Calc",
      "process": "re_process_calc",
      "tasks_status": "PENDING",
      "logger": "nomad.processing",
      "timestamp": "2020-09-24 22:03.07",
      "level": "DEBUG"
    },
    {
      "event": "started process",
      "task": "parsing",
      "proc": "Calc",
      "process": "re_process_calc",
      "tasks_status": "RUNNING",
      "logger": "nomad.processing",
      "timestamp": "2020-09-24 22:03.07",
      "level": "INFO"
    },
    {
      "exec_time": "0.001230001449584961",
      "input_size": "1519",
      "event": "parser executed",
      "task": "parsing",
      "proc": "Calc",
      "process": "re_process_calc",
      "tasks_status": "RUNNING",
      "parser": "parsers/eels",
      "step": "parsers/eels",
      "logger": "nomad.processing",
      "timestamp": "2020-09-24 22:03.07",
      "level": "INFO"
    },
    {
      "event": "successfully completed task",
      "task": "normalizing",
      "proc": "Calc",
      "process": "re_process_calc",
      "tasks_status": "RUNNING",
      "logger": "nomad.processing",
      "timestamp": "2020-09-24 22:03.07",
      "level": "INFO"
    },
    {
      "event": "successfully completed task",
      "task": "archiving",
      "proc": "Calc",
      "process": "re_process_calc",
      "tasks_status": "RUNNING",
      "logger": "nomad.processing",
      "timestamp": "2020-09-24 22:03.07",
      "level": "INFO"
    },
    {
      "exec_time": "0.002023935317993164",
      "step": "metadata",
      "event": "saved calc metadata",
      "task": "archiving",
      "proc": "Calc",
      "process": "re_process_calc",
      "tasks_status": "RUNNING",
      "logger": "nomad.processing",
      "timestamp": "2020-09-24 22:03.07",
      "level": "INFO"
    },
    {
      "exec_time": "0.01392984390258789",
      "step": "index",
      "event": "indexed",
      "task": "archiving",
      "proc": "Calc",
      "process": "re_process_calc",
      "tasks_status": "RUNNING",
      "logger": "nomad.processing",
      "timestamp": "2020-09-24 22:03.07",
      "level": "INFO"
    }
  ],
  "section_experiment": {
    "experiment_publish_time": "2005-04-20T00:00:00",
    "raw_metadata": {
      "id": 21568,
      "title": "Magnesium carbonate",
      "permalink": "https://eelsdb.eu/spectra/magnesium-carbonate-2/",
      "author": {
        "name": "Ferdinand Hofer",
        "profile_url": "https://eelsdb.eu/author/ferdinand-hofer/",
        "profile_api_url": "https://api.eelsdb.eu/author/ferdinand-hofer/"
      },
      "published": "2005-04-20 00:00:00",
      "description": "The spectra given in the article are analogous to this one but not the same.  Analyst: Irmgard Rom. Temperature: Room. ",
      "comment_count": 0,
      "api_permalink": "https://api.eelsdb.eu/spectra/magnesium-carbonate-2/",
      "keywords": [
        "imported from old site"
      ],
      "download_link": "https://eelsdb.eu/wp-content/uploads/2015/09/Dspec.39353.1.msa",
      "type": "Core Loss",
      "formula": "MgCO3",
      "elements": [
        "Mg",
        "C",
        "O"
      ],
      "microscope": "Philips CM20",
      "max_energy": "347.5 eV",
      "min_energy": "245.2 eV",
      "source_purity": "commercial powder Merck",
      "edges": [
        "C_K"
      ],
      "guntype": "LaB6",
      "beamenergy": "200 kV",
      "resolution": "1.2 eV",
      "monochromated": "No",
      "stepSize": "0.1 eV/pixel",
      "convergence": "6.4 mrad",
      "collection": "7.6 mrad",
      "probesize": "200 nm^2",
      "readouts": "1",
      "detector": "Parallel: GIF",
      "darkcurrent": "Yes",
      "gainvariation": "Yes",
      "reference": {
        "freetext": "F. Hofer, P. Golob, Ultramicroscopy, 21, 379, 1987"
      },
      "other_links": [
        {
          "url": "http://pc-web.cemes.fr/eelsdb/index.php?page=displayspec.php&id=44",
          "title": "Old EELS DB"
        }
      ]
    },
    "section_data": {
      "repository_name": "Electron Energy Loss Spectroscopy (EELS) database",
      "repository_url": "https://eelsdb.eu",
      "entry_repository_url": "https://eelsdb.eu/spectra/magnesium-carbonate-2/"
    },
    "section_method": {
      "data_type": "spectrum",
      "method_name": "electron energy loss spectroscopy",
      "method_abbreviation": "EELS"
    },
    "section_sample": {
      "section_material": {
        "chemical_formula": "MgCO3",
        "chemical_name": "Magnesium carbonate",
        "atom_labels": [
          "Mg",
          "C",
          "O"
        ]
      }
    }
  },
  "section_metadata": {
    "upload_id": "hSOY_Y0iQjqvoiH-Hu-0xg",
    "calc_id": "S2znw8ZebhPdUueSy7kPWbOipYR0",
    "calc_hash": "mcBkJX6HD1gqHf3d1hgl3ELFZ1rQ",
    "mainfile": "ems_data/eelsdb/spectra/magnesium-carbonate-2/metadata.json",
    "files": [
      "ems_data/eelsdb/spectra/magnesium-carbonate-2/metadata.json",
      "ems_data/eelsdb/spectra/magnesium-carbonate-2/data.msa"
    ],
    "domain": "ems",
    "published": true,
    "processed": true,
    "last_processing": "2020-09-24T22:03:07.593449",
    "nomad_version": "1.0.0",
    "nomad_commit": "4d71fee0",
    "parser_name": "parsers/eels",
    "comment": "The spectra given in the article are analogous to this one but not the same.  Analyst: Irmgard Rom. Temperature: Room. ",
    "references": [
      "https://eelsdb.eu/spectra/magnesium-carbonate-2/",
      "https://api.eelsdb.eu/spectra/magnesium-carbonate-2/",
      "https://eelsdb.eu/wp-content/uploads/2015/09/Dspec.39353.1.msa",
      "F. Hofer, P. Golob, Ultramicroscopy, 21, 379, 1987"
    ],
    "external_db": "EELSDB",
    "uploader": "05375d3f-87e5-4266-9ec8-e80bfe2a739d",
    "coauthors": [
      {
        "first_name": "Ferdinand",
        "last_name": "Hofer"
      }
    ],
    "shared_with": [],
    "with_embargo": false,
    "upload_time": "2020-09-07T14:33:37.396000",
    "upload_name": "ems_data.zip",
    "datasets": [
      "zAStTK1PQLaZ9V9krYVzUQ",
      "kpRslScITpW-5O6mlxpzMw"
    ],
    "external_id": "21568",
    "last_edit": "2020-09-07T14:45:09.330000",
    "formula": "MgCO3",
    "atoms": [
      "C",
      "Mg",
      "O"
    ],
    "n_atoms": 3,
    "ems": {
      "chemical": "Magnesium carbonate",
      "sample_constituents": "unavailable",
      "sample_microstructure": "unavailable",
      "experiment_summary": "None",
      "origin_time": "2005-04-20T00:00:00",
      "method": "electron energy loss spectroscopy",
      "data_type": "spectrum",
      "probing_method": "unavailable",
      "repository_name": "Electron Energy Loss Spectroscopy (EELS) database",
      "repository_url": "https://eelsdb.eu",
      "entry_repository_url": "https://eelsdb.eu/spectra/magnesium-carbonate-2/",
      "preview_url": "None",
      "quantities": [
        "section_method",
        "method_abbreviation",
        "repository_url",
        "raw_metadata",
        "Experiment",
        "entry_repository_url",
        "experiment_publish_time",
        "atom_labels",
        "method_name",
        "section_sample",
        "chemical_name",
        "section_material",
        "data_type",
        "section_data",
        "chemical_formula",
        "repository_name"
      ],
      "group_hash": "HCtqxX2rSB2SL-mU5P1_36j4sN71"
    }
  }
}