{
  "processing_logs": [
    {
      "event": "received process function call",
      "task": "None",
      "proc": "Calc",
      "process": "re_process_calc",
      "tasks_status": "PENDING",
      "logger": "nomad.processing",
      "timestamp": "2020-09-24 22:03.05",
      "level": "DEBUG"
    },
    {
      "event": "started process",
      "task": "parsing",
      "proc": "Calc",
      "process": "re_process_calc",
      "tasks_status": "RUNNING",
      "logger": "nomad.processing",
      "timestamp": "2020-09-24 22:03.05",
      "level": "INFO"
    },
    {
      "exec_time": "0.001348257064819336",
      "input_size": "1467",
      "event": "parser executed",
      "task": "parsing",
      "proc": "Calc",
      "process": "re_process_calc",
      "tasks_status": "RUNNING",
      "parser": "parsers/eels",
      "step": "parsers/eels",
      "logger": "nomad.processing",
      "timestamp": "2020-09-24 22:03.05",
      "level": "INFO"
    },
    {
      "event": "successfully completed task",
      "task": "normalizing",
      "proc": "Calc",
      "process": "re_process_calc",
      "tasks_status": "RUNNING",
      "logger": "nomad.processing",
      "timestamp": "2020-09-24 22:03.05",
      "level": "INFO"
    },
    {
      "event": "successfully completed task",
      "task": "archiving",
      "proc": "Calc",
      "process": "re_process_calc",
      "tasks_status": "RUNNING",
      "logger": "nomad.processing",
      "timestamp": "2020-09-24 22:03.05",
      "level": "INFO"
    },
    {
      "exec_time": "0.0010395050048828125",
      "step": "metadata",
      "event": "saved calc metadata",
      "task": "archiving",
      "proc": "Calc",
      "process": "re_process_calc",
      "tasks_status": "RUNNING",
      "logger": "nomad.processing",
      "timestamp": "2020-09-24 22:03.05",
      "level": "INFO"
    },
    {
      "exec_time": "0.01290273666381836",
      "step": "index",
      "event": "indexed",
      "task": "archiving",
      "proc": "Calc",
      "process": "re_process_calc",
      "tasks_status": "RUNNING",
      "logger": "nomad.processing",
      "timestamp": "2020-09-24 22:03.05",
      "level": "INFO"
    }
  ],
  "section_experiment": {
    "experiment_publish_time": "2005-04-20T00:00:00",
    "raw_metadata": {
      "id": 21530,
      "title": "Aluminium nitride",
      "permalink": "https://eelsdb.eu/spectra/aluminium-nitride-3/",
      "author": {
        "name": "Virginie Serin",
        "profile_url": "https://eelsdb.eu/author/serin/",
        "profile_api_url": "https://api.eelsdb.eu/author/serin/"
      },
      "published": "2005-04-20 00:00:00",
      "description": "Optimised Low Loss Analyst: V.Serin. Temperature: 300. ",
      "comment_count": 0,
      "api_permalink": "https://api.eelsdb.eu/spectra/aluminium-nitride-3/",
      "keywords": [
        "imported from old site"
      ],
      "download_link": "https://eelsdb.eu/wp-content/uploads/2015/09/Dspec.569096.1.msa",
      "type": "Low Loss",
      "formula": "AlN",
      "elements": [
        "Al",
        "N"
      ],
      "microscope": "CM30",
      "max_energy": "87.4 eV",
      "min_energy": "-14.5 eV",
      "source_purity": "AlN fritt",
      "guntype": "LaB6",
      "beamenergy": "100 kV",
      "resolution": "1.6 eV",
      "stepSize": "0.1 eV/pixel",
      "acquisition_mode": "Diffraction",
      "convergence": "8.4 mrad",
      "probesize": "42.5 nm^2",
      "beamcurrent": "2500",
      "integratetime": "0.25 secs",
      "readouts": "10",
      "detector": "Parallel",
      "darkcurrent": "Yes",
      "gainvariation": "Yes",
      "thickness": "0.91 t/&lambda;",
      "reference": {
        "freetext": "V.serin, C.Colliex, R.Brydson, S.Matar, F.Boucher  Phys Rev B, 58 5106-5115 1998"
      },
      "other_links": [
        {
          "url": "http://pc-web.cemes.fr/eelsdb/index.php?page=displayspec.php&id=6",
          "title": "Old EELS DB"
        }
      ]
    },
    "section_data": {
      "repository_name": "Electron Energy Loss Spectroscopy (EELS) database",
      "repository_url": "https://eelsdb.eu",
      "entry_repository_url": "https://eelsdb.eu/spectra/aluminium-nitride-3/"
    },
    "section_method": {
      "data_type": "spectrum",
      "method_name": "electron energy loss spectroscopy",
      "method_abbreviation": "EELS"
    },
    "section_sample": {
      "section_material": {
        "chemical_formula": "AlN",
        "chemical_name": "Aluminium nitride",
        "atom_labels": [
          "Al",
          "N"
        ]
      }
    }
  },
  "section_metadata": {
    "upload_id": "hSOY_Y0iQjqvoiH-Hu-0xg",
    "calc_id": "sV8IkV-r6fpVBEXFIle2zel2XLSN",
    "calc_hash": "rrpheqjoWNV31Z8VyUKXQHdwtQ9W",
    "mainfile": "ems_data/eelsdb/spectra/aluminium-nitride-3/metadata.json",
    "files": [
      "ems_data/eelsdb/spectra/aluminium-nitride-3/metadata.json",
      "ems_data/eelsdb/spectra/aluminium-nitride-3/data.msa"
    ],
    "domain": "ems",
    "published": true,
    "processed": true,
    "last_processing": "2020-09-24T22:03:05.822121",
    "nomad_version": "1.0.0",
    "nomad_commit": "4d71fee0",
    "parser_name": "parsers/eels",
    "comment": "Optimised Low Loss Analyst: V.Serin. Temperature: 300. ",
    "references": [
      "https://eelsdb.eu/spectra/aluminium-nitride-3/",
      "https://api.eelsdb.eu/spectra/aluminium-nitride-3/",
      "https://eelsdb.eu/wp-content/uploads/2015/09/Dspec.569096.1.msa",
      "V.serin, C.Colliex, R.Brydson, S.Matar, F.Boucher  Phys Rev B, 58 5106-5115 1998"
    ],
    "external_db": "EELSDB",
    "uploader": "05375d3f-87e5-4266-9ec8-e80bfe2a739d",
    "coauthors": [
      {
        "first_name": "Virginie",
        "last_name": "Serin"
      }
    ],
    "shared_with": [],
    "with_embargo": false,
    "upload_time": "2020-09-07T14:33:37.396000",
    "upload_name": "ems_data.zip",
    "datasets": [
      "zAStTK1PQLaZ9V9krYVzUQ",
      "kpRslScITpW-5O6mlxpzMw"
    ],
    "external_id": "21530",
    "last_edit": "2020-09-07T14:45:09.330000",
    "formula": "AlN",
    "atoms": [
      "Al",
      "N"
    ],
    "n_atoms": 2,
    "ems": {
      "chemical": "Aluminium nitride",
      "sample_constituents": "unavailable",
      "sample_microstructure": "unavailable",
      "experiment_summary": "None",
      "origin_time": "2005-04-20T00:00:00",
      "method": "electron energy loss spectroscopy",
      "data_type": "spectrum",
      "probing_method": "unavailable",
      "repository_name": "Electron Energy Loss Spectroscopy (EELS) database",
      "repository_url": "https://eelsdb.eu",
      "entry_repository_url": "https://eelsdb.eu/spectra/aluminium-nitride-3/",
      "preview_url": "None",
      "quantities": [
        "section_method",
        "method_abbreviation",
        "repository_url",
        "raw_metadata",
        "Experiment",
        "entry_repository_url",
        "experiment_publish_time",
        "atom_labels",
        "method_name",
        "section_sample",
        "chemical_name",
        "section_material",
        "data_type",
        "section_data",
        "chemical_formula",
        "repository_name"
      ],
      "group_hash": "rFW9qNphil4TCbIOm9sRX5ZKpsHP"
    }
  }
}