{
  "processing_logs": [
    {
      "event": "received process function call",
      "task": "None",
      "proc": "Calc",
      "process": "re_process_calc",
      "tasks_status": "PENDING",
      "logger": "nomad.processing",
      "timestamp": "2020-09-24 22:03.07",
      "level": "DEBUG"
    },
    {
      "event": "started process",
      "task": "parsing",
      "proc": "Calc",
      "process": "re_process_calc",
      "tasks_status": "RUNNING",
      "logger": "nomad.processing",
      "timestamp": "2020-09-24 22:03.07",
      "level": "INFO"
    },
    {
      "exec_time": "0.000827789306640625",
      "input_size": "1641",
      "event": "parser executed",
      "task": "parsing",
      "proc": "Calc",
      "process": "re_process_calc",
      "tasks_status": "RUNNING",
      "parser": "parsers/eels",
      "step": "parsers/eels",
      "logger": "nomad.processing",
      "timestamp": "2020-09-24 22:03.07",
      "level": "INFO"
    },
    {
      "event": "successfully completed task",
      "task": "normalizing",
      "proc": "Calc",
      "process": "re_process_calc",
      "tasks_status": "RUNNING",
      "logger": "nomad.processing",
      "timestamp": "2020-09-24 22:03.07",
      "level": "INFO"
    },
    {
      "event": "successfully completed task",
      "task": "archiving",
      "proc": "Calc",
      "process": "re_process_calc",
      "tasks_status": "RUNNING",
      "logger": "nomad.processing",
      "timestamp": "2020-09-24 22:03.07",
      "level": "INFO"
    },
    {
      "exec_time": "0.0010743141174316406",
      "step": "metadata",
      "event": "saved calc metadata",
      "task": "archiving",
      "proc": "Calc",
      "process": "re_process_calc",
      "tasks_status": "RUNNING",
      "logger": "nomad.processing",
      "timestamp": "2020-09-24 22:03.07",
      "level": "INFO"
    },
    {
      "exec_time": "0.010447263717651367",
      "step": "index",
      "event": "indexed",
      "task": "archiving",
      "proc": "Calc",
      "process": "re_process_calc",
      "tasks_status": "RUNNING",
      "logger": "nomad.processing",
      "timestamp": "2020-09-24 22:03.07",
      "level": "INFO"
    }
  ],
  "section_experiment": {
    "experiment_publish_time": "2017-04-04T11:24:08",
    "raw_metadata": {
      "id": 22069,
      "title": "MoO3 few-layer",
      "permalink": "https://eelsdb.eu/spectra/moo3-few-layer/",
      "author": {
        "name": "Luc Lajaunie",
        "profile_url": "https://eelsdb.eu/author/luc-lajaunie/",
        "profile_api_url": "https://api.eelsdb.eu/author/luc-lajaunie/"
      },
      "published": "2017-04-04 11:24:08",
      "description": "ZLP subtracted. Artefact at 32 eV",
      "comment_count": 0,
      "api_permalink": "https://api.eelsdb.eu/spectra/moo3-few-layer/",
      "download_link": "https://eelsdb.eu/wp-content/uploads/2017/04/non-rad-4.msa",
      "type": "Low Loss",
      "formula": "MoO3",
      "elements": [
        "Mo",
        "O"
      ],
      "microscope": "FEI Titan Low-Base",
      "max_energy": "37.8 eV",
      "min_energy": "-4.16 eV",
      "guntype": "X-FEG",
      "beamenergy": "80 kV",
      "resolution": "0.27 eV",
      "monochromated": "No",
      "stepSize": "0.021 eV/pixel",
      "acquisition_mode": "stem",
      "convergence": "36 mrad",
      "collection": "51 mrad",
      "detector": "Gatan Tridiem ESR 865",
      "darkcurrent": "Yes",
      "gainvariation": "Yes",
      "calibration": "zero + dispersion",
      "reference": {
        "authors": "Eve D. Hanson, Luc Lajaunie, Shiqiang Hao, Benjamin D. Myers, Fengyuan Shi, Akshay A. Murthy, Chris Wolverton, Raul Arenal, Vinayak P. Dravid",
        "year": "2017",
        "journal": "Advanced Functional Materials",
        "title": "Systematic Study of Oxygen Vacancy Tunable Transport Properties of Few-Layer MoO3−                                                    x                         Enabled by Vapor-Based Synthesis",
        "page": "1605380",
        "doi": "10.1002/adfm.201605380",
        "url": "http://dx.doi.org/10.1002/adfm.201605380"
      }
    },
    "section_data": {
      "repository_name": "Electron Energy Loss Spectroscopy (EELS) database",
      "repository_url": "https://eelsdb.eu",
      "entry_repository_url": "https://eelsdb.eu/spectra/moo3-few-layer/"
    },
    "section_method": {
      "data_type": "spectrum",
      "method_name": "electron energy loss spectroscopy",
      "method_abbreviation": "EELS"
    },
    "section_sample": {
      "section_material": {
        "chemical_formula": "MoO3",
        "chemical_name": "MoO3 few-layer",
        "atom_labels": [
          "Mo",
          "O"
        ]
      }
    }
  },
  "section_metadata": {
    "upload_id": "hSOY_Y0iQjqvoiH-Hu-0xg",
    "calc_id": "sxNhbvxd8nzvBd6XBX367hwPm0df",
    "calc_hash": "I0ON9mtthePVrzumlQQzwodXeQDJ",
    "mainfile": "ems_data/eelsdb/spectra/moo3-few-layer/metadata.json",
    "files": [
      "ems_data/eelsdb/spectra/moo3-few-layer/metadata.json",
      "ems_data/eelsdb/spectra/moo3-few-layer/data.msa"
    ],
    "domain": "ems",
    "published": true,
    "processed": true,
    "last_processing": "2020-09-24T22:03:07.716348",
    "nomad_version": "1.0.0",
    "nomad_commit": "4d71fee0",
    "parser_name": "parsers/eels",
    "comment": "ZLP subtracted. Artefact at 32 eV",
    "references": [
      "https://eelsdb.eu/spectra/moo3-few-layer/",
      "https://api.eelsdb.eu/spectra/moo3-few-layer/",
      "https://eelsdb.eu/wp-content/uploads/2017/04/non-rad-4.msa",
      "Eve D. Hanson, Luc Lajaunie, Shiqiang Hao, Benjamin D. Myers, Fengyuan Shi, Akshay A. Murthy, Chris Wolverton, Raul Arenal, Vinayak P. Dravid; 2017; Advanced Functional Materials; Systematic Study of Oxygen Vacancy Tunable Transport Properties of Few-Layer MoO3−                                                    x                         Enabled by Vapor-Based Synthesis; 1605380; 10.1002/adfm.201605380; http://dx.doi.org/10.1002/adfm.201605380"
    ],
    "external_db": "EELSDB",
    "uploader": "05375d3f-87e5-4266-9ec8-e80bfe2a739d",
    "coauthors": [
      {
        "first_name": "Luc",
        "last_name": "Lajaunie"
      }
    ],
    "shared_with": [],
    "with_embargo": false,
    "upload_time": "2020-09-07T14:33:37.396000",
    "upload_name": "ems_data.zip",
    "datasets": [
      "zAStTK1PQLaZ9V9krYVzUQ",
      "kpRslScITpW-5O6mlxpzMw"
    ],
    "external_id": "22069",
    "last_edit": "2020-09-07T14:45:09.330000",
    "formula": "MoO3",
    "atoms": [
      "Mo",
      "O"
    ],
    "n_atoms": 2,
    "ems": {
      "chemical": "MoO3 few-layer",
      "sample_constituents": "unavailable",
      "sample_microstructure": "unavailable",
      "experiment_summary": "None",
      "origin_time": "2017-04-04T11:24:08",
      "method": "electron energy loss spectroscopy",
      "data_type": "spectrum",
      "probing_method": "unavailable",
      "repository_name": "Electron Energy Loss Spectroscopy (EELS) database",
      "repository_url": "https://eelsdb.eu",
      "entry_repository_url": "https://eelsdb.eu/spectra/moo3-few-layer/",
      "preview_url": "None",
      "quantities": [
        "section_method",
        "method_abbreviation",
        "repository_url",
        "raw_metadata",
        "Experiment",
        "entry_repository_url",
        "experiment_publish_time",
        "atom_labels",
        "method_name",
        "section_sample",
        "chemical_name",
        "section_material",
        "data_type",
        "section_data",
        "chemical_formula",
        "repository_name"
      ],
      "group_hash": "raE1rOZOrr9i16Jl-KPlZE4MYrlj"
    }
  }
}