{
  "processing_logs": [
    {
      "event": "received process function call",
      "task": "None",
      "proc": "Calc",
      "process": "re_process_calc",
      "tasks_status": "PENDING",
      "logger": "nomad.processing",
      "timestamp": "2020-09-24 22:03.08",
      "level": "DEBUG"
    },
    {
      "event": "started process",
      "task": "parsing",
      "proc": "Calc",
      "process": "re_process_calc",
      "tasks_status": "RUNNING",
      "logger": "nomad.processing",
      "timestamp": "2020-09-24 22:03.08",
      "level": "INFO"
    },
    {
      "exec_time": "0.0013704299926757812",
      "input_size": "1698",
      "event": "parser executed",
      "task": "parsing",
      "proc": "Calc",
      "process": "re_process_calc",
      "tasks_status": "RUNNING",
      "parser": "parsers/eels",
      "step": "parsers/eels",
      "logger": "nomad.processing",
      "timestamp": "2020-09-24 22:03.08",
      "level": "INFO"
    },
    {
      "event": "successfully completed task",
      "task": "normalizing",
      "proc": "Calc",
      "process": "re_process_calc",
      "tasks_status": "RUNNING",
      "logger": "nomad.processing",
      "timestamp": "2020-09-24 22:03.08",
      "level": "INFO"
    },
    {
      "event": "successfully completed task",
      "task": "archiving",
      "proc": "Calc",
      "process": "re_process_calc",
      "tasks_status": "RUNNING",
      "logger": "nomad.processing",
      "timestamp": "2020-09-24 22:03.08",
      "level": "INFO"
    },
    {
      "exec_time": "0.0018422603607177734",
      "step": "metadata",
      "event": "saved calc metadata",
      "task": "archiving",
      "proc": "Calc",
      "process": "re_process_calc",
      "tasks_status": "RUNNING",
      "logger": "nomad.processing",
      "timestamp": "2020-09-24 22:03.08",
      "level": "INFO"
    },
    {
      "exec_time": "0.013100624084472656",
      "step": "index",
      "event": "indexed",
      "task": "archiving",
      "proc": "Calc",
      "process": "re_process_calc",
      "tasks_status": "RUNNING",
      "logger": "nomad.processing",
      "timestamp": "2020-09-24 22:03.08",
      "level": "INFO"
    }
  ],
  "section_experiment": {
    "experiment_publish_time": "2005-05-26T00:00:00",
    "raw_metadata": {
      "id": 21601,
      "title": "Yttria stabilized Zirconia",
      "permalink": "https://eelsdb.eu/spectra/yttria-stabilized-zirconia/",
      "author": {
        "name": "(Dr) Marie Cheynet",
        "profile_url": "https://eelsdb.eu/author/mcheynet/",
        "profile_api_url": "https://api.eelsdb.eu/author/mcheynet/"
      },
      "published": "2005-05-26 00:00:00",
      "description": "the cubic structure is stabilized by addition of 8.5mol% of Y2O3 Analyst: M. Cheynet. Temperature: Room. ",
      "comment_count": 0,
      "api_permalink": "https://api.eelsdb.eu/spectra/yttria-stabilized-zirconia/",
      "keywords": [
        "imported from old site"
      ],
      "download_link": "https://eelsdb.eu/wp-content/uploads/2015/09/DspectVJrUq.msa",
      "type": "Low Loss",
      "formula": "ZrO2-8.5mol%Y2O3",
      "elements": [
        "Zr",
        "O",
        "Y"
      ],
      "microscope": "Tecnai F20",
      "max_energy": "91.6 eV",
      "min_energy": "-6.1 eV",
      "source_purity": "Spray-pyrolysis nanocrystallized powders",
      "guntype": "feg Schottky",
      "beamenergy": "200 kV",
      "resolution": "0.8 eV",
      "stepSize": "0.1 eV/pixel",
      "acquisition_mode": "STEM",
      "convergence": "13.5 mrad",
      "collection": "1.2 mrad",
      "probesize": "1 nm^2",
      "integratetime": "1 secs",
      "readouts": "2",
      "detector": "Parallel: GIF",
      "darkcurrent": "Yes",
      "gainvariation": "Yes",
      "thickness": "0.76 t/&lambda;",
      "reference": {
        "freetext": "Electronic structure and electron energy-loss spectroscopy of ZrO2 zirconia\r\nL.K. Dash, N. Vast, P. Baranek, M.C. Cheynet, L. Reining\r\nPhys. Rev. B 70, 245116 (2004)"
      },
      "other_links": [
        {
          "url": "http://pc-web.cemes.fr/eelsdb/index.php?page=displayspec.php&id=84",
          "title": "Old EELS DB"
        }
      ]
    },
    "section_data": {
      "repository_name": "Electron Energy Loss Spectroscopy (EELS) database",
      "repository_url": "https://eelsdb.eu",
      "entry_repository_url": "https://eelsdb.eu/spectra/yttria-stabilized-zirconia/"
    },
    "section_method": {
      "data_type": "spectrum",
      "method_name": "electron energy loss spectroscopy",
      "method_abbreviation": "EELS"
    },
    "section_sample": {
      "section_material": {
        "chemical_formula": "ZrO2-8.5mol%Y2O3",
        "chemical_name": "Yttria stabilized Zirconia",
        "atom_labels": [
          "Zr",
          "O",
          "Y"
        ]
      }
    }
  },
  "section_metadata": {
    "upload_id": "hSOY_Y0iQjqvoiH-Hu-0xg",
    "calc_id": "tcR4eHbDptyebOXvURcHCXCcctbB",
    "calc_hash": "63BT5EUi3Jghda0P_4O799ljwa4Z",
    "mainfile": "ems_data/eelsdb/spectra/yttria-stabilized-zirconia/metadata.json",
    "files": [
      "ems_data/eelsdb/spectra/yttria-stabilized-zirconia/metadata.json",
      "ems_data/eelsdb/spectra/yttria-stabilized-zirconia/data.msa"
    ],
    "domain": "ems",
    "published": true,
    "processed": true,
    "last_processing": "2020-09-24T22:03:08.447783",
    "nomad_version": "1.0.0",
    "nomad_commit": "4d71fee0",
    "parser_name": "parsers/eels",
    "comment": "the cubic structure is stabilized by addition of 8.5mol% of Y2O3 Analyst: M. Cheynet. Temperature: Room. ",
    "references": [
      "https://eelsdb.eu/spectra/yttria-stabilized-zirconia/",
      "https://api.eelsdb.eu/spectra/yttria-stabilized-zirconia/",
      "https://eelsdb.eu/wp-content/uploads/2015/09/DspectVJrUq.msa",
      "Electronic structure and electron energy-loss spectroscopy of ZrO2 zirconia; L.K. Dash, N. Vast, P. Baranek, M.C. Cheynet, L. Reining; Phys. Rev. B 70, 245116 (2004)"
    ],
    "external_db": "EELSDB",
    "uploader": "05375d3f-87e5-4266-9ec8-e80bfe2a739d",
    "coauthors": [
      {
        "first_name": "Marie",
        "last_name": "Cheynet"
      }
    ],
    "shared_with": [],
    "with_embargo": false,
    "upload_time": "2020-09-07T14:33:37.396000",
    "upload_name": "ems_data.zip",
    "datasets": [
      "zAStTK1PQLaZ9V9krYVzUQ",
      "kpRslScITpW-5O6mlxpzMw"
    ],
    "external_id": "21601",
    "last_edit": "2020-09-07T14:45:09.330000",
    "formula": "ZrO2-8.5mol%Y2O3",
    "atoms": [
      "O",
      "Y",
      "Zr"
    ],
    "n_atoms": 3,
    "ems": {
      "chemical": "Yttria stabilized Zirconia",
      "sample_constituents": "unavailable",
      "sample_microstructure": "unavailable",
      "experiment_summary": "None",
      "origin_time": "2005-05-26T00:00:00",
      "method": "electron energy loss spectroscopy",
      "data_type": "spectrum",
      "probing_method": "unavailable",
      "repository_name": "Electron Energy Loss Spectroscopy (EELS) database",
      "repository_url": "https://eelsdb.eu",
      "entry_repository_url": "https://eelsdb.eu/spectra/yttria-stabilized-zirconia/",
      "preview_url": "None",
      "quantities": [
        "section_method",
        "method_abbreviation",
        "repository_url",
        "raw_metadata",
        "Experiment",
        "entry_repository_url",
        "experiment_publish_time",
        "atom_labels",
        "method_name",
        "section_sample",
        "chemical_name",
        "section_material",
        "data_type",
        "section_data",
        "chemical_formula",
        "repository_name"
      ],
      "group_hash": "pBlkjZliLKzjJskqiHR-twhczwu2"
    }
  }
}