{
  "processing_logs": [
    {
      "event": "received process function call",
      "task": "None",
      "proc": "Calc",
      "process": "re_process_calc",
      "tasks_status": "PENDING",
      "logger": "nomad.processing",
      "timestamp": "2020-09-24 22:03.06",
      "level": "DEBUG"
    },
    {
      "event": "started process",
      "task": "parsing",
      "proc": "Calc",
      "process": "re_process_calc",
      "tasks_status": "RUNNING",
      "logger": "nomad.processing",
      "timestamp": "2020-09-24 22:03.06",
      "level": "INFO"
    },
    {
      "exec_time": "0.0011081695556640625",
      "input_size": "1481",
      "event": "parser executed",
      "task": "parsing",
      "proc": "Calc",
      "process": "re_process_calc",
      "tasks_status": "RUNNING",
      "parser": "parsers/eels",
      "step": "parsers/eels",
      "logger": "nomad.processing",
      "timestamp": "2020-09-24 22:03.06",
      "level": "INFO"
    },
    {
      "event": "successfully completed task",
      "task": "normalizing",
      "proc": "Calc",
      "process": "re_process_calc",
      "tasks_status": "RUNNING",
      "logger": "nomad.processing",
      "timestamp": "2020-09-24 22:03.06",
      "level": "INFO"
    },
    {
      "event": "successfully completed task",
      "task": "archiving",
      "proc": "Calc",
      "process": "re_process_calc",
      "tasks_status": "RUNNING",
      "logger": "nomad.processing",
      "timestamp": "2020-09-24 22:03.06",
      "level": "INFO"
    },
    {
      "exec_time": "0.002028942108154297",
      "step": "metadata",
      "event": "saved calc metadata",
      "task": "archiving",
      "proc": "Calc",
      "process": "re_process_calc",
      "tasks_status": "RUNNING",
      "logger": "nomad.processing",
      "timestamp": "2020-09-24 22:03.06",
      "level": "INFO"
    },
    {
      "exec_time": "0.03469491004943848",
      "step": "index",
      "event": "indexed",
      "task": "archiving",
      "proc": "Calc",
      "process": "re_process_calc",
      "tasks_status": "RUNNING",
      "logger": "nomad.processing",
      "timestamp": "2020-09-24 22:03.06",
      "level": "INFO"
    }
  ],
  "section_experiment": {
    "experiment_publish_time": "2005-04-20T00:00:00",
    "raw_metadata": {
      "id": 21538,
      "title": "Chromium",
      "permalink": "https://eelsdb.eu/spectra/chromium/",
      "author": {
        "name": "Dr. Gilles Hug",
        "profile_url": "https://eelsdb.eu/author/gilles-hug/",
        "profile_api_url": "https://api.eelsdb.eu/author/gilles-hug/"
      },
      "published": "2005-04-20 00:00:00",
      "description": "plural scattering deconvoluted Analyst: Gilles Hug. Temperature: 100. ",
      "comment_count": 0,
      "api_permalink": "https://api.eelsdb.eu/spectra/chromium/",
      "keywords": [
        "imported from old site"
      ],
      "download_link": "https://eelsdb.eu/wp-content/uploads/2015/09/Dspec.89194.1.msa",
      "type": "Core Loss",
      "formula": "Cr",
      "elements": [
        "Cr"
      ],
      "microscope": "Jeol 4000FX",
      "max_energy": "6887 eV",
      "min_energy": "5868 eV",
      "source_purity": "Chromium metal",
      "edges": [
        "Cr_K"
      ],
      "guntype": "LaB6",
      "beamenergy": "400 kV",
      "resolution": "2 eV",
      "stepSize": "1 eV/pixel",
      "acquisition_mode": "Diffraction",
      "convergence": "1.5 mrad",
      "collection": "3 mrad",
      "probesize": "10000 nm^2",
      "integratetime": "25 secs",
      "readouts": "10",
      "detector": "Parallel: 666 Gatan",
      "darkcurrent": "Yes",
      "gainvariation": "Yes",
      "reference": {
        "freetext": "Hug, G., B. Blanche, M. Jaouen, A.-M. Flank, and J.J. Rehr. Ultramic. 59(1-4): p. 121-136, 1995."
      },
      "other_links": [
        {
          "url": "http://pc-web.cemes.fr/eelsdb/index.php?page=displayspec.php&id=14",
          "title": "Old EELS DB"
        }
      ]
    },
    "section_data": {
      "repository_name": "Electron Energy Loss Spectroscopy (EELS) database",
      "repository_url": "https://eelsdb.eu",
      "entry_repository_url": "https://eelsdb.eu/spectra/chromium/"
    },
    "section_method": {
      "data_type": "spectrum",
      "method_name": "electron energy loss spectroscopy",
      "method_abbreviation": "EELS"
    },
    "section_sample": {
      "section_material": {
        "chemical_formula": "Cr",
        "chemical_name": "Chromium",
        "atom_labels": [
          "Cr"
        ]
      }
    }
  },
  "section_metadata": {
    "upload_id": "hSOY_Y0iQjqvoiH-Hu-0xg",
    "calc_id": "TN68aL4mLYUw-qyY0ot-2a5X_6Za",
    "calc_hash": "axEqePNhMK0UOdTPM98Mn2x_qRmF",
    "mainfile": "ems_data/eelsdb/spectra/chromium/metadata.json",
    "files": [
      "ems_data/eelsdb/spectra/chromium/metadata.json",
      "ems_data/eelsdb/spectra/chromium/data.msa"
    ],
    "domain": "ems",
    "published": true,
    "processed": true,
    "last_processing": "2020-09-24T22:03:06.532972",
    "nomad_version": "1.0.0",
    "nomad_commit": "4d71fee0",
    "parser_name": "parsers/eels",
    "comment": "plural scattering deconvoluted Analyst: Gilles Hug. Temperature: 100. ",
    "references": [
      "https://eelsdb.eu/spectra/chromium/",
      "https://api.eelsdb.eu/spectra/chromium/",
      "https://eelsdb.eu/wp-content/uploads/2015/09/Dspec.89194.1.msa",
      "Hug, G., B. Blanche, M. Jaouen, A.-M. Flank, and J.J. Rehr. Ultramic. 59(1-4): p. 121-136, 1995."
    ],
    "external_db": "EELSDB",
    "uploader": "05375d3f-87e5-4266-9ec8-e80bfe2a739d",
    "coauthors": [
      {
        "first_name": "Dr. Gilles",
        "last_name": "Hug"
      }
    ],
    "shared_with": [],
    "with_embargo": false,
    "upload_time": "2020-09-07T14:33:37.396000",
    "upload_name": "ems_data.zip",
    "datasets": [
      "zAStTK1PQLaZ9V9krYVzUQ",
      "kpRslScITpW-5O6mlxpzMw"
    ],
    "external_id": "21538",
    "last_edit": "2020-09-07T14:45:09.330000",
    "formula": "Cr",
    "atoms": [
      "Cr"
    ],
    "n_atoms": 1,
    "ems": {
      "chemical": "Chromium",
      "sample_constituents": "unavailable",
      "sample_microstructure": "unavailable",
      "experiment_summary": "None",
      "origin_time": "2005-04-20T00:00:00",
      "method": "electron energy loss spectroscopy",
      "data_type": "spectrum",
      "probing_method": "unavailable",
      "repository_name": "Electron Energy Loss Spectroscopy (EELS) database",
      "repository_url": "https://eelsdb.eu",
      "entry_repository_url": "https://eelsdb.eu/spectra/chromium/",
      "preview_url": "None",
      "quantities": [
        "section_method",
        "method_abbreviation",
        "repository_url",
        "raw_metadata",
        "Experiment",
        "entry_repository_url",
        "experiment_publish_time",
        "atom_labels",
        "method_name",
        "section_sample",
        "chemical_name",
        "section_material",
        "data_type",
        "section_data",
        "chemical_formula",
        "repository_name"
      ],
      "group_hash": "uO_djR9djZr6s6xP5ujN3dhvEF5c"
    }
  }
}