{
  "processing_logs": [
    {
      "event": "received process function call",
      "task": "None",
      "proc": "Calc",
      "process": "re_process_calc",
      "tasks_status": "PENDING",
      "logger": "nomad.processing",
      "timestamp": "2020-09-24 22:03.06",
      "level": "DEBUG"
    },
    {
      "event": "started process",
      "task": "parsing",
      "proc": "Calc",
      "process": "re_process_calc",
      "tasks_status": "RUNNING",
      "logger": "nomad.processing",
      "timestamp": "2020-09-24 22:03.06",
      "level": "INFO"
    },
    {
      "exec_time": "0.0011990070343017578",
      "input_size": "1455",
      "event": "parser executed",
      "task": "parsing",
      "proc": "Calc",
      "process": "re_process_calc",
      "tasks_status": "RUNNING",
      "parser": "parsers/eels",
      "step": "parsers/eels",
      "logger": "nomad.processing",
      "timestamp": "2020-09-24 22:03.06",
      "level": "INFO"
    },
    {
      "event": "successfully completed task",
      "task": "normalizing",
      "proc": "Calc",
      "process": "re_process_calc",
      "tasks_status": "RUNNING",
      "logger": "nomad.processing",
      "timestamp": "2020-09-24 22:03.06",
      "level": "INFO"
    },
    {
      "event": "successfully completed task",
      "task": "archiving",
      "proc": "Calc",
      "process": "re_process_calc",
      "tasks_status": "RUNNING",
      "logger": "nomad.processing",
      "timestamp": "2020-09-24 22:03.06",
      "level": "INFO"
    },
    {
      "exec_time": "0.0020351409912109375",
      "step": "metadata",
      "event": "saved calc metadata",
      "task": "archiving",
      "proc": "Calc",
      "process": "re_process_calc",
      "tasks_status": "RUNNING",
      "logger": "nomad.processing",
      "timestamp": "2020-09-24 22:03.06",
      "level": "INFO"
    },
    {
      "exec_time": "0.014669656753540039",
      "step": "index",
      "event": "indexed",
      "task": "archiving",
      "proc": "Calc",
      "process": "re_process_calc",
      "tasks_status": "RUNNING",
      "logger": "nomad.processing",
      "timestamp": "2020-09-24 22:03.06",
      "level": "INFO"
    }
  ],
  "section_experiment": {
    "experiment_publish_time": "2007-12-11T00:00:00",
    "raw_metadata": {
      "id": 21655,
      "title": "Cobalt (III) Oxide (IV)",
      "permalink": "https://eelsdb.eu/spectra/cobalt-iii-oxide-iv/",
      "author": {
        "name": "xu qiang",
        "profile_url": "https://eelsdb.eu/author/q-xu/",
        "profile_api_url": "https://api.eelsdb.eu/author/q-xu/"
      },
      "published": "2007-12-11 00:00:00",
      "description": "not calibrated\r\nNo angles because a parallel beam illumination was used Analyst: Qiang Xu. Temperature: Room. ",
      "comment_count": 0,
      "api_permalink": "https://api.eelsdb.eu/spectra/cobalt-iii-oxide-iv/",
      "keywords": [
        "imported from old site"
      ],
      "download_link": "https://eelsdb.eu/wp-content/uploads/2015/09/DspecT49KWD.msa",
      "type": "Low Loss",
      "formula": "Co3O4",
      "elements": [
        "Co",
        "O"
      ],
      "microscope": "Tecnai F20 monochromator",
      "max_energy": "33.65 eV",
      "min_energy": "-17.5 eV",
      "guntype": "feg",
      "beamenergy": "200 kV",
      "resolution": "0.35 eV",
      "monochromated": "Yes",
      "stepSize": "0.05 eV/pixel",
      "convergence": "8 mrad",
      "probesize": "50 nm^2",
      "detector": "Parallel: GIF Tridiem",
      "darkcurrent": "Yes",
      "gainvariation": "Yes",
      "associated_spectra": [
        {
          "name": "Cobalt (III) Oxide (IV)",
          "link": "https://eelsdb.eu/spectra/cobalt-iii-oxide-iv-2/",
          "type": "Core Loss"
        }
      ],
      "other_links": [
        {
          "url": "http://pc-web.cemes.fr/eelsdb/index.php?page=displayspec.php&id=144",
          "title": "Old EELS DB"
        }
      ]
    },
    "section_data": {
      "repository_name": "Electron Energy Loss Spectroscopy (EELS) database",
      "repository_url": "https://eelsdb.eu",
      "entry_repository_url": "https://eelsdb.eu/spectra/cobalt-iii-oxide-iv/"
    },
    "section_method": {
      "data_type": "spectrum",
      "method_name": "electron energy loss spectroscopy",
      "method_abbreviation": "EELS"
    },
    "section_sample": {
      "section_material": {
        "chemical_formula": "Co3O4",
        "chemical_name": "Cobalt (III) Oxide (IV)",
        "atom_labels": [
          "Co",
          "O"
        ]
      }
    }
  },
  "section_metadata": {
    "upload_id": "hSOY_Y0iQjqvoiH-Hu-0xg",
    "calc_id": "tQIBfLm6POtEdsxuEZHsLwKXoKVs",
    "calc_hash": "JrTVmDsoKContyz_Gf6zYx90iX3u",
    "mainfile": "ems_data/eelsdb/spectra/cobalt-iii-oxide-iv/metadata.json",
    "files": [
      "ems_data/eelsdb/spectra/cobalt-iii-oxide-iv/metadata.json",
      "ems_data/eelsdb/spectra/cobalt-iii-oxide-iv/data.msa"
    ],
    "domain": "ems",
    "published": true,
    "processed": true,
    "last_processing": "2020-09-24T22:03:06.568061",
    "nomad_version": "1.0.0",
    "nomad_commit": "4d71fee0",
    "parser_name": "parsers/eels",
    "comment": "not calibrated\r\nNo angles because a parallel beam illumination was used Analyst: Qiang Xu. Temperature: Room. ",
    "references": [
      "https://eelsdb.eu/spectra/cobalt-iii-oxide-iv/",
      "https://api.eelsdb.eu/spectra/cobalt-iii-oxide-iv/",
      "https://eelsdb.eu/wp-content/uploads/2015/09/DspecT49KWD.msa"
    ],
    "external_db": "EELSDB",
    "uploader": "05375d3f-87e5-4266-9ec8-e80bfe2a739d",
    "coauthors": [
      {
        "first_name": "Xu",
        "last_name": "Qiang"
      }
    ],
    "shared_with": [],
    "with_embargo": false,
    "upload_time": "2020-09-07T14:33:37.396000",
    "upload_name": "ems_data.zip",
    "datasets": [
      "zAStTK1PQLaZ9V9krYVzUQ",
      "kpRslScITpW-5O6mlxpzMw"
    ],
    "external_id": "21655",
    "last_edit": "2020-09-07T14:45:09.330000",
    "formula": "Co3O4",
    "atoms": [
      "Co",
      "O"
    ],
    "n_atoms": 2,
    "ems": {
      "chemical": "Cobalt (III) Oxide (IV)",
      "sample_constituents": "unavailable",
      "sample_microstructure": "unavailable",
      "experiment_summary": "None",
      "origin_time": "2007-12-11T00:00:00",
      "method": "electron energy loss spectroscopy",
      "data_type": "spectrum",
      "probing_method": "unavailable",
      "repository_name": "Electron Energy Loss Spectroscopy (EELS) database",
      "repository_url": "https://eelsdb.eu",
      "entry_repository_url": "https://eelsdb.eu/spectra/cobalt-iii-oxide-iv/",
      "preview_url": "None",
      "quantities": [
        "section_method",
        "method_abbreviation",
        "repository_url",
        "raw_metadata",
        "Experiment",
        "entry_repository_url",
        "experiment_publish_time",
        "atom_labels",
        "method_name",
        "section_sample",
        "chemical_name",
        "section_material",
        "data_type",
        "section_data",
        "chemical_formula",
        "repository_name"
      ],
      "group_hash": "-G-Nd6wsw7lRDzJLWtlsoq1tu8Pk"
    }
  }
}