{
  "processing_logs": [
    {
      "event": "received process function call",
      "task": "None",
      "proc": "Calc",
      "process": "re_process_calc",
      "tasks_status": "PENDING",
      "logger": "nomad.processing",
      "timestamp": "2020-09-24 22:03.05",
      "level": "DEBUG"
    },
    {
      "event": "started process",
      "task": "parsing",
      "proc": "Calc",
      "process": "re_process_calc",
      "tasks_status": "RUNNING",
      "logger": "nomad.processing",
      "timestamp": "2020-09-24 22:03.05",
      "level": "INFO"
    },
    {
      "exec_time": "0.002288341522216797",
      "input_size": "1590",
      "event": "parser executed",
      "task": "parsing",
      "proc": "Calc",
      "process": "re_process_calc",
      "tasks_status": "RUNNING",
      "parser": "parsers/eels",
      "step": "parsers/eels",
      "logger": "nomad.processing",
      "timestamp": "2020-09-24 22:03.05",
      "level": "INFO"
    },
    {
      "event": "successfully completed task",
      "task": "normalizing",
      "proc": "Calc",
      "process": "re_process_calc",
      "tasks_status": "RUNNING",
      "logger": "nomad.processing",
      "timestamp": "2020-09-24 22:03.05",
      "level": "INFO"
    },
    {
      "event": "successfully completed task",
      "task": "archiving",
      "proc": "Calc",
      "process": "re_process_calc",
      "tasks_status": "RUNNING",
      "logger": "nomad.processing",
      "timestamp": "2020-09-24 22:03.05",
      "level": "INFO"
    },
    {
      "exec_time": "0.0010154247283935547",
      "step": "metadata",
      "event": "saved calc metadata",
      "task": "archiving",
      "proc": "Calc",
      "process": "re_process_calc",
      "tasks_status": "RUNNING",
      "logger": "nomad.processing",
      "timestamp": "2020-09-24 22:03.05",
      "level": "INFO"
    },
    {
      "exec_time": "0.26135754585266113",
      "step": "index",
      "event": "indexed",
      "task": "archiving",
      "proc": "Calc",
      "process": "re_process_calc",
      "tasks_status": "RUNNING",
      "logger": "nomad.processing",
      "timestamp": "2020-09-24 22:03.05",
      "level": "INFO"
    }
  ],
  "section_experiment": {
    "experiment_publish_time": "2015-09-13T15:14:34",
    "raw_metadata": {
      "id": 21808,
      "title": "α-MoO3",
      "permalink": "https://eelsdb.eu/spectra/%ce%b1-moo3/",
      "author": {
        "name": "Luc Lajaunie",
        "profile_url": "https://eelsdb.eu/author/luc-lajaunie/",
        "profile_api_url": "https://api.eelsdb.eu/author/luc-lajaunie/"
      },
      "published": "2015-09-13 15:14:34",
      "description": "",
      "comment_count": 0,
      "api_permalink": "https://api.eelsdb.eu/spectra/%ce%b1-moo3/",
      "download_link": "https://eelsdb.eu/wp-content/uploads/2015/11/MoO3-LLpubli.msa",
      "type": "Low Loss",
      "formula": "MoO3",
      "elements": [
        "Mo",
        "O"
      ],
      "microscope": "Hitachi HF2000",
      "max_energy": "87.25 eV",
      "min_energy": "-12.95 eV",
      "source_purity": "Acros, 99%",
      "guntype": "c-FEG",
      "beamenergy": "100 kV",
      "resolution": "0.8 eV",
      "monochromated": "No",
      "stepSize": "0.1 eV/pixel",
      "acquisition_mode": "diffraction",
      "convergence": "1.4 mrad",
      "collection": "9 mrad",
      "probesize": "30 nm^2",
      "detector": "modiﬁed Gatan PEELS 666 spectrometer",
      "darkcurrent": "Yes",
      "gainvariation": "Yes",
      "calibration": "zero + dispersion",
      "thickness": "0.53 t/&lambda;",
      "deconvolutions": [
        "Stephen's deconvolution"
      ],
      "reference": {
        "authors": "L. Lajaunie, F. Boucher, R. Dessapt, P. Moreau",
        "year": "2013",
        "journal": "Phys. Rev. B",
        "title": "Strong anisotropic influence of local-field effects on the dielectric response of  α  -MoO    3",
        "volume": "88",
        "issue": "11",
        "doi": "10.1103/PhysRevB.88.115141",
        "url": "http://dx.doi.org/10.1103/PhysRevB.88.115141"
      }
    },
    "section_data": {
      "repository_name": "Electron Energy Loss Spectroscopy (EELS) database",
      "repository_url": "https://eelsdb.eu",
      "entry_repository_url": "https://eelsdb.eu/spectra/%ce%b1-moo3/"
    },
    "section_method": {
      "data_type": "spectrum",
      "method_name": "electron energy loss spectroscopy",
      "method_abbreviation": "EELS"
    },
    "section_sample": {
      "section_material": {
        "chemical_formula": "MoO3",
        "chemical_name": "α-MoO3",
        "atom_labels": [
          "Mo",
          "O"
        ]
      }
    }
  },
  "section_metadata": {
    "upload_id": "hSOY_Y0iQjqvoiH-Hu-0xg",
    "calc_id": "TT5WjNC7aXlwKcgWer7F-FJwkRon",
    "calc_hash": "4PTbpQQ1yQGIXcR1GhZgjOcG9Ce1",
    "mainfile": "ems_data/eelsdb/spectra/%ce%b1-moo3/metadata.json",
    "files": [
      "ems_data/eelsdb/spectra/%ce%b1-moo3/metadata.json",
      "ems_data/eelsdb/spectra/%ce%b1-moo3/data.msa"
    ],
    "domain": "ems",
    "published": true,
    "processed": true,
    "last_processing": "2020-09-24T22:03:05.112118",
    "nomad_version": "1.0.0",
    "nomad_commit": "4d71fee0",
    "parser_name": "parsers/eels",
    "comment": "",
    "references": [
      "https://eelsdb.eu/spectra/%ce%b1-moo3/",
      "https://api.eelsdb.eu/spectra/%ce%b1-moo3/",
      "https://eelsdb.eu/wp-content/uploads/2015/11/MoO3-LLpubli.msa",
      "L. Lajaunie, F. Boucher, R. Dessapt, P. Moreau; 2013; Phys. Rev. B; Strong anisotropic influence of local-field effects on the dielectric response of  α  -MoO    3; 88; 11; 10.1103/PhysRevB.88.115141; http://dx.doi.org/10.1103/PhysRevB.88.115141"
    ],
    "external_db": "EELSDB",
    "uploader": "05375d3f-87e5-4266-9ec8-e80bfe2a739d",
    "coauthors": [
      {
        "first_name": "Luc",
        "last_name": "Lajaunie"
      }
    ],
    "shared_with": [],
    "with_embargo": false,
    "upload_time": "2020-09-07T14:33:37.396000",
    "upload_name": "ems_data.zip",
    "datasets": [
      "zAStTK1PQLaZ9V9krYVzUQ",
      "kpRslScITpW-5O6mlxpzMw"
    ],
    "external_id": "21808",
    "last_edit": "2020-09-07T14:45:09.330000",
    "formula": "MoO3",
    "atoms": [
      "Mo",
      "O"
    ],
    "n_atoms": 2,
    "ems": {
      "chemical": "α-MoO3",
      "sample_constituents": "unavailable",
      "sample_microstructure": "unavailable",
      "experiment_summary": "None",
      "origin_time": "2015-09-13T15:14:34",
      "method": "electron energy loss spectroscopy",
      "data_type": "spectrum",
      "probing_method": "unavailable",
      "repository_name": "Electron Energy Loss Spectroscopy (EELS) database",
      "repository_url": "https://eelsdb.eu",
      "entry_repository_url": "https://eelsdb.eu/spectra/%ce%b1-moo3/",
      "preview_url": "None",
      "quantities": [
        "section_method",
        "method_abbreviation",
        "repository_url",
        "raw_metadata",
        "Experiment",
        "entry_repository_url",
        "experiment_publish_time",
        "atom_labels",
        "method_name",
        "section_sample",
        "chemical_name",
        "section_material",
        "data_type",
        "section_data",
        "chemical_formula",
        "repository_name"
      ],
      "group_hash": "FPZIV7EbpV98w9ffxRO0uKnTbXdf"
    }
  }
}