{
  "processing_logs": [
    {
      "event": "received process function call",
      "task": "None",
      "proc": "Calc",
      "process": "re_process_calc",
      "tasks_status": "PENDING",
      "logger": "nomad.processing",
      "timestamp": "2020-09-24 22:03.08",
      "level": "DEBUG"
    },
    {
      "event": "started process",
      "task": "parsing",
      "proc": "Calc",
      "process": "re_process_calc",
      "tasks_status": "RUNNING",
      "logger": "nomad.processing",
      "timestamp": "2020-09-24 22:03.08",
      "level": "INFO"
    },
    {
      "exec_time": "0.0008141994476318359",
      "input_size": "1510",
      "event": "parser executed",
      "task": "parsing",
      "proc": "Calc",
      "process": "re_process_calc",
      "tasks_status": "RUNNING",
      "parser": "parsers/eels",
      "step": "parsers/eels",
      "logger": "nomad.processing",
      "timestamp": "2020-09-24 22:03.08",
      "level": "INFO"
    },
    {
      "event": "successfully completed task",
      "task": "normalizing",
      "proc": "Calc",
      "process": "re_process_calc",
      "tasks_status": "RUNNING",
      "logger": "nomad.processing",
      "timestamp": "2020-09-24 22:03.08",
      "level": "INFO"
    },
    {
      "event": "successfully completed task",
      "task": "archiving",
      "proc": "Calc",
      "process": "re_process_calc",
      "tasks_status": "RUNNING",
      "logger": "nomad.processing",
      "timestamp": "2020-09-24 22:03.08",
      "level": "INFO"
    },
    {
      "exec_time": "0.0013070106506347656",
      "step": "metadata",
      "event": "saved calc metadata",
      "task": "archiving",
      "proc": "Calc",
      "process": "re_process_calc",
      "tasks_status": "RUNNING",
      "logger": "nomad.processing",
      "timestamp": "2020-09-24 22:03.08",
      "level": "INFO"
    },
    {
      "exec_time": "0.009867191314697266",
      "step": "index",
      "event": "indexed",
      "task": "archiving",
      "proc": "Calc",
      "process": "re_process_calc",
      "tasks_status": "RUNNING",
      "logger": "nomad.processing",
      "timestamp": "2020-09-24 22:03.08",
      "level": "INFO"
    }
  ],
  "section_experiment": {
    "experiment_publish_time": "2016-02-21T15:42:54",
    "raw_metadata": {
      "id": 21926,
      "title": "SrTiO3-(001)",
      "permalink": "https://eelsdb.eu/spectra/srtio3-001/",
      "author": {
        "name": "magnunor",
        "profile_url": "https://eelsdb.eu/author/magnus/",
        "profile_api_url": "https://api.eelsdb.eu/author/magnus/"
      },
      "published": "2016-02-21 15:42:54",
      "description": "SrTiO3-(001)",
      "comment_count": 0,
      "api_permalink": "https://api.eelsdb.eu/spectra/srtio3-001/",
      "download_link": "https://eelsdb.eu/wp-content/uploads/2016/02/APL_article_STO_oxygen2.msa",
      "type": "Core Loss",
      "formula": "SrTiO3",
      "elements": [
        "Sr",
        "Ti",
        "O"
      ],
      "microscope": "FEI Titan 80-300ST",
      "max_energy": "559.8 eV",
      "min_energy": "530 eV",
      "edges": [
        "O_K"
      ],
      "guntype": "Field Emission Gun",
      "beamenergy": "300 kV",
      "resolution": "1.0 eV",
      "monochromated": "No",
      "stepSize": "0.2 eV/pixel",
      "acquisition_mode": "stem",
      "convergence": "24.2 mrad",
      "collection": "33.1 mrad",
      "detector": "GIF",
      "darkcurrent": "No",
      "gainvariation": "No",
      "calibration": "PCA + background subtraction",
      "reference": {
        "authors": "M. Nord, P. E. Vullum, M. Moreau, J. E. Boschker, S. M. Selbach, R. Holmestad, T. Tybell",
        "year": "2015",
        "journal": "Appl. Phys. Lett.",
        "title": "Structural phases driven by oxygen vacancies at the La0.7Sr0.3MnO3/SrTiO3 hetero-interface",
        "volume": "106",
        "issue": "4",
        "page": "041604",
        "doi": "10.1063/1.4906920",
        "url": "http://dx.doi.org/10.1063/1.4906920"
      }
    },
    "section_data": {
      "repository_name": "Electron Energy Loss Spectroscopy (EELS) database",
      "repository_url": "https://eelsdb.eu",
      "entry_repository_url": "https://eelsdb.eu/spectra/srtio3-001/"
    },
    "section_method": {
      "data_type": "spectrum",
      "method_name": "electron energy loss spectroscopy",
      "method_abbreviation": "EELS"
    },
    "section_sample": {
      "section_material": {
        "chemical_formula": "SrTiO3",
        "chemical_name": "SrTiO3-(001)",
        "atom_labels": [
          "Sr",
          "Ti",
          "O"
        ]
      }
    }
  },
  "section_metadata": {
    "upload_id": "hSOY_Y0iQjqvoiH-Hu-0xg",
    "calc_id": "tVpSH_awGt1_-d8BPyJJnKG4n8v5",
    "calc_hash": "yQJjkDl4SdokTWqA7uubZFJbpf7v",
    "mainfile": "ems_data/eelsdb/spectra/srtio3-001/metadata.json",
    "files": [
      "ems_data/eelsdb/spectra/srtio3-001/metadata.json",
      "ems_data/eelsdb/spectra/srtio3-001/data.msa"
    ],
    "domain": "ems",
    "published": true,
    "processed": true,
    "last_processing": "2020-09-24T22:03:08.155413",
    "nomad_version": "1.0.0",
    "nomad_commit": "4d71fee0",
    "parser_name": "parsers/eels",
    "comment": "SrTiO3-(001)",
    "references": [
      "https://eelsdb.eu/spectra/srtio3-001/",
      "https://api.eelsdb.eu/spectra/srtio3-001/",
      "https://eelsdb.eu/wp-content/uploads/2016/02/APL_article_STO_oxygen2.msa",
      "M. Nord, P. E. Vullum, M. Moreau, J. E. Boschker, S. M. Selbach, R. Holmestad, T. Tybell; 2015; Appl. Phys. Lett.; Structural phases driven by oxygen vacancies at the La0.7Sr0.3MnO3/SrTiO3 hetero-interface; 106; 4; 041604; 10.1063/1.4906920; http://dx.doi.org/10.1063/1.4906920"
    ],
    "external_db": "EELSDB",
    "uploader": "05375d3f-87e5-4266-9ec8-e80bfe2a739d",
    "coauthors": [
      {
        "first_name": "",
        "last_name": "Magnunor"
      }
    ],
    "shared_with": [],
    "with_embargo": false,
    "upload_time": "2020-09-07T14:33:37.396000",
    "upload_name": "ems_data.zip",
    "datasets": [
      "zAStTK1PQLaZ9V9krYVzUQ",
      "kpRslScITpW-5O6mlxpzMw"
    ],
    "external_id": "21926",
    "last_edit": "2020-09-07T14:45:09.330000",
    "formula": "SrTiO3",
    "atoms": [
      "O",
      "Sr",
      "Ti"
    ],
    "n_atoms": 3,
    "ems": {
      "chemical": "SrTiO3-(001)",
      "sample_constituents": "unavailable",
      "sample_microstructure": "unavailable",
      "experiment_summary": "None",
      "origin_time": "2016-02-21T15:42:54",
      "method": "electron energy loss spectroscopy",
      "data_type": "spectrum",
      "probing_method": "unavailable",
      "repository_name": "Electron Energy Loss Spectroscopy (EELS) database",
      "repository_url": "https://eelsdb.eu",
      "entry_repository_url": "https://eelsdb.eu/spectra/srtio3-001/",
      "preview_url": "None",
      "quantities": [
        "section_method",
        "method_abbreviation",
        "repository_url",
        "raw_metadata",
        "Experiment",
        "entry_repository_url",
        "experiment_publish_time",
        "atom_labels",
        "method_name",
        "section_sample",
        "chemical_name",
        "section_material",
        "data_type",
        "section_data",
        "chemical_formula",
        "repository_name"
      ],
      "group_hash": "zGzvAAaIp2-Hs76L7soNW_l3Hjoj"
    }
  }
}