{
  "processing_logs": [
    {
      "event": "received process function call",
      "task": "None",
      "proc": "Calc",
      "process": "re_process_calc",
      "tasks_status": "PENDING",
      "logger": "nomad.processing",
      "timestamp": "2020-09-24 22:03.07",
      "level": "DEBUG"
    },
    {
      "event": "started process",
      "task": "parsing",
      "proc": "Calc",
      "process": "re_process_calc",
      "tasks_status": "RUNNING",
      "logger": "nomad.processing",
      "timestamp": "2020-09-24 22:03.07",
      "level": "INFO"
    },
    {
      "exec_time": "0.0012123584747314453",
      "input_size": "1242",
      "event": "parser executed",
      "task": "parsing",
      "proc": "Calc",
      "process": "re_process_calc",
      "tasks_status": "RUNNING",
      "parser": "parsers/eels",
      "step": "parsers/eels",
      "logger": "nomad.processing",
      "timestamp": "2020-09-24 22:03.07",
      "level": "INFO"
    },
    {
      "event": "successfully completed task",
      "task": "normalizing",
      "proc": "Calc",
      "process": "re_process_calc",
      "tasks_status": "RUNNING",
      "logger": "nomad.processing",
      "timestamp": "2020-09-24 22:03.07",
      "level": "INFO"
    },
    {
      "event": "successfully completed task",
      "task": "archiving",
      "proc": "Calc",
      "process": "re_process_calc",
      "tasks_status": "RUNNING",
      "logger": "nomad.processing",
      "timestamp": "2020-09-24 22:03.07",
      "level": "INFO"
    },
    {
      "exec_time": "0.0018410682678222656",
      "step": "metadata",
      "event": "saved calc metadata",
      "task": "archiving",
      "proc": "Calc",
      "process": "re_process_calc",
      "tasks_status": "RUNNING",
      "logger": "nomad.processing",
      "timestamp": "2020-09-24 22:03.07",
      "level": "INFO"
    },
    {
      "exec_time": "0.01467442512512207",
      "step": "index",
      "event": "indexed",
      "task": "archiving",
      "proc": "Calc",
      "process": "re_process_calc",
      "tasks_status": "RUNNING",
      "logger": "nomad.processing",
      "timestamp": "2020-09-24 22:03.07",
      "level": "INFO"
    }
  ],
  "section_experiment": {
    "experiment_publish_time": "2016-11-25T15:37:07",
    "raw_metadata": {
      "id": 22047,
      "title": "Ge",
      "permalink": "https://eelsdb.eu/spectra/ge/",
      "author": {
        "name": "aneeqa",
        "profile_url": "https://eelsdb.eu/author/an/",
        "profile_api_url": "https://api.eelsdb.eu/author/an/"
      },
      "published": "2016-11-25 15:37:07",
      "description": "From a spectrum image of 2250 pixels over a range of thickness",
      "comment_count": 0,
      "api_permalink": "https://api.eelsdb.eu/spectra/ge/",
      "download_link": "https://eelsdb.eu/wp-content/uploads/2016/11/HL2_-Ge.msa",
      "type": "Core Loss",
      "formula": "Ge",
      "elements": [
        "Ge"
      ],
      "microscope": "Probe Corrected Jeol ARM 200F",
      "max_energy": "1724.8 eV",
      "min_energy": "713.3 eV",
      "source_purity": "Ge wafer",
      "edges": [
        "Ge_L1",
        "Ge_L2,3"
      ],
      "guntype": "Cold FEG",
      "beamenergy": "200 kV",
      "resolution": "0.5 eV",
      "monochromated": "No",
      "stepSize": "0.5 eV/pixel",
      "acquisition_mode": "stem",
      "convergence": "29 mrad",
      "collection": "36 mrad",
      "integratetime": "0.2498 secs",
      "readouts": "2250",
      "detector": "GIF Quantum ER",
      "darkcurrent": "Yes",
      "gainvariation": "Yes",
      "calibration": "Low loss + drift tube",
      "thickness": "0.55 t/&lambda;",
      "deconvolutions": [
        "Fourier-ratio"
      ]
    },
    "section_data": {
      "repository_name": "Electron Energy Loss Spectroscopy (EELS) database",
      "repository_url": "https://eelsdb.eu",
      "entry_repository_url": "https://eelsdb.eu/spectra/ge/"
    },
    "section_method": {
      "data_type": "spectrum",
      "method_name": "electron energy loss spectroscopy",
      "method_abbreviation": "EELS"
    },
    "section_sample": {
      "section_material": {
        "chemical_formula": "Ge",
        "chemical_name": "Ge",
        "atom_labels": [
          "Ge"
        ]
      }
    }
  },
  "section_metadata": {
    "upload_id": "hSOY_Y0iQjqvoiH-Hu-0xg",
    "calc_id": "V-R2_gJaTBXiF6VCStiiamZSYZMz",
    "calc_hash": "ONCOFDPwBaWKxfvjcViZ8vgz-a7e",
    "mainfile": "ems_data/eelsdb/spectra/ge/metadata.json",
    "files": [
      "ems_data/eelsdb/spectra/ge/metadata.json",
      "ems_data/eelsdb/spectra/ge/data.msa"
    ],
    "domain": "ems",
    "published": true,
    "processed": true,
    "last_processing": "2020-09-24T22:03:07.090593",
    "nomad_version": "1.0.0",
    "nomad_commit": "4d71fee0",
    "parser_name": "parsers/eels",
    "comment": "From a spectrum image of 2250 pixels over a range of thickness",
    "references": [
      "https://eelsdb.eu/spectra/ge/",
      "https://api.eelsdb.eu/spectra/ge/",
      "https://eelsdb.eu/wp-content/uploads/2016/11/HL2_-Ge.msa"
    ],
    "external_db": "EELSDB",
    "uploader": "05375d3f-87e5-4266-9ec8-e80bfe2a739d",
    "coauthors": [
      {
        "first_name": "",
        "last_name": "Aneeqa"
      }
    ],
    "shared_with": [],
    "with_embargo": false,
    "upload_time": "2020-09-07T14:33:37.396000",
    "upload_name": "ems_data.zip",
    "datasets": [
      "zAStTK1PQLaZ9V9krYVzUQ",
      "kpRslScITpW-5O6mlxpzMw"
    ],
    "external_id": "22047",
    "last_edit": "2020-09-07T14:45:09.330000",
    "formula": "Ge",
    "atoms": [
      "Ge"
    ],
    "n_atoms": 1,
    "ems": {
      "chemical": "Ge",
      "sample_constituents": "unavailable",
      "sample_microstructure": "unavailable",
      "experiment_summary": "None",
      "origin_time": "2016-11-25T15:37:07",
      "method": "electron energy loss spectroscopy",
      "data_type": "spectrum",
      "probing_method": "unavailable",
      "repository_name": "Electron Energy Loss Spectroscopy (EELS) database",
      "repository_url": "https://eelsdb.eu",
      "entry_repository_url": "https://eelsdb.eu/spectra/ge/",
      "preview_url": "None",
      "quantities": [
        "section_method",
        "method_abbreviation",
        "repository_url",
        "raw_metadata",
        "Experiment",
        "entry_repository_url",
        "experiment_publish_time",
        "atom_labels",
        "method_name",
        "section_sample",
        "chemical_name",
        "section_material",
        "data_type",
        "section_data",
        "chemical_formula",
        "repository_name"
      ],
      "group_hash": "HVe4x5t6akudbUe7GIq97MhQECNY"
    }
  }
}