{
  "processing_logs": [
    {
      "event": "received process function call",
      "task": "None",
      "proc": "Calc",
      "process": "re_process_calc",
      "tasks_status": "PENDING",
      "logger": "nomad.processing",
      "timestamp": "2020-09-24 22:03.06",
      "level": "DEBUG"
    },
    {
      "event": "started process",
      "task": "parsing",
      "proc": "Calc",
      "process": "re_process_calc",
      "tasks_status": "RUNNING",
      "logger": "nomad.processing",
      "timestamp": "2020-09-24 22:03.06",
      "level": "INFO"
    },
    {
      "exec_time": "0.004364013671875",
      "input_size": "1411",
      "event": "parser executed",
      "task": "parsing",
      "proc": "Calc",
      "process": "re_process_calc",
      "tasks_status": "RUNNING",
      "parser": "parsers/eels",
      "step": "parsers/eels",
      "logger": "nomad.processing",
      "timestamp": "2020-09-24 22:03.06",
      "level": "INFO"
    },
    {
      "event": "successfully completed task",
      "task": "normalizing",
      "proc": "Calc",
      "process": "re_process_calc",
      "tasks_status": "RUNNING",
      "logger": "nomad.processing",
      "timestamp": "2020-09-24 22:03.06",
      "level": "INFO"
    },
    {
      "event": "successfully completed task",
      "task": "archiving",
      "proc": "Calc",
      "process": "re_process_calc",
      "tasks_status": "RUNNING",
      "logger": "nomad.processing",
      "timestamp": "2020-09-24 22:03.06",
      "level": "INFO"
    },
    {
      "exec_time": "0.006887912750244141",
      "step": "metadata",
      "event": "saved calc metadata",
      "task": "archiving",
      "proc": "Calc",
      "process": "re_process_calc",
      "tasks_status": "RUNNING",
      "logger": "nomad.processing",
      "timestamp": "2020-09-24 22:03.06",
      "level": "INFO"
    },
    {
      "exec_time": "0.32090163230895996",
      "step": "index",
      "event": "indexed",
      "task": "archiving",
      "proc": "Calc",
      "process": "re_process_calc",
      "tasks_status": "RUNNING",
      "logger": "nomad.processing",
      "timestamp": "2020-09-24 22:03.07",
      "level": "INFO"
    }
  ],
  "section_experiment": {
    "experiment_publish_time": "2005-04-20T00:00:00",
    "raw_metadata": {
      "id": 21544,
      "title": "Diamond",
      "permalink": "https://eelsdb.eu/spectra/diamond-4/",
      "author": {
        "name": "Michel Jaouen",
        "profile_url": "https://eelsdb.eu/author/michel-jaouen/",
        "profile_api_url": "https://api.eelsdb.eu/author/michel-jaouen/"
      },
      "published": "2005-04-20 00:00:00",
      "description": "Pre-edge substracted Analyst: M. Jaouen, G. Tourillon. Temperature: 300. BEAM/Crystal: none. ",
      "comment_count": 0,
      "api_permalink": "https://api.eelsdb.eu/spectra/diamond-4/",
      "keywords": [
        "imported from old site"
      ],
      "download_link": "https://eelsdb.eu/wp-content/uploads/2015/09/Dspec.514335.1.msa",
      "type": "X Ray Abs",
      "formula": "C",
      "elements": [
        "C"
      ],
      "microscope": "Super-ACO (LURE)",
      "max_energy": "379.69 eV",
      "min_energy": "277.8 eV",
      "source_purity": "CVD grown Diamond - Purity : 100% C",
      "edges": [
        "C_K"
      ],
      "guntype": "ABS3 (SA22)",
      "beamenergy": "800 kV",
      "stepSize": "0.1 eV/pixel",
      "acquisition_mode": "XAS Electron yield",
      "beamcurrent": "180",
      "detector": "TGM (1200 lines mm-1 grating)",
      "darkcurrent": "No",
      "reference": {
        "freetext": "M. Jaouen, G. Tourillon, J. Delafond, N. Junqua, G. Hug, Diamond & Related Materials Vol.4 200-206 (1995)"
      },
      "other_links": [
        {
          "url": "http://pc-web.cemes.fr/eelsdb/index.php?page=displayspec.php&id=20",
          "title": "Old EELS DB"
        }
      ]
    },
    "section_data": {
      "repository_name": "Electron Energy Loss Spectroscopy (EELS) database",
      "repository_url": "https://eelsdb.eu",
      "entry_repository_url": "https://eelsdb.eu/spectra/diamond-4/"
    },
    "section_method": {
      "data_type": "spectrum",
      "method_name": "electron energy loss spectroscopy",
      "method_abbreviation": "EELS"
    },
    "section_sample": {
      "section_material": {
        "chemical_formula": "C",
        "chemical_name": "Diamond",
        "atom_labels": [
          "C"
        ]
      }
    }
  },
  "section_metadata": {
    "upload_id": "hSOY_Y0iQjqvoiH-Hu-0xg",
    "calc_id": "V-vI520CxruLp6-EgbbUu2eNYyVn",
    "calc_hash": "rdlOPRwHtQj8njwazH3CQWlcQjgf",
    "mainfile": "ems_data/eelsdb/spectra/diamond-4/metadata.json",
    "files": [
      "ems_data/eelsdb/spectra/diamond-4/metadata.json",
      "ems_data/eelsdb/spectra/diamond-4/data.msa"
    ],
    "domain": "ems",
    "published": true,
    "processed": true,
    "last_processing": "2020-09-24T22:03:06.882610",
    "nomad_version": "1.0.0",
    "nomad_commit": "4d71fee0",
    "parser_name": "parsers/eels",
    "comment": "Pre-edge substracted Analyst: M. Jaouen, G. Tourillon. Temperature: 300. BEAM/Crystal: none. ",
    "references": [
      "https://eelsdb.eu/spectra/diamond-4/",
      "https://api.eelsdb.eu/spectra/diamond-4/",
      "https://eelsdb.eu/wp-content/uploads/2015/09/Dspec.514335.1.msa",
      "M. Jaouen, G. Tourillon, J. Delafond, N. Junqua, G. Hug, Diamond & Related Materials Vol.4 200-206 (1995)"
    ],
    "external_db": "EELSDB",
    "uploader": "05375d3f-87e5-4266-9ec8-e80bfe2a739d",
    "coauthors": [
      {
        "first_name": "Michel",
        "last_name": "Jaouen"
      }
    ],
    "shared_with": [],
    "with_embargo": false,
    "upload_time": "2020-09-07T14:33:37.396000",
    "upload_name": "ems_data.zip",
    "datasets": [
      "zAStTK1PQLaZ9V9krYVzUQ",
      "kpRslScITpW-5O6mlxpzMw"
    ],
    "external_id": "21544",
    "last_edit": "2020-09-07T14:45:09.330000",
    "formula": "C",
    "atoms": [
      "C"
    ],
    "n_atoms": 1,
    "ems": {
      "chemical": "Diamond",
      "sample_constituents": "unavailable",
      "sample_microstructure": "unavailable",
      "experiment_summary": "None",
      "origin_time": "2005-04-20T00:00:00",
      "method": "electron energy loss spectroscopy",
      "data_type": "spectrum",
      "probing_method": "unavailable",
      "repository_name": "Electron Energy Loss Spectroscopy (EELS) database",
      "repository_url": "https://eelsdb.eu",
      "entry_repository_url": "https://eelsdb.eu/spectra/diamond-4/",
      "preview_url": "None",
      "quantities": [
        "section_method",
        "method_abbreviation",
        "repository_url",
        "raw_metadata",
        "Experiment",
        "entry_repository_url",
        "experiment_publish_time",
        "atom_labels",
        "method_name",
        "section_sample",
        "chemical_name",
        "section_material",
        "data_type",
        "section_data",
        "chemical_formula",
        "repository_name"
      ],
      "group_hash": "1zEW1VkhuVY1CvlgvnMeRW5n3DQH"
    }
  }
}