{
  "processing_logs": [
    {
      "event": "received process function call",
      "task": "None",
      "proc": "Calc",
      "process": "re_process_calc",
      "tasks_status": "PENDING",
      "logger": "nomad.processing",
      "timestamp": "2020-09-24 22:03.06",
      "level": "DEBUG"
    },
    {
      "event": "started process",
      "task": "parsing",
      "proc": "Calc",
      "process": "re_process_calc",
      "tasks_status": "RUNNING",
      "logger": "nomad.processing",
      "timestamp": "2020-09-24 22:03.06",
      "level": "INFO"
    },
    {
      "exec_time": "0.0012068748474121094",
      "input_size": "1640",
      "event": "parser executed",
      "task": "parsing",
      "proc": "Calc",
      "process": "re_process_calc",
      "tasks_status": "RUNNING",
      "parser": "parsers/eels",
      "step": "parsers/eels",
      "logger": "nomad.processing",
      "timestamp": "2020-09-24 22:03.06",
      "level": "INFO"
    },
    {
      "event": "successfully completed task",
      "task": "normalizing",
      "proc": "Calc",
      "process": "re_process_calc",
      "tasks_status": "RUNNING",
      "logger": "nomad.processing",
      "timestamp": "2020-09-24 22:03.06",
      "level": "INFO"
    },
    {
      "event": "successfully completed task",
      "task": "archiving",
      "proc": "Calc",
      "process": "re_process_calc",
      "tasks_status": "RUNNING",
      "logger": "nomad.processing",
      "timestamp": "2020-09-24 22:03.06",
      "level": "INFO"
    },
    {
      "exec_time": "0.0017676353454589844",
      "step": "metadata",
      "event": "saved calc metadata",
      "task": "archiving",
      "proc": "Calc",
      "process": "re_process_calc",
      "tasks_status": "RUNNING",
      "logger": "nomad.processing",
      "timestamp": "2020-09-24 22:03.06",
      "level": "INFO"
    },
    {
      "exec_time": "0.016405820846557617",
      "step": "index",
      "event": "indexed",
      "task": "archiving",
      "proc": "Calc",
      "process": "re_process_calc",
      "tasks_status": "RUNNING",
      "logger": "nomad.processing",
      "timestamp": "2020-09-24 22:03.06",
      "level": "INFO"
    }
  ],
  "section_experiment": {
    "experiment_publish_time": "2008-02-25T00:00:00",
    "raw_metadata": {
      "id": 21735,
      "title": "Boron Nitride triple wall nanotube",
      "permalink": "https://eelsdb.eu/spectra/boron-nitride-triple-wall-nanotube/",
      "author": {
        "name": "Odile Stephan",
        "profile_url": "https://eelsdb.eu/author/stephan/",
        "profile_api_url": "https://api.eelsdb.eu/author/stephan/"
      },
      "published": "2008-02-25 00:00:00",
      "description": "Lucy-Richardson deconvoluted (5 iterations, zero loss subtracted)\r\n1 nm tube in diameter - similar data has been acquired for a single wall\r\nThe beam is intersecting the tube. Analyst: Odile Stephan, Raul Arenal de la Concha. Temperature: Room. ",
      "comment_count": 0,
      "api_permalink": "https://api.eelsdb.eu/spectra/boron-nitride-triple-wall-nanotube/",
      "keywords": [
        "imported from old site"
      ],
      "download_link": "https://eelsdb.eu/wp-content/uploads/2015/09/Dspec3krXAW_converted.msa",
      "type": "Low Loss",
      "formula": "BN",
      "elements": [
        "B",
        "N"
      ],
      "microscope": "STEM-VG",
      "max_energy": "30 eV",
      "min_energy": "4.01 eV",
      "guntype": "Cold FEG",
      "beamenergy": "100 kV",
      "resolution": "0.2 eV",
      "stepSize": "0.048 eV/pixel",
      "acquisition_mode": "STEM",
      "convergence": "7.5 mrad",
      "collection": "6 mrad",
      "probesize": "1 nm^2",
      "integratetime": "0.004 secs",
      "readouts": "100",
      "detector": "Parallel: 666 Gatan",
      "darkcurrent": "Yes",
      "gainvariation": "No",
      "reference": {
        "freetext": "R. Arenal,O. Stephan, M. Kociak et al.,PRL, 95, 127601,2005"
      },
      "other_links": [
        {
          "url": "http://pc-web.cemes.fr/eelsdb/index.php?page=displayspec.php&id=225",
          "title": "Old EELS DB"
        }
      ]
    },
    "section_data": {
      "repository_name": "Electron Energy Loss Spectroscopy (EELS) database",
      "repository_url": "https://eelsdb.eu",
      "entry_repository_url": "https://eelsdb.eu/spectra/boron-nitride-triple-wall-nanotube/"
    },
    "section_method": {
      "data_type": "spectrum",
      "method_name": "electron energy loss spectroscopy",
      "method_abbreviation": "EELS"
    },
    "section_sample": {
      "section_material": {
        "chemical_formula": "BN",
        "chemical_name": "Boron Nitride triple wall nanotube",
        "atom_labels": [
          "B",
          "N"
        ]
      }
    }
  },
  "section_metadata": {
    "upload_id": "hSOY_Y0iQjqvoiH-Hu-0xg",
    "calc_id": "veWMFf1NrqoMc-UOhEO8Yu1KeOWI",
    "calc_hash": "ThV2wF1OZi5ZKjarNUvRvepVQpRE",
    "mainfile": "ems_data/eelsdb/spectra/boron-nitride-triple-wall-nanotube/metadata.json",
    "files": [
      "ems_data/eelsdb/spectra/boron-nitride-triple-wall-nanotube/metadata.json",
      "ems_data/eelsdb/spectra/boron-nitride-triple-wall-nanotube/data.msa"
    ],
    "domain": "ems",
    "published": true,
    "processed": true,
    "last_processing": "2020-09-24T22:03:06.170131",
    "nomad_version": "1.0.0",
    "nomad_commit": "4d71fee0",
    "parser_name": "parsers/eels",
    "comment": "Lucy-Richardson deconvoluted (5 iterations, zero loss subtracted)\r\n1 nm tube in diameter - similar data has been acquired for a single wall\r\nThe beam is intersecting the tube. Analyst: Odile Stephan, Raul Arenal de la Concha. Temperature: Room. ",
    "references": [
      "https://eelsdb.eu/spectra/boron-nitride-triple-wall-nanotube/",
      "https://api.eelsdb.eu/spectra/boron-nitride-triple-wall-nanotube/",
      "https://eelsdb.eu/wp-content/uploads/2015/09/Dspec3krXAW_converted.msa",
      "R. Arenal,O. Stephan, M. Kociak et al.,PRL, 95, 127601,2005"
    ],
    "external_db": "EELSDB",
    "uploader": "05375d3f-87e5-4266-9ec8-e80bfe2a739d",
    "coauthors": [
      {
        "first_name": "Odile",
        "last_name": "Stephan"
      }
    ],
    "shared_with": [],
    "with_embargo": false,
    "upload_time": "2020-09-07T14:33:37.396000",
    "upload_name": "ems_data.zip",
    "datasets": [
      "zAStTK1PQLaZ9V9krYVzUQ",
      "kpRslScITpW-5O6mlxpzMw"
    ],
    "external_id": "21735",
    "last_edit": "2020-09-07T14:45:09.330000",
    "formula": "BN",
    "atoms": [
      "B",
      "N"
    ],
    "n_atoms": 2,
    "ems": {
      "chemical": "Boron Nitride triple wall nanotube",
      "sample_constituents": "unavailable",
      "sample_microstructure": "unavailable",
      "experiment_summary": "None",
      "origin_time": "2008-02-25T00:00:00",
      "method": "electron energy loss spectroscopy",
      "data_type": "spectrum",
      "probing_method": "unavailable",
      "repository_name": "Electron Energy Loss Spectroscopy (EELS) database",
      "repository_url": "https://eelsdb.eu",
      "entry_repository_url": "https://eelsdb.eu/spectra/boron-nitride-triple-wall-nanotube/",
      "preview_url": "None",
      "quantities": [
        "section_method",
        "method_abbreviation",
        "repository_url",
        "raw_metadata",
        "Experiment",
        "entry_repository_url",
        "experiment_publish_time",
        "atom_labels",
        "method_name",
        "section_sample",
        "chemical_name",
        "section_material",
        "data_type",
        "section_data",
        "chemical_formula",
        "repository_name"
      ],
      "group_hash": "uf1_RQL4exRdopaidaWA3aD3Nm4I"
    }
  }
}