{
  "processing_logs": [
    {
      "event": "received process function call",
      "task": "None",
      "proc": "Calc",
      "process": "re_process_calc",
      "tasks_status": "PENDING",
      "logger": "nomad.processing",
      "timestamp": "2020-09-24 22:03.06",
      "level": "DEBUG"
    },
    {
      "event": "started process",
      "task": "parsing",
      "proc": "Calc",
      "process": "re_process_calc",
      "tasks_status": "RUNNING",
      "logger": "nomad.processing",
      "timestamp": "2020-09-24 22:03.06",
      "level": "INFO"
    },
    {
      "exec_time": "0.001432657241821289",
      "input_size": "2088",
      "event": "parser executed",
      "task": "parsing",
      "proc": "Calc",
      "process": "re_process_calc",
      "tasks_status": "RUNNING",
      "parser": "parsers/eels",
      "step": "parsers/eels",
      "logger": "nomad.processing",
      "timestamp": "2020-09-24 22:03.06",
      "level": "INFO"
    },
    {
      "event": "successfully completed task",
      "task": "normalizing",
      "proc": "Calc",
      "process": "re_process_calc",
      "tasks_status": "RUNNING",
      "logger": "nomad.processing",
      "timestamp": "2020-09-24 22:03.06",
      "level": "INFO"
    },
    {
      "event": "successfully completed task",
      "task": "archiving",
      "proc": "Calc",
      "process": "re_process_calc",
      "tasks_status": "RUNNING",
      "logger": "nomad.processing",
      "timestamp": "2020-09-24 22:03.06",
      "level": "INFO"
    },
    {
      "exec_time": "0.001943826675415039",
      "step": "metadata",
      "event": "saved calc metadata",
      "task": "archiving",
      "proc": "Calc",
      "process": "re_process_calc",
      "tasks_status": "RUNNING",
      "logger": "nomad.processing",
      "timestamp": "2020-09-24 22:03.06",
      "level": "INFO"
    },
    {
      "exec_time": "0.041153669357299805",
      "step": "index",
      "event": "indexed",
      "task": "archiving",
      "proc": "Calc",
      "process": "re_process_calc",
      "tasks_status": "RUNNING",
      "logger": "nomad.processing",
      "timestamp": "2020-09-24 22:03.06",
      "level": "INFO"
    }
  ],
  "section_experiment": {
    "experiment_publish_time": "2007-11-19T00:00:00",
    "raw_metadata": {
      "id": 21633,
      "title": "CN crystal",
      "permalink": "https://eelsdb.eu/spectra/cn-crystal/",
      "author": {
        "name": "Susana Trasobares",
        "profile_url": "https://eelsdb.eu/author/strasos/",
        "profile_api_url": "https://api.eelsdb.eu/author/strasos/"
      },
      "published": "2007-11-19 00:00:00",
      "description": "The sample was prepared as indicated in ref Q. Zhang, Z.C. Qin, J. Zhu, Philos. Mag. Lett. 80 (2000)\r\n585. The analysis was performed in different areas of the sample. A new crystalline structure of orthorhombic type with a stoichiometry close to CN was determined using EELS, HREM and electron difraction. Analyst: Susana Trasobares. Temperature: Room. ",
      "comment_count": 0,
      "api_permalink": "https://api.eelsdb.eu/spectra/cn-crystal/",
      "keywords": [
        "imported from old site"
      ],
      "download_link": "https://eelsdb.eu/wp-content/uploads/2015/09/Dspecmn1BFr.msa",
      "type": "Core Loss",
      "formula": "CN",
      "elements": [
        "C",
        "N"
      ],
      "microscope": "VG HB501",
      "max_energy": "470.34 eV",
      "min_energy": "262.42 eV",
      "source_purity": "Sample prepared by magnetron sputtering",
      "edges": [
        "C_K"
      ],
      "guntype": "Cold FEG",
      "beamenergy": "100 kV",
      "resolution": "0.7 eV",
      "monochromated": "No",
      "stepSize": "0.203 eV/pixel",
      "convergence": "15 mrad",
      "collection": "24 mrad",
      "probesize": "0.8 nm^2",
      "integratetime": "0.2 secs",
      "detector": "Parallel: 666 Gatan",
      "darkcurrent": "Yes",
      "gainvariation": "Yes",
      "reference": {
        "authors": "S Trasobares, S.P Gao, O Stéphan, A Gloter, C Colliex, J Zhu",
        "year": "2002",
        "journal": "Chemical Physics Letters",
        "title": "Isolating and identifying the ELNES signal of CN nanocrystals embedded in an amorphous matrix",
        "volume": "352",
        "issue": "1-2",
        "page": "12-19",
        "doi": "10.1016/S0009-2614(01)01429-4",
        "url": "http://dx.doi.org/10.1016/S0009-2614(01)01429-4"
      },
      "other_links": [
        {
          "url": "http://pc-web.cemes.fr/eelsdb/index.php?page=displayspec.php&id=122",
          "title": "Old EELS DB"
        }
      ]
    },
    "section_data": {
      "repository_name": "Electron Energy Loss Spectroscopy (EELS) database",
      "repository_url": "https://eelsdb.eu",
      "entry_repository_url": "https://eelsdb.eu/spectra/cn-crystal/"
    },
    "section_method": {
      "data_type": "spectrum",
      "method_name": "electron energy loss spectroscopy",
      "method_abbreviation": "EELS"
    },
    "section_sample": {
      "section_material": {
        "chemical_formula": "CN",
        "chemical_name": "CN crystal",
        "atom_labels": [
          "C",
          "N"
        ]
      }
    }
  },
  "section_metadata": {
    "upload_id": "hSOY_Y0iQjqvoiH-Hu-0xg",
    "calc_id": "ViJY89bLBWmATIPSOGVc3_ZjmSAR",
    "calc_hash": "N4iVidiUnu7iDzlE5ktZ35N9D0sf",
    "mainfile": "ems_data/eelsdb/spectra/cn-crystal/metadata.json",
    "files": [
      "ems_data/eelsdb/spectra/cn-crystal/metadata.json",
      "ems_data/eelsdb/spectra/cn-crystal/data.msa"
    ],
    "domain": "ems",
    "published": true,
    "processed": true,
    "last_processing": "2020-09-24T22:03:06.559567",
    "nomad_version": "1.0.0",
    "nomad_commit": "4d71fee0",
    "parser_name": "parsers/eels",
    "comment": "The sample was prepared as indicated in ref Q. Zhang, Z.C. Qin, J. Zhu, Philos. Mag. Lett. 80 (2000)\r\n585. The analysis was performed in different areas of the sample. A new crystalline structure of orthorhombic type with a stoichiometry close to CN was determined using EELS, HREM and electron difraction. Analyst: Susana Trasobares. Temperature: Room. ",
    "references": [
      "https://eelsdb.eu/spectra/cn-crystal/",
      "https://api.eelsdb.eu/spectra/cn-crystal/",
      "https://eelsdb.eu/wp-content/uploads/2015/09/Dspecmn1BFr.msa",
      "S Trasobares, S.P Gao, O Stéphan, A Gloter, C Colliex, J Zhu; 2002; Chemical Physics Letters; Isolating and identifying the ELNES signal of CN nanocrystals embedded in an amorphous matrix; 352; 1-2; 12-19; 10.1016/S0009-2614(01)01429-4; http://dx.doi.org/10.1016/S0009-2614(01)01429-4"
    ],
    "external_db": "EELSDB",
    "uploader": "05375d3f-87e5-4266-9ec8-e80bfe2a739d",
    "coauthors": [
      {
        "first_name": "Susana",
        "last_name": "Trasobares"
      }
    ],
    "shared_with": [],
    "with_embargo": false,
    "upload_time": "2020-09-07T14:33:37.396000",
    "upload_name": "ems_data.zip",
    "datasets": [
      "zAStTK1PQLaZ9V9krYVzUQ",
      "kpRslScITpW-5O6mlxpzMw"
    ],
    "external_id": "21633",
    "last_edit": "2020-09-07T14:45:09.330000",
    "formula": "CN",
    "atoms": [
      "C",
      "N"
    ],
    "n_atoms": 2,
    "ems": {
      "chemical": "CN crystal",
      "sample_constituents": "unavailable",
      "sample_microstructure": "unavailable",
      "experiment_summary": "None",
      "origin_time": "2007-11-19T00:00:00",
      "method": "electron energy loss spectroscopy",
      "data_type": "spectrum",
      "probing_method": "unavailable",
      "repository_name": "Electron Energy Loss Spectroscopy (EELS) database",
      "repository_url": "https://eelsdb.eu",
      "entry_repository_url": "https://eelsdb.eu/spectra/cn-crystal/",
      "preview_url": "None",
      "quantities": [
        "section_method",
        "method_abbreviation",
        "repository_url",
        "raw_metadata",
        "Experiment",
        "entry_repository_url",
        "experiment_publish_time",
        "atom_labels",
        "method_name",
        "section_sample",
        "chemical_name",
        "section_material",
        "data_type",
        "section_data",
        "chemical_formula",
        "repository_name"
      ],
      "group_hash": "sZk3IUpIEaVElCxoiEsDobbtDpKd"
    }
  }
}