{
  "processing_logs": [
    {
      "event": "received process function call",
      "task": "None",
      "proc": "Calc",
      "process": "re_process_calc",
      "tasks_status": "PENDING",
      "logger": "nomad.processing",
      "timestamp": "2020-09-24 22:03.08",
      "level": "DEBUG"
    },
    {
      "event": "started process",
      "task": "parsing",
      "proc": "Calc",
      "process": "re_process_calc",
      "tasks_status": "RUNNING",
      "logger": "nomad.processing",
      "timestamp": "2020-09-24 22:03.08",
      "level": "INFO"
    },
    {
      "exec_time": "0.0013730525970458984",
      "input_size": "1604",
      "event": "parser executed",
      "task": "parsing",
      "proc": "Calc",
      "process": "re_process_calc",
      "tasks_status": "RUNNING",
      "parser": "parsers/eels",
      "step": "parsers/eels",
      "logger": "nomad.processing",
      "timestamp": "2020-09-24 22:03.08",
      "level": "INFO"
    },
    {
      "event": "successfully completed task",
      "task": "normalizing",
      "proc": "Calc",
      "process": "re_process_calc",
      "tasks_status": "RUNNING",
      "logger": "nomad.processing",
      "timestamp": "2020-09-24 22:03.08",
      "level": "INFO"
    },
    {
      "event": "successfully completed task",
      "task": "archiving",
      "proc": "Calc",
      "process": "re_process_calc",
      "tasks_status": "RUNNING",
      "logger": "nomad.processing",
      "timestamp": "2020-09-24 22:03.08",
      "level": "INFO"
    },
    {
      "exec_time": "0.0010409355163574219",
      "step": "metadata",
      "event": "saved calc metadata",
      "task": "archiving",
      "proc": "Calc",
      "process": "re_process_calc",
      "tasks_status": "RUNNING",
      "logger": "nomad.processing",
      "timestamp": "2020-09-24 22:03.08",
      "level": "INFO"
    },
    {
      "exec_time": "0.011373281478881836",
      "step": "index",
      "event": "indexed",
      "task": "archiving",
      "proc": "Calc",
      "process": "re_process_calc",
      "tasks_status": "RUNNING",
      "logger": "nomad.processing",
      "timestamp": "2020-09-24 22:03.08",
      "level": "INFO"
    }
  ],
  "section_experiment": {
    "experiment_publish_time": "2007-11-28T00:00:00",
    "raw_metadata": {
      "id": 21585,
      "title": "Silicon nitride alpha",
      "permalink": "https://eelsdb.eu/spectra/silicon-nitride-alpha-3/",
      "author": {
        "name": "Sylvie Schamm",
        "profile_url": "https://eelsdb.eu/author/schamm/",
        "profile_api_url": "https://api.eelsdb.eu/author/schamm/"
      },
      "published": "2007-11-28 00:00:00",
      "description": "biblio cited in \"Reference\" for purpose calibration  Dispersion not 0.09 eV/ch but 0.1 eV/ch Analyst: S.Schamm. Temperature: Room. ",
      "comment_count": 0,
      "api_permalink": "https://api.eelsdb.eu/spectra/silicon-nitride-alpha-3/",
      "keywords": [
        "imported from old site"
      ],
      "download_link": "https://eelsdb.eu/wp-content/uploads/2015/09/Dspec.49088.1.msa",
      "type": "Core Loss",
      "formula": "Si3N4 (alpha)",
      "elements": [
        "Si",
        "N"
      ],
      "microscope": "CM30",
      "max_energy": "101.87 eV",
      "source_purity": "CVD",
      "edges": [
        "Si_L2,3"
      ],
      "guntype": "LaB6",
      "beamenergy": "100 kV",
      "resolution": "1.1 eV",
      "stepSize": "0.1 eV/pixel",
      "acquisition_mode": "Diffraction",
      "convergence": "8.4 mrad",
      "collection": "10 mrad",
      "probesize": "80 nm^2",
      "beamcurrent": "1.6",
      "integratetime": "0.18 secs",
      "readouts": "20",
      "detector": "Parallel: 666 Gatan",
      "darkcurrent": "No",
      "gainvariation": "No",
      "thickness": "0.4 t/&lambda;",
      "reference": {
        "freetext": "P.E. Batson, K.L. Kavanagh, C.Y. Wong, J.M. Woodall Ultramicroscopy 22(1987) 89-102"
      },
      "other_links": [
        {
          "url": "http://pc-web.cemes.fr/eelsdb/index.php?page=displayspec.php&id=61",
          "title": "Old EELS DB"
        }
      ]
    },
    "section_data": {
      "repository_name": "Electron Energy Loss Spectroscopy (EELS) database",
      "repository_url": "https://eelsdb.eu",
      "entry_repository_url": "https://eelsdb.eu/spectra/silicon-nitride-alpha-3/"
    },
    "section_method": {
      "data_type": "spectrum",
      "method_name": "electron energy loss spectroscopy",
      "method_abbreviation": "EELS"
    },
    "section_sample": {
      "section_material": {
        "chemical_formula": "Si3N4 (alpha)",
        "chemical_name": "Silicon nitride alpha",
        "atom_labels": [
          "Si",
          "N"
        ]
      }
    }
  },
  "section_metadata": {
    "upload_id": "hSOY_Y0iQjqvoiH-Hu-0xg",
    "calc_id": "VMSMxPsJBc1UaVwL54sBrOKg16PQ",
    "calc_hash": "dY8CqDFuVYoUNQbh-cREnLOw-3wH",
    "mainfile": "ems_data/eelsdb/spectra/silicon-nitride-alpha-3/metadata.json",
    "files": [
      "ems_data/eelsdb/spectra/silicon-nitride-alpha-3/metadata.json",
      "ems_data/eelsdb/spectra/silicon-nitride-alpha-3/data.msa"
    ],
    "domain": "ems",
    "published": true,
    "processed": true,
    "last_processing": "2020-09-24T22:03:08.096599",
    "nomad_version": "1.0.0",
    "nomad_commit": "4d71fee0",
    "parser_name": "parsers/eels",
    "comment": "biblio cited in \"Reference\" for purpose calibration  Dispersion not 0.09 eV/ch but 0.1 eV/ch Analyst: S.Schamm. Temperature: Room. ",
    "references": [
      "https://eelsdb.eu/spectra/silicon-nitride-alpha-3/",
      "https://api.eelsdb.eu/spectra/silicon-nitride-alpha-3/",
      "https://eelsdb.eu/wp-content/uploads/2015/09/Dspec.49088.1.msa",
      "P.E. Batson, K.L. Kavanagh, C.Y. Wong, J.M. Woodall Ultramicroscopy 22(1987) 89-102"
    ],
    "external_db": "EELSDB",
    "uploader": "05375d3f-87e5-4266-9ec8-e80bfe2a739d",
    "coauthors": [
      {
        "first_name": "Sylvie",
        "last_name": "Schamm"
      }
    ],
    "shared_with": [],
    "with_embargo": false,
    "upload_time": "2020-09-07T14:33:37.396000",
    "upload_name": "ems_data.zip",
    "datasets": [
      "zAStTK1PQLaZ9V9krYVzUQ",
      "kpRslScITpW-5O6mlxpzMw"
    ],
    "external_id": "21585",
    "last_edit": "2020-09-07T14:45:09.330000",
    "formula": "Si3N4 (alpha)",
    "atoms": [
      "N",
      "Si"
    ],
    "n_atoms": 2,
    "ems": {
      "chemical": "Silicon nitride alpha",
      "sample_constituents": "unavailable",
      "sample_microstructure": "unavailable",
      "experiment_summary": "None",
      "origin_time": "2007-11-28T00:00:00",
      "method": "electron energy loss spectroscopy",
      "data_type": "spectrum",
      "probing_method": "unavailable",
      "repository_name": "Electron Energy Loss Spectroscopy (EELS) database",
      "repository_url": "https://eelsdb.eu",
      "entry_repository_url": "https://eelsdb.eu/spectra/silicon-nitride-alpha-3/",
      "preview_url": "None",
      "quantities": [
        "section_method",
        "method_abbreviation",
        "repository_url",
        "raw_metadata",
        "Experiment",
        "entry_repository_url",
        "experiment_publish_time",
        "atom_labels",
        "method_name",
        "section_sample",
        "chemical_name",
        "section_material",
        "data_type",
        "section_data",
        "chemical_formula",
        "repository_name"
      ],
      "group_hash": "zbpNSQXuoY0VRh7OLKhZk6bJEO17"
    }
  }
}