{
  "processing_logs": [
    {
      "event": "received process function call",
      "task": "None",
      "proc": "Calc",
      "process": "re_process_calc",
      "tasks_status": "PENDING",
      "logger": "nomad.processing",
      "timestamp": "2020-09-24 22:03.07",
      "level": "DEBUG"
    },
    {
      "event": "started process",
      "task": "parsing",
      "proc": "Calc",
      "process": "re_process_calc",
      "tasks_status": "RUNNING",
      "logger": "nomad.processing",
      "timestamp": "2020-09-24 22:03.07",
      "level": "INFO"
    },
    {
      "exec_time": "0.001203775405883789",
      "input_size": "2036",
      "event": "parser executed",
      "task": "parsing",
      "proc": "Calc",
      "process": "re_process_calc",
      "tasks_status": "RUNNING",
      "parser": "parsers/eels",
      "step": "parsers/eels",
      "logger": "nomad.processing",
      "timestamp": "2020-09-24 22:03.07",
      "level": "INFO"
    },
    {
      "event": "successfully completed task",
      "task": "normalizing",
      "proc": "Calc",
      "process": "re_process_calc",
      "tasks_status": "RUNNING",
      "logger": "nomad.processing",
      "timestamp": "2020-09-24 22:03.07",
      "level": "INFO"
    },
    {
      "event": "successfully completed task",
      "task": "archiving",
      "proc": "Calc",
      "process": "re_process_calc",
      "tasks_status": "RUNNING",
      "logger": "nomad.processing",
      "timestamp": "2020-09-24 22:03.07",
      "level": "INFO"
    },
    {
      "exec_time": "0.0015842914581298828",
      "step": "metadata",
      "event": "saved calc metadata",
      "task": "archiving",
      "proc": "Calc",
      "process": "re_process_calc",
      "tasks_status": "RUNNING",
      "logger": "nomad.processing",
      "timestamp": "2020-09-24 22:03.07",
      "level": "INFO"
    },
    {
      "exec_time": "0.013595104217529297",
      "step": "index",
      "event": "indexed",
      "task": "archiving",
      "proc": "Calc",
      "process": "re_process_calc",
      "tasks_status": "RUNNING",
      "logger": "nomad.processing",
      "timestamp": "2020-09-24 22:03.07",
      "level": "INFO"
    }
  ],
  "section_experiment": {
    "experiment_publish_time": "2016-08-24T16:06:20",
    "raw_metadata": {
      "id": 21995,
      "title": "Oxidized-graphenic nanoplatelets obtained from bamboo &#8211; high oxygen",
      "permalink": "https://eelsdb.eu/spectra/oxidized-graphenic-nanoplatelets-obtained-from-bamboo/",
      "author": {
        "name": "Luc Lajaunie",
        "profile_url": "https://eelsdb.eu/author/luc-lajaunie/",
        "profile_api_url": "https://api.eelsdb.eu/author/luc-lajaunie/"
      },
      "published": "2016-08-24 16:06:20",
      "description": "TCA=673 K. Cf paper for C/O and sp2 ratios.",
      "comment_count": 0,
      "api_permalink": "https://api.eelsdb.eu/spectra/oxidized-graphenic-nanoplatelets-obtained-from-bamboo/",
      "download_link": "https://eelsdb.eu/wp-content/uploads/2016/08/7-pm.msa",
      "type": "Core Loss",
      "formula": "C-O",
      "elements": [
        "C",
        "O"
      ],
      "microscope": "FEI Titan Cube",
      "max_energy": "344.55 eV",
      "min_energy": "241.79 eV",
      "edges": [
        "C_K"
      ],
      "guntype": "FEG",
      "beamenergy": "80 kV",
      "resolution": "0.6 eV",
      "monochromated": "No",
      "stepSize": "0.05 eV/pixel",
      "convergence": "4.6 mrad",
      "collection": "20 mrad",
      "probesize": "50 nm^2",
      "detector": "Gatan Tridiem",
      "darkcurrent": "Yes",
      "gainvariation": "Yes",
      "calibration": "Pi* at 285 eV",
      "deconvolutions": [
        "Fourier-ratio"
      ],
      "reference": {
        "authors": "K Gross, J J Prías Barragán, S Sangiao, J M De Teresa, L Lajaunie, R Arenal, H Ariza Calderón, P Prieto",
        "year": "2016",
        "journal": "Nanotechnology",
        "title": "Electrical conductivity of oxidized-graphenic nanoplatelets obtained from bamboo: effect of the oxygen content",
        "volume": "27",
        "issue": "36",
        "page": "365708",
        "doi": "10.1088/0957-4484/27/36/365708",
        "url": "http://dx.doi.org/10.1088/0957-4484/27/36/365708"
      },
      "associated_spectra": [
        {
          "name": "Oxidized-graphenic Nanoplatelets Obtained From Bamboo &#8211; high oxygen",
          "link": "https://eelsdb.eu/spectra/oxidized-graphenic-nanoplatelets-obtained-from-bamboo-high-oxygen/",
          "type": "Core Loss"
        }
      ]
    },
    "section_data": {
      "repository_name": "Electron Energy Loss Spectroscopy (EELS) database",
      "repository_url": "https://eelsdb.eu",
      "entry_repository_url": "https://eelsdb.eu/spectra/oxidized-graphenic-nanoplatelets-obtained-from-bamboo/"
    },
    "section_method": {
      "data_type": "spectrum",
      "method_name": "electron energy loss spectroscopy",
      "method_abbreviation": "EELS"
    },
    "section_sample": {
      "section_material": {
        "chemical_formula": "C-O",
        "chemical_name": "Oxidized-graphenic nanoplatelets obtained from bamboo &#8211; high oxygen",
        "atom_labels": [
          "C",
          "O"
        ]
      }
    }
  },
  "section_metadata": {
    "upload_id": "hSOY_Y0iQjqvoiH-Hu-0xg",
    "calc_id": "voLwCPmxmBLrxac72kaSyp79Xxn0",
    "calc_hash": "yQ8fD-dbiEm7zAH3p9c-nbBzFjCN",
    "mainfile": "ems_data/eelsdb/spectra/oxidized-graphenic-nanoplatelets-obtained-from-bamboo/metadata.json",
    "files": [
      "ems_data/eelsdb/spectra/oxidized-graphenic-nanoplatelets-obtained-from-bamboo/metadata.json",
      "ems_data/eelsdb/spectra/oxidized-graphenic-nanoplatelets-obtained-from-bamboo/data.msa"
    ],
    "domain": "ems",
    "published": true,
    "processed": true,
    "last_processing": "2020-09-24T22:03:07.870475",
    "nomad_version": "1.0.0",
    "nomad_commit": "4d71fee0",
    "parser_name": "parsers/eels",
    "comment": "TCA=673 K. Cf paper for C/O and sp2 ratios.",
    "references": [
      "https://eelsdb.eu/spectra/oxidized-graphenic-nanoplatelets-obtained-from-bamboo/",
      "https://api.eelsdb.eu/spectra/oxidized-graphenic-nanoplatelets-obtained-from-bamboo/",
      "https://eelsdb.eu/wp-content/uploads/2016/08/7-pm.msa",
      "K Gross, J J Prías Barragán, S Sangiao, J M De Teresa, L Lajaunie, R Arenal, H Ariza Calderón, P Prieto; 2016; Nanotechnology; Electrical conductivity of oxidized-graphenic nanoplatelets obtained from bamboo: effect of the oxygen content; 27; 36; 365708; 10.1088/0957-4484/27/36/365708; http://dx.doi.org/10.1088/0957-4484/27/36/365708"
    ],
    "external_db": "EELSDB",
    "uploader": "05375d3f-87e5-4266-9ec8-e80bfe2a739d",
    "coauthors": [
      {
        "first_name": "Luc",
        "last_name": "Lajaunie"
      }
    ],
    "shared_with": [],
    "with_embargo": false,
    "upload_time": "2020-09-07T14:33:37.396000",
    "upload_name": "ems_data.zip",
    "datasets": [
      "zAStTK1PQLaZ9V9krYVzUQ",
      "kpRslScITpW-5O6mlxpzMw"
    ],
    "external_id": "21995",
    "last_edit": "2020-09-07T14:45:09.330000",
    "formula": "C-O",
    "atoms": [
      "C",
      "O"
    ],
    "n_atoms": 2,
    "ems": {
      "chemical": "Oxidized-graphenic nanoplatelets obtained from bamboo &#8211; high oxygen",
      "sample_constituents": "unavailable",
      "sample_microstructure": "unavailable",
      "experiment_summary": "None",
      "origin_time": "2016-08-24T16:06:20",
      "method": "electron energy loss spectroscopy",
      "data_type": "spectrum",
      "probing_method": "unavailable",
      "repository_name": "Electron Energy Loss Spectroscopy (EELS) database",
      "repository_url": "https://eelsdb.eu",
      "entry_repository_url": "https://eelsdb.eu/spectra/oxidized-graphenic-nanoplatelets-obtained-from-bamboo/",
      "preview_url": "None",
      "quantities": [
        "section_method",
        "method_abbreviation",
        "repository_url",
        "raw_metadata",
        "Experiment",
        "entry_repository_url",
        "experiment_publish_time",
        "atom_labels",
        "method_name",
        "section_sample",
        "chemical_name",
        "section_material",
        "data_type",
        "section_data",
        "chemical_formula",
        "repository_name"
      ],
      "group_hash": "JnSjHh1bhjFX1UvbIoJ_S9Yl2zQP"
    }
  }
}