{
  "processing_logs": [
    {
      "event": "received process function call",
      "task": "None",
      "proc": "Calc",
      "process": "re_process_calc",
      "tasks_status": "PENDING",
      "logger": "nomad.processing",
      "timestamp": "2020-09-24 22:03.08",
      "level": "DEBUG"
    },
    {
      "event": "started process",
      "task": "parsing",
      "proc": "Calc",
      "process": "re_process_calc",
      "tasks_status": "RUNNING",
      "logger": "nomad.processing",
      "timestamp": "2020-09-24 22:03.08",
      "level": "INFO"
    },
    {
      "exec_time": "0.001409769058227539",
      "input_size": "1857",
      "event": "parser executed",
      "task": "parsing",
      "proc": "Calc",
      "process": "re_process_calc",
      "tasks_status": "RUNNING",
      "parser": "parsers/eels",
      "step": "parsers/eels",
      "logger": "nomad.processing",
      "timestamp": "2020-09-24 22:03.08",
      "level": "INFO"
    },
    {
      "event": "successfully completed task",
      "task": "normalizing",
      "proc": "Calc",
      "process": "re_process_calc",
      "tasks_status": "RUNNING",
      "logger": "nomad.processing",
      "timestamp": "2020-09-24 22:03.08",
      "level": "INFO"
    },
    {
      "event": "successfully completed task",
      "task": "archiving",
      "proc": "Calc",
      "process": "re_process_calc",
      "tasks_status": "RUNNING",
      "logger": "nomad.processing",
      "timestamp": "2020-09-24 22:03.08",
      "level": "INFO"
    },
    {
      "exec_time": "0.002037525177001953",
      "step": "metadata",
      "event": "saved calc metadata",
      "task": "archiving",
      "proc": "Calc",
      "process": "re_process_calc",
      "tasks_status": "RUNNING",
      "logger": "nomad.processing",
      "timestamp": "2020-09-24 22:03.08",
      "level": "INFO"
    },
    {
      "exec_time": "0.014944314956665039",
      "step": "index",
      "event": "indexed",
      "task": "archiving",
      "proc": "Calc",
      "process": "re_process_calc",
      "tasks_status": "RUNNING",
      "logger": "nomad.processing",
      "timestamp": "2020-09-24 22:03.08",
      "level": "INFO"
    }
  ],
  "section_experiment": {
    "experiment_publish_time": "2007-11-12T00:00:00",
    "raw_metadata": {
      "id": 21615,
      "title": "Titanium Dioxide",
      "permalink": "https://eelsdb.eu/spectra/titanium-dioxide-2/",
      "author": {
        "name": "Giovanni Bertoni",
        "profile_url": "https://eelsdb.eu/author/giovanni-bertoni/",
        "profile_api_url": "https://api.eelsdb.eu/author/giovanni-bertoni/"
      },
      "published": "2007-11-12 00:00:00",
      "description": "polycrystalline sample Analyst: Giovanni Bertoni. Temperature: Room. ",
      "comment_count": 0,
      "api_permalink": "https://api.eelsdb.eu/spectra/titanium-dioxide-2/",
      "keywords": [
        "imported from old site"
      ],
      "download_link": "https://eelsdb.eu/wp-content/uploads/2015/09/DspecbsF3Mw.msa",
      "type": "Low Loss",
      "formula": "TiO2 (anatase)",
      "elements": [
        "Ti",
        "O"
      ],
      "microscope": "CM30",
      "max_energy": "36.15 eV",
      "min_energy": "-15 eV",
      "source_purity": "Aldridh powder",
      "guntype": "feg Schottky",
      "beamenergy": "300 kV",
      "resolution": "0.7 eV",
      "stepSize": "0.05 eV/pixel",
      "acquisition_mode": "Diffraction",
      "convergence": "1.82 mrad",
      "collection": "0.81 mrad",
      "integratetime": "0.1 secs",
      "readouts": "10",
      "detector": "Parallel: GIF200",
      "darkcurrent": "Yes",
      "gainvariation": "Yes",
      "thickness": "0.257 t/&lambda;",
      "reference": {
        "freetext": "G. Bertoni, E. Beyers, J. Verbeeck, M. Mertens, P. Cool, E. F. Vansant, G. Van Tendeloo, Ultramicroscopy, 106, 630-635, 2006."
      },
      "associated_spectra": [
        {
          "name": "Titanium Dioxide",
          "link": "https://eelsdb.eu/spectra/titanium-dioxide-3/",
          "type": "Core Loss"
        },
        {
          "name": "Titanium Dioxide",
          "link": "https://eelsdb.eu/spectra/titanium-dioxide-4/",
          "type": "Core Loss"
        }
      ],
      "other_links": [
        {
          "url": "http://pc-web.cemes.fr/eelsdb/index.php?page=displayspec.php&id=101",
          "title": "Old EELS DB"
        }
      ]
    },
    "section_data": {
      "repository_name": "Electron Energy Loss Spectroscopy (EELS) database",
      "repository_url": "https://eelsdb.eu",
      "entry_repository_url": "https://eelsdb.eu/spectra/titanium-dioxide-2/"
    },
    "section_method": {
      "data_type": "spectrum",
      "method_name": "electron energy loss spectroscopy",
      "method_abbreviation": "EELS"
    },
    "section_sample": {
      "section_material": {
        "chemical_formula": "TiO2 (anatase)",
        "chemical_name": "Titanium Dioxide",
        "atom_labels": [
          "Ti",
          "O"
        ]
      }
    }
  },
  "section_metadata": {
    "upload_id": "hSOY_Y0iQjqvoiH-Hu-0xg",
    "calc_id": "WJn5pp8DhuZVDiaOEDvfQqvgBsCs",
    "calc_hash": "nOCc7eGVbjaClnjxXg2LZmz_VtW-",
    "mainfile": "ems_data/eelsdb/spectra/titanium-dioxide-2/metadata.json",
    "files": [
      "ems_data/eelsdb/spectra/titanium-dioxide-2/metadata.json",
      "ems_data/eelsdb/spectra/titanium-dioxide-2/data.msa"
    ],
    "domain": "ems",
    "published": true,
    "processed": true,
    "last_processing": "2020-09-24T22:03:08.308156",
    "nomad_version": "1.0.0",
    "nomad_commit": "4d71fee0",
    "parser_name": "parsers/eels",
    "comment": "polycrystalline sample Analyst: Giovanni Bertoni. Temperature: Room. ",
    "references": [
      "https://eelsdb.eu/spectra/titanium-dioxide-2/",
      "https://api.eelsdb.eu/spectra/titanium-dioxide-2/",
      "https://eelsdb.eu/wp-content/uploads/2015/09/DspecbsF3Mw.msa",
      "G. Bertoni, E. Beyers, J. Verbeeck, M. Mertens, P. Cool, E. F. Vansant, G. Van Tendeloo, Ultramicroscopy, 106, 630-635, 2006."
    ],
    "external_db": "EELSDB",
    "uploader": "05375d3f-87e5-4266-9ec8-e80bfe2a739d",
    "coauthors": [
      {
        "first_name": "Giovanni",
        "last_name": "Bertoni"
      }
    ],
    "shared_with": [],
    "with_embargo": false,
    "upload_time": "2020-09-07T14:33:37.396000",
    "upload_name": "ems_data.zip",
    "datasets": [
      "zAStTK1PQLaZ9V9krYVzUQ",
      "kpRslScITpW-5O6mlxpzMw"
    ],
    "external_id": "21615",
    "last_edit": "2020-09-07T14:45:09.330000",
    "formula": "TiO2 (anatase)",
    "atoms": [
      "O",
      "Ti"
    ],
    "n_atoms": 2,
    "ems": {
      "chemical": "Titanium Dioxide",
      "sample_constituents": "unavailable",
      "sample_microstructure": "unavailable",
      "experiment_summary": "None",
      "origin_time": "2007-11-12T00:00:00",
      "method": "electron energy loss spectroscopy",
      "data_type": "spectrum",
      "probing_method": "unavailable",
      "repository_name": "Electron Energy Loss Spectroscopy (EELS) database",
      "repository_url": "https://eelsdb.eu",
      "entry_repository_url": "https://eelsdb.eu/spectra/titanium-dioxide-2/",
      "preview_url": "None",
      "quantities": [
        "section_method",
        "method_abbreviation",
        "repository_url",
        "raw_metadata",
        "Experiment",
        "entry_repository_url",
        "experiment_publish_time",
        "atom_labels",
        "method_name",
        "section_sample",
        "chemical_name",
        "section_material",
        "data_type",
        "section_data",
        "chemical_formula",
        "repository_name"
      ],
      "group_hash": "ChQLzSo3GqIny_1y2C4uBy07bNfS"
    }
  }
}