{
  "processing_logs": [
    {
      "event": "received process function call",
      "task": "None",
      "proc": "Calc",
      "process": "re_process_calc",
      "tasks_status": "PENDING",
      "logger": "nomad.processing",
      "timestamp": "2020-09-24 22:03.08",
      "level": "DEBUG"
    },
    {
      "event": "started process",
      "task": "parsing",
      "proc": "Calc",
      "process": "re_process_calc",
      "tasks_status": "RUNNING",
      "logger": "nomad.processing",
      "timestamp": "2020-09-24 22:03.08",
      "level": "INFO"
    },
    {
      "exec_time": "0.0008656978607177734",
      "input_size": "1956",
      "event": "parser executed",
      "task": "parsing",
      "proc": "Calc",
      "process": "re_process_calc",
      "tasks_status": "RUNNING",
      "parser": "parsers/eels",
      "step": "parsers/eels",
      "logger": "nomad.processing",
      "timestamp": "2020-09-24 22:03.08",
      "level": "INFO"
    },
    {
      "event": "successfully completed task",
      "task": "normalizing",
      "proc": "Calc",
      "process": "re_process_calc",
      "tasks_status": "RUNNING",
      "logger": "nomad.processing",
      "timestamp": "2020-09-24 22:03.08",
      "level": "INFO"
    },
    {
      "event": "successfully completed task",
      "task": "archiving",
      "proc": "Calc",
      "process": "re_process_calc",
      "tasks_status": "RUNNING",
      "logger": "nomad.processing",
      "timestamp": "2020-09-24 22:03.08",
      "level": "INFO"
    },
    {
      "exec_time": "0.0021483898162841797",
      "step": "metadata",
      "event": "saved calc metadata",
      "task": "archiving",
      "proc": "Calc",
      "process": "re_process_calc",
      "tasks_status": "RUNNING",
      "logger": "nomad.processing",
      "timestamp": "2020-09-24 22:03.08",
      "level": "INFO"
    },
    {
      "exec_time": "0.031078338623046875",
      "step": "index",
      "event": "indexed",
      "task": "archiving",
      "proc": "Calc",
      "process": "re_process_calc",
      "tasks_status": "RUNNING",
      "logger": "nomad.processing",
      "timestamp": "2020-09-24 22:03.08",
      "level": "INFO"
    }
  ],
  "section_experiment": {
    "experiment_publish_time": "2007-11-12T00:00:00",
    "raw_metadata": {
      "id": 21612,
      "title": "Strontium Titanate",
      "permalink": "https://eelsdb.eu/spectra/strontium-titanate/",
      "author": {
        "name": "Giovanni Bertoni",
        "profile_url": "https://eelsdb.eu/author/giovanni-bertoni/",
        "profile_api_url": "https://api.eelsdb.eu/author/giovanni-bertoni/"
      },
      "published": "2007-11-12 00:00:00",
      "description": " Analyst: Giovanni Bertoni. Temperature: Room. BEAM/Crystal: 2 degrees out of [100]. ",
      "comment_count": 0,
      "api_permalink": "https://api.eelsdb.eu/spectra/strontium-titanate/",
      "keywords": [
        "imported from old site"
      ],
      "download_link": "https://eelsdb.eu/wp-content/uploads/2015/09/Dspecr1Tl5s.msa",
      "type": "Low Loss",
      "formula": "SrTiO3",
      "elements": [
        "Sr",
        "Ti",
        "O"
      ],
      "microscope": "JEOL 3000F",
      "max_energy": "270.9 eV",
      "min_energy": "-36 eV",
      "source_purity": "single crystal",
      "guntype": "feg Schottky",
      "beamenergy": "300 kV",
      "resolution": "1.2 eV",
      "monochromated": "No",
      "stepSize": "0.3 eV/pixel",
      "convergence": "0.2 mrad",
      "collection": "6.8 mrad",
      "integratetime": "0.1 secs",
      "readouts": "100",
      "detector": "Parallel: GIF2000",
      "darkcurrent": "Yes",
      "gainvariation": "Yes",
      "thickness": "0.544 t/&lambda;",
      "reference": {
        "authors": "J. Verbeeck, G. Bertoni",
        "year": "2008",
        "journal": "Ultramicroscopy",
        "title": "Model-based quantification of EELS spectra: Treating the effect of correlated noise",
        "volume": "108",
        "issue": "2",
        "page": "74-83",
        "doi": "10.1016/j.ultramic.2007.03.004",
        "url": "http://dx.doi.org/10.1016/j.ultramic.2007.03.004"
      },
      "associated_spectra": [
        {
          "name": "Strontium Titanate",
          "link": "https://eelsdb.eu/spectra/strontium-titanate-2/",
          "type": "Core Loss"
        }
      ],
      "other_links": [
        {
          "url": "http://pc-web.cemes.fr/eelsdb/index.php?page=displayspec.php&id=98",
          "title": "Old EELS DB"
        }
      ]
    },
    "section_data": {
      "repository_name": "Electron Energy Loss Spectroscopy (EELS) database",
      "repository_url": "https://eelsdb.eu",
      "entry_repository_url": "https://eelsdb.eu/spectra/strontium-titanate/"
    },
    "section_method": {
      "data_type": "spectrum",
      "method_name": "electron energy loss spectroscopy",
      "method_abbreviation": "EELS"
    },
    "section_sample": {
      "section_material": {
        "chemical_formula": "SrTiO3",
        "chemical_name": "Strontium Titanate",
        "atom_labels": [
          "Sr",
          "Ti",
          "O"
        ]
      }
    }
  },
  "section_metadata": {
    "upload_id": "hSOY_Y0iQjqvoiH-Hu-0xg",
    "calc_id": "WuormF3Uei3yYlwnbKwvYr-py1ux",
    "calc_hash": "4-n7dCo_GzXGjDRD9hv5qh381Ur-",
    "mainfile": "ems_data/eelsdb/spectra/strontium-titanate/metadata.json",
    "files": [
      "ems_data/eelsdb/spectra/strontium-titanate/metadata.json",
      "ems_data/eelsdb/spectra/strontium-titanate/data.msa"
    ],
    "domain": "ems",
    "published": true,
    "processed": true,
    "last_processing": "2020-09-24T22:03:08.243619",
    "nomad_version": "1.0.0",
    "nomad_commit": "4d71fee0",
    "parser_name": "parsers/eels",
    "comment": " Analyst: Giovanni Bertoni. Temperature: Room. BEAM/Crystal: 2 degrees out of [100]. ",
    "references": [
      "https://eelsdb.eu/spectra/strontium-titanate/",
      "https://api.eelsdb.eu/spectra/strontium-titanate/",
      "https://eelsdb.eu/wp-content/uploads/2015/09/Dspecr1Tl5s.msa",
      "J. Verbeeck, G. Bertoni; 2008; Ultramicroscopy; Model-based quantification of EELS spectra: Treating the effect of correlated noise; 108; 2; 74-83; 10.1016/j.ultramic.2007.03.004; http://dx.doi.org/10.1016/j.ultramic.2007.03.004"
    ],
    "external_db": "EELSDB",
    "uploader": "05375d3f-87e5-4266-9ec8-e80bfe2a739d",
    "coauthors": [
      {
        "first_name": "Giovanni",
        "last_name": "Bertoni"
      }
    ],
    "shared_with": [],
    "with_embargo": false,
    "upload_time": "2020-09-07T14:33:37.396000",
    "upload_name": "ems_data.zip",
    "datasets": [
      "zAStTK1PQLaZ9V9krYVzUQ",
      "kpRslScITpW-5O6mlxpzMw"
    ],
    "external_id": "21612",
    "last_edit": "2020-09-07T14:45:09.330000",
    "formula": "SrTiO3",
    "atoms": [
      "O",
      "Sr",
      "Ti"
    ],
    "n_atoms": 3,
    "ems": {
      "chemical": "Strontium Titanate",
      "sample_constituents": "unavailable",
      "sample_microstructure": "unavailable",
      "experiment_summary": "None",
      "origin_time": "2007-11-12T00:00:00",
      "method": "electron energy loss spectroscopy",
      "data_type": "spectrum",
      "probing_method": "unavailable",
      "repository_name": "Electron Energy Loss Spectroscopy (EELS) database",
      "repository_url": "https://eelsdb.eu",
      "entry_repository_url": "https://eelsdb.eu/spectra/strontium-titanate/",
      "preview_url": "None",
      "quantities": [
        "section_method",
        "method_abbreviation",
        "repository_url",
        "raw_metadata",
        "Experiment",
        "entry_repository_url",
        "experiment_publish_time",
        "atom_labels",
        "method_name",
        "section_sample",
        "chemical_name",
        "section_material",
        "data_type",
        "section_data",
        "chemical_formula",
        "repository_name"
      ],
      "group_hash": "Jnyk2ljN4ibUMB6QCUf2XyHDuQP3"
    }
  }
}