{
  "processing_logs": [
    {
      "event": "received process function call",
      "task": "None",
      "proc": "Calc",
      "process": "re_process_calc",
      "tasks_status": "PENDING",
      "logger": "nomad.processing",
      "timestamp": "2020-09-24 22:03.07",
      "level": "DEBUG"
    },
    {
      "event": "started process",
      "task": "parsing",
      "proc": "Calc",
      "process": "re_process_calc",
      "tasks_status": "RUNNING",
      "logger": "nomad.processing",
      "timestamp": "2020-09-24 22:03.07",
      "level": "INFO"
    },
    {
      "exec_time": "0.0013895034790039062",
      "input_size": "1322",
      "event": "parser executed",
      "task": "parsing",
      "proc": "Calc",
      "process": "re_process_calc",
      "tasks_status": "RUNNING",
      "parser": "parsers/eels",
      "step": "parsers/eels",
      "logger": "nomad.processing",
      "timestamp": "2020-09-24 22:03.07",
      "level": "INFO"
    },
    {
      "event": "successfully completed task",
      "task": "normalizing",
      "proc": "Calc",
      "process": "re_process_calc",
      "tasks_status": "RUNNING",
      "logger": "nomad.processing",
      "timestamp": "2020-09-24 22:03.07",
      "level": "INFO"
    },
    {
      "event": "successfully completed task",
      "task": "archiving",
      "proc": "Calc",
      "process": "re_process_calc",
      "tasks_status": "RUNNING",
      "logger": "nomad.processing",
      "timestamp": "2020-09-24 22:03.07",
      "level": "INFO"
    },
    {
      "exec_time": "0.0020394325256347656",
      "step": "metadata",
      "event": "saved calc metadata",
      "task": "archiving",
      "proc": "Calc",
      "process": "re_process_calc",
      "tasks_status": "RUNNING",
      "logger": "nomad.processing",
      "timestamp": "2020-09-24 22:03.07",
      "level": "INFO"
    },
    {
      "exec_time": "0.014167308807373047",
      "step": "index",
      "event": "indexed",
      "task": "archiving",
      "proc": "Calc",
      "process": "re_process_calc",
      "tasks_status": "RUNNING",
      "logger": "nomad.processing",
      "timestamp": "2020-09-24 22:03.08",
      "level": "INFO"
    }
  ],
  "section_experiment": {
    "experiment_publish_time": "2014-01-29T00:00:00",
    "raw_metadata": {
      "id": 21752,
      "title": "Reduced graphene oxide",
      "permalink": "https://eelsdb.eu/spectra/reduced-graphene-oxide/",
      "author": {
        "name": "Edgar Jimenez",
        "profile_url": "https://eelsdb.eu/author/edgar/",
        "profile_api_url": "https://api.eelsdb.eu/author/edgar/"
      },
      "published": "2014-01-29 00:00:00",
      "description": "Graphene oxide synthesized through a Hummer’s modified method and reduced via wet chemistry in the presence of L-ascorbic acid as reducing reagent. Temperature: Room. ",
      "comment_count": 0,
      "api_permalink": "https://api.eelsdb.eu/spectra/reduced-graphene-oxide/",
      "keywords": [
        "imported from old site"
      ],
      "download_link": "https://eelsdb.eu/wp-content/uploads/2015/09/DspecXNTrOy.msa",
      "type": "Core Loss",
      "formula": "C",
      "elements": [
        "C"
      ],
      "microscope": "Tecnai F30",
      "max_energy": "551.4 eV",
      "min_energy": "244.5 eV",
      "edges": [
        "C_K"
      ],
      "guntype": "feg Schottky",
      "beamenergy": "300 kV",
      "monochromated": "No",
      "stepSize": "0.3 eV/pixel",
      "convergence": "13.5 mrad",
      "collection": "136 mrad",
      "detector": "GIF: GIF",
      "darkcurrent": "No",
      "gainvariation": "No",
      "other_links": [
        {
          "url": "http://pc-web.cemes.fr/eelsdb/index.php?page=displayspec.php&id=243",
          "title": "Old EELS DB"
        }
      ]
    },
    "section_data": {
      "repository_name": "Electron Energy Loss Spectroscopy (EELS) database",
      "repository_url": "https://eelsdb.eu",
      "entry_repository_url": "https://eelsdb.eu/spectra/reduced-graphene-oxide/"
    },
    "section_method": {
      "data_type": "spectrum",
      "method_name": "electron energy loss spectroscopy",
      "method_abbreviation": "EELS"
    },
    "section_sample": {
      "section_material": {
        "chemical_formula": "C",
        "chemical_name": "Reduced graphene oxide",
        "atom_labels": [
          "C"
        ]
      }
    }
  },
  "section_metadata": {
    "upload_id": "hSOY_Y0iQjqvoiH-Hu-0xg",
    "calc_id": "wX1JJ6yk62114QtV8w91TO6HDKcY",
    "calc_hash": "e4qH3VKROGVtyaN2EbZhwYIfBQ2V",
    "mainfile": "ems_data/eelsdb/spectra/reduced-graphene-oxide/metadata.json",
    "files": [
      "ems_data/eelsdb/spectra/reduced-graphene-oxide/metadata.json",
      "ems_data/eelsdb/spectra/reduced-graphene-oxide/data.msa"
    ],
    "domain": "ems",
    "published": true,
    "processed": true,
    "last_processing": "2020-09-24T22:03:07.962418",
    "nomad_version": "1.0.0",
    "nomad_commit": "4d71fee0",
    "parser_name": "parsers/eels",
    "comment": "Graphene oxide synthesized through a Hummer’s modified method and reduced via wet chemistry in the presence of L-ascorbic acid as reducing reagent. Temperature: Room. ",
    "references": [
      "https://eelsdb.eu/spectra/reduced-graphene-oxide/",
      "https://api.eelsdb.eu/spectra/reduced-graphene-oxide/",
      "https://eelsdb.eu/wp-content/uploads/2015/09/DspecXNTrOy.msa"
    ],
    "external_db": "EELSDB",
    "uploader": "05375d3f-87e5-4266-9ec8-e80bfe2a739d",
    "coauthors": [
      {
        "first_name": "Edgar",
        "last_name": "Jimenez"
      }
    ],
    "shared_with": [],
    "with_embargo": false,
    "upload_time": "2020-09-07T14:33:37.396000",
    "upload_name": "ems_data.zip",
    "datasets": [
      "zAStTK1PQLaZ9V9krYVzUQ",
      "kpRslScITpW-5O6mlxpzMw"
    ],
    "external_id": "21752",
    "last_edit": "2020-09-07T14:45:09.330000",
    "formula": "C",
    "atoms": [
      "C"
    ],
    "n_atoms": 1,
    "ems": {
      "chemical": "Reduced graphene oxide",
      "sample_constituents": "unavailable",
      "sample_microstructure": "unavailable",
      "experiment_summary": "None",
      "origin_time": "2014-01-29T00:00:00",
      "method": "electron energy loss spectroscopy",
      "data_type": "spectrum",
      "probing_method": "unavailable",
      "repository_name": "Electron Energy Loss Spectroscopy (EELS) database",
      "repository_url": "https://eelsdb.eu",
      "entry_repository_url": "https://eelsdb.eu/spectra/reduced-graphene-oxide/",
      "preview_url": "None",
      "quantities": [
        "section_method",
        "method_abbreviation",
        "repository_url",
        "raw_metadata",
        "Experiment",
        "entry_repository_url",
        "experiment_publish_time",
        "atom_labels",
        "method_name",
        "section_sample",
        "chemical_name",
        "section_material",
        "data_type",
        "section_data",
        "chemical_formula",
        "repository_name"
      ],
      "group_hash": "ICqKm5UeWknqQMBLuFfo7yhktRJ2"
    }
  }
}