{
  "processing_logs": [
    {
      "event": "received process function call",
      "task": "None",
      "proc": "Calc",
      "process": "re_process_calc",
      "tasks_status": "PENDING",
      "logger": "nomad.processing",
      "timestamp": "2020-09-24 22:03.07",
      "level": "DEBUG"
    },
    {
      "event": "started process",
      "task": "parsing",
      "proc": "Calc",
      "process": "re_process_calc",
      "tasks_status": "RUNNING",
      "logger": "nomad.processing",
      "timestamp": "2020-09-24 22:03.07",
      "level": "INFO"
    },
    {
      "exec_time": "0.0011112689971923828",
      "input_size": "1256",
      "event": "parser executed",
      "task": "parsing",
      "proc": "Calc",
      "process": "re_process_calc",
      "tasks_status": "RUNNING",
      "parser": "parsers/eels",
      "step": "parsers/eels",
      "logger": "nomad.processing",
      "timestamp": "2020-09-24 22:03.07",
      "level": "INFO"
    },
    {
      "event": "successfully completed task",
      "task": "normalizing",
      "proc": "Calc",
      "process": "re_process_calc",
      "tasks_status": "RUNNING",
      "logger": "nomad.processing",
      "timestamp": "2020-09-24 22:03.07",
      "level": "INFO"
    },
    {
      "event": "successfully completed task",
      "task": "archiving",
      "proc": "Calc",
      "process": "re_process_calc",
      "tasks_status": "RUNNING",
      "logger": "nomad.processing",
      "timestamp": "2020-09-24 22:03.07",
      "level": "INFO"
    },
    {
      "exec_time": "0.0017850399017333984",
      "step": "metadata",
      "event": "saved calc metadata",
      "task": "archiving",
      "proc": "Calc",
      "process": "re_process_calc",
      "tasks_status": "RUNNING",
      "logger": "nomad.processing",
      "timestamp": "2020-09-24 22:03.07",
      "level": "INFO"
    },
    {
      "exec_time": "0.012236833572387695",
      "step": "index",
      "event": "indexed",
      "task": "archiving",
      "proc": "Calc",
      "process": "re_process_calc",
      "tasks_status": "RUNNING",
      "logger": "nomad.processing",
      "timestamp": "2020-09-24 22:03.07",
      "level": "INFO"
    }
  ],
  "section_experiment": {
    "experiment_publish_time": "2005-04-20T00:00:00",
    "raw_metadata": {
      "id": 21552,
      "title": "Quartz alpha (polarised)",
      "permalink": "https://eelsdb.eu/spectra/quartz-alpha-polarised-2/",
      "author": {
        "name": "(Dr.) Anne-Marie Flank",
        "profile_url": "https://eelsdb.eu/author/anne-marie-flank/",
        "profile_api_url": "https://api.eelsdb.eu/author/anne-marie-flank/"
      },
      "published": "2005-04-20 00:00:00",
      "description": " Analyst: Flank. Temperature: 300. BEAM/Crystal: E perpendicular to z axis. ",
      "comment_count": 0,
      "api_permalink": "https://api.eelsdb.eu/spectra/quartz-alpha-polarised-2/",
      "keywords": [
        "imported from old site"
      ],
      "download_link": "https://eelsdb.eu/wp-content/uploads/2015/09/Dspec.1451209.1.msa",
      "type": "X Ray Abs",
      "formula": "SiO2",
      "elements": [
        "Si",
        "O"
      ],
      "microscope": "SuperACO",
      "max_energy": "1918.5 eV",
      "min_energy": "1822.5 eV",
      "edges": [
        "Si_K"
      ],
      "guntype": "SA32",
      "beamenergy": "800 kV",
      "resolution": "0.7 eV",
      "stepSize": "0.265 eV/pixel",
      "acquisition_mode": "XAS Electron yield",
      "beamcurrent": "200",
      "detector": "InSb",
      "darkcurrent": "No",
      "other_links": [
        {
          "url": "http://pc-web.cemes.fr/eelsdb/index.php?page=displayspec.php&id=28",
          "title": "Old EELS DB"
        }
      ]
    },
    "section_data": {
      "repository_name": "Electron Energy Loss Spectroscopy (EELS) database",
      "repository_url": "https://eelsdb.eu",
      "entry_repository_url": "https://eelsdb.eu/spectra/quartz-alpha-polarised-2/"
    },
    "section_method": {
      "data_type": "spectrum",
      "method_name": "electron energy loss spectroscopy",
      "method_abbreviation": "EELS"
    },
    "section_sample": {
      "section_material": {
        "chemical_formula": "SiO2",
        "chemical_name": "Quartz alpha (polarised)",
        "atom_labels": [
          "Si",
          "O"
        ]
      }
    }
  },
  "section_metadata": {
    "upload_id": "hSOY_Y0iQjqvoiH-Hu-0xg",
    "calc_id": "x7nsg8es-jLQ7wsK5DeTmGXL-CoE",
    "calc_hash": "VbekVyuTZvBNQqBgkd0grTdDeByx",
    "mainfile": "ems_data/eelsdb/spectra/quartz-alpha-polarised-2/metadata.json",
    "files": [
      "ems_data/eelsdb/spectra/quartz-alpha-polarised-2/metadata.json",
      "ems_data/eelsdb/spectra/quartz-alpha-polarised-2/data.msa"
    ],
    "domain": "ems",
    "published": true,
    "processed": true,
    "last_processing": "2020-09-24T22:03:07.934045",
    "nomad_version": "1.0.0",
    "nomad_commit": "4d71fee0",
    "parser_name": "parsers/eels",
    "comment": " Analyst: Flank. Temperature: 300. BEAM/Crystal: E perpendicular to z axis. ",
    "references": [
      "https://eelsdb.eu/spectra/quartz-alpha-polarised-2/",
      "https://api.eelsdb.eu/spectra/quartz-alpha-polarised-2/",
      "https://eelsdb.eu/wp-content/uploads/2015/09/Dspec.1451209.1.msa"
    ],
    "external_db": "EELSDB",
    "uploader": "05375d3f-87e5-4266-9ec8-e80bfe2a739d",
    "coauthors": [
      {
        "first_name": "Anne-Marie",
        "last_name": "Flank"
      }
    ],
    "shared_with": [],
    "with_embargo": false,
    "upload_time": "2020-09-07T14:33:37.396000",
    "upload_name": "ems_data.zip",
    "datasets": [
      "zAStTK1PQLaZ9V9krYVzUQ",
      "kpRslScITpW-5O6mlxpzMw"
    ],
    "external_id": "21552",
    "last_edit": "2020-09-07T14:45:09.330000",
    "formula": "SiO2",
    "atoms": [
      "O",
      "Si"
    ],
    "n_atoms": 2,
    "ems": {
      "chemical": "Quartz alpha (polarised)",
      "sample_constituents": "unavailable",
      "sample_microstructure": "unavailable",
      "experiment_summary": "None",
      "origin_time": "2005-04-20T00:00:00",
      "method": "electron energy loss spectroscopy",
      "data_type": "spectrum",
      "probing_method": "unavailable",
      "repository_name": "Electron Energy Loss Spectroscopy (EELS) database",
      "repository_url": "https://eelsdb.eu",
      "entry_repository_url": "https://eelsdb.eu/spectra/quartz-alpha-polarised-2/",
      "preview_url": "None",
      "quantities": [
        "section_method",
        "method_abbreviation",
        "repository_url",
        "raw_metadata",
        "Experiment",
        "entry_repository_url",
        "experiment_publish_time",
        "atom_labels",
        "method_name",
        "section_sample",
        "chemical_name",
        "section_material",
        "data_type",
        "section_data",
        "chemical_formula",
        "repository_name"
      ],
      "group_hash": "JDd9k4Bkp0mRGkmJmHRi9oX62a2-"
    }
  }
}