{
  "processing_logs": [
    {
      "event": "received process function call",
      "task": "None",
      "proc": "Calc",
      "process": "re_process_calc",
      "tasks_status": "PENDING",
      "logger": "nomad.processing",
      "timestamp": "2020-09-24 22:03.07",
      "level": "DEBUG"
    },
    {
      "event": "started process",
      "task": "parsing",
      "proc": "Calc",
      "process": "re_process_calc",
      "tasks_status": "RUNNING",
      "logger": "nomad.processing",
      "timestamp": "2020-09-24 22:03.07",
      "level": "INFO"
    },
    {
      "exec_time": "0.0012288093566894531",
      "input_size": "1745",
      "event": "parser executed",
      "task": "parsing",
      "proc": "Calc",
      "process": "re_process_calc",
      "tasks_status": "RUNNING",
      "parser": "parsers/eels",
      "step": "parsers/eels",
      "logger": "nomad.processing",
      "timestamp": "2020-09-24 22:03.07",
      "level": "INFO"
    },
    {
      "event": "successfully completed task",
      "task": "normalizing",
      "proc": "Calc",
      "process": "re_process_calc",
      "tasks_status": "RUNNING",
      "logger": "nomad.processing",
      "timestamp": "2020-09-24 22:03.07",
      "level": "INFO"
    },
    {
      "event": "successfully completed task",
      "task": "archiving",
      "proc": "Calc",
      "process": "re_process_calc",
      "tasks_status": "RUNNING",
      "logger": "nomad.processing",
      "timestamp": "2020-09-24 22:03.07",
      "level": "INFO"
    },
    {
      "exec_time": "0.0017995834350585938",
      "step": "metadata",
      "event": "saved calc metadata",
      "task": "archiving",
      "proc": "Calc",
      "process": "re_process_calc",
      "tasks_status": "RUNNING",
      "logger": "nomad.processing",
      "timestamp": "2020-09-24 22:03.07",
      "level": "INFO"
    },
    {
      "exec_time": "0.02669215202331543",
      "step": "index",
      "event": "indexed",
      "task": "archiving",
      "proc": "Calc",
      "process": "re_process_calc",
      "tasks_status": "RUNNING",
      "logger": "nomad.processing",
      "timestamp": "2020-09-24 22:03.07",
      "level": "INFO"
    }
  ],
  "section_experiment": {
    "experiment_publish_time": "2005-04-20T00:00:00",
    "raw_metadata": {
      "id": 21547,
      "title": "Graphite (really glassy carbon)",
      "permalink": "https://eelsdb.eu/spectra/graphite-really-glassy-carbon/",
      "author": {
        "name": "David Muller",
        "profile_url": "https://eelsdb.eu/author/dm24/",
        "profile_api_url": "https://api.eelsdb.eu/author/dm24/"
      },
      "published": "2005-04-20 00:00:00",
      "description": "- Energy Axis is not calibrated, CCD point spread function has long tails,these have not be corrected for.- The ratio of the pi*/sigma* peaks depends on sample orientation (See Leapman and Silcox, PRL, V42, 1361 (1979)).- Note 0.7 eV split Analyst: David Muller (at Cornell University) 1995. Temperature: Room. BEAM/Crystal: parallel to c-axis. ",
      "comment_count": 0,
      "api_permalink": "https://api.eelsdb.eu/spectra/graphite-really-glassy-carbon/",
      "keywords": [
        "imported from old site"
      ],
      "download_link": "https://eelsdb.eu/wp-content/uploads/2015/09/Dspec.2608.1.msa",
      "type": "Core Loss",
      "formula": "C (graphite)",
      "elements": [
        "C"
      ],
      "microscope": "VG HB501A",
      "max_energy": "313.9 eV",
      "min_energy": "269.75 eV",
      "source_purity": "Combined test specimen, imaged parallel to c-axis of graphite particle",
      "edges": [
        "C_K"
      ],
      "guntype": "Cold FEG",
      "beamenergy": "100 kV",
      "resolution": "0.5 eV",
      "stepSize": "0.088 eV/pixel",
      "acquisition_mode": "STEM",
      "convergence": "18 mrad",
      "collection": "16 mrad",
      "probesize": "0.3 nm^2",
      "beamcurrent": "0.12",
      "integratetime": "10 secs",
      "readouts": "15",
      "detector": "GIF: ",
      "darkcurrent": "Yes",
      "gainvariation": "No",
      "other_links": [
        {
          "url": "http://pc-web.cemes.fr/eelsdb/index.php?page=displayspec.php&id=23",
          "title": "Old EELS DB"
        }
      ]
    },
    "section_data": {
      "repository_name": "Electron Energy Loss Spectroscopy (EELS) database",
      "repository_url": "https://eelsdb.eu",
      "entry_repository_url": "https://eelsdb.eu/spectra/graphite-really-glassy-carbon/"
    },
    "section_method": {
      "data_type": "spectrum",
      "method_name": "electron energy loss spectroscopy",
      "method_abbreviation": "EELS"
    },
    "section_sample": {
      "section_material": {
        "chemical_formula": "C (graphite)",
        "chemical_name": "Graphite (really glassy carbon)",
        "atom_labels": [
          "C"
        ]
      }
    }
  },
  "section_metadata": {
    "upload_id": "hSOY_Y0iQjqvoiH-Hu-0xg",
    "calc_id": "xCB4Va3tD2G-xVbVXzPVpqaEqIbW",
    "calc_hash": "dVSMwcsmilfZwTnz7kRRCurgO3-d",
    "mainfile": "ems_data/eelsdb/spectra/graphite-really-glassy-carbon/metadata.json",
    "files": [
      "ems_data/eelsdb/spectra/graphite-really-glassy-carbon/metadata.json",
      "ems_data/eelsdb/spectra/graphite-really-glassy-carbon/data.msa"
    ],
    "domain": "ems",
    "published": true,
    "processed": true,
    "last_processing": "2020-09-24T22:03:07.123147",
    "nomad_version": "1.0.0",
    "nomad_commit": "4d71fee0",
    "parser_name": "parsers/eels",
    "comment": "- Energy Axis is not calibrated, CCD point spread function has long tails,these have not be corrected for.- The ratio of the pi*/sigma* peaks depends on sample orientation (See Leapman and Silcox, PRL, V42, 1361 (1979)).- Note 0.7 eV split Analyst: David Muller (at Cornell University) 1995. Temperature: Room. BEAM/Crystal: parallel to c-axis. ",
    "references": [
      "https://eelsdb.eu/spectra/graphite-really-glassy-carbon/",
      "https://api.eelsdb.eu/spectra/graphite-really-glassy-carbon/",
      "https://eelsdb.eu/wp-content/uploads/2015/09/Dspec.2608.1.msa"
    ],
    "external_db": "EELSDB",
    "uploader": "05375d3f-87e5-4266-9ec8-e80bfe2a739d",
    "coauthors": [
      {
        "first_name": "David",
        "last_name": "Muller"
      }
    ],
    "shared_with": [],
    "with_embargo": false,
    "upload_time": "2020-09-07T14:33:37.396000",
    "upload_name": "ems_data.zip",
    "datasets": [
      "zAStTK1PQLaZ9V9krYVzUQ",
      "kpRslScITpW-5O6mlxpzMw"
    ],
    "external_id": "21547",
    "last_edit": "2020-09-07T14:45:09.330000",
    "formula": "C (graphite)",
    "atoms": [
      "C"
    ],
    "n_atoms": 1,
    "ems": {
      "chemical": "Graphite (really glassy carbon)",
      "sample_constituents": "unavailable",
      "sample_microstructure": "unavailable",
      "experiment_summary": "None",
      "origin_time": "2005-04-20T00:00:00",
      "method": "electron energy loss spectroscopy",
      "data_type": "spectrum",
      "probing_method": "unavailable",
      "repository_name": "Electron Energy Loss Spectroscopy (EELS) database",
      "repository_url": "https://eelsdb.eu",
      "entry_repository_url": "https://eelsdb.eu/spectra/graphite-really-glassy-carbon/",
      "preview_url": "None",
      "quantities": [
        "section_method",
        "method_abbreviation",
        "repository_url",
        "raw_metadata",
        "Experiment",
        "entry_repository_url",
        "experiment_publish_time",
        "atom_labels",
        "method_name",
        "section_sample",
        "chemical_name",
        "section_material",
        "data_type",
        "section_data",
        "chemical_formula",
        "repository_name"
      ],
      "group_hash": "lpWzkSa3mZ_tlbZMrvRYH54Ncrkd"
    }
  }
}