{
  "processing_logs": [
    {
      "event": "received process function call",
      "task": "None",
      "proc": "Calc",
      "process": "re_process_calc",
      "tasks_status": "PENDING",
      "logger": "nomad.processing",
      "timestamp": "2020-09-24 22:03.06",
      "level": "DEBUG"
    },
    {
      "event": "started process",
      "task": "parsing",
      "proc": "Calc",
      "process": "re_process_calc",
      "tasks_status": "RUNNING",
      "logger": "nomad.processing",
      "timestamp": "2020-09-24 22:03.06",
      "level": "INFO"
    },
    {
      "exec_time": "0.0011451244354248047",
      "input_size": "1735",
      "event": "parser executed",
      "task": "parsing",
      "proc": "Calc",
      "process": "re_process_calc",
      "tasks_status": "RUNNING",
      "parser": "parsers/eels",
      "step": "parsers/eels",
      "logger": "nomad.processing",
      "timestamp": "2020-09-24 22:03.06",
      "level": "INFO"
    },
    {
      "event": "successfully completed task",
      "task": "normalizing",
      "proc": "Calc",
      "process": "re_process_calc",
      "tasks_status": "RUNNING",
      "logger": "nomad.processing",
      "timestamp": "2020-09-24 22:03.06",
      "level": "INFO"
    },
    {
      "event": "successfully completed task",
      "task": "archiving",
      "proc": "Calc",
      "process": "re_process_calc",
      "tasks_status": "RUNNING",
      "logger": "nomad.processing",
      "timestamp": "2020-09-24 22:03.06",
      "level": "INFO"
    },
    {
      "exec_time": "0.0017609596252441406",
      "step": "metadata",
      "event": "saved calc metadata",
      "task": "archiving",
      "proc": "Calc",
      "process": "re_process_calc",
      "tasks_status": "RUNNING",
      "logger": "nomad.processing",
      "timestamp": "2020-09-24 22:03.06",
      "level": "INFO"
    },
    {
      "exec_time": "0.015435457229614258",
      "step": "index",
      "event": "indexed",
      "task": "archiving",
      "proc": "Calc",
      "process": "re_process_calc",
      "tasks_status": "RUNNING",
      "logger": "nomad.processing",
      "timestamp": "2020-09-24 22:03.06",
      "level": "INFO"
    }
  ],
  "section_experiment": {
    "experiment_publish_time": "2007-12-05T00:00:00",
    "raw_metadata": {
      "id": 21643,
      "title": "Calcium titanate (perovskite structure)",
      "permalink": "https://eelsdb.eu/spectra/calcium-titanate-perovskite-structure-2/",
      "author": {
        "name": "Saso Sturm",
        "profile_url": "https://eelsdb.eu/author/saso-sturm/",
        "profile_api_url": "https://api.eelsdb.eu/author/saso-sturm/"
      },
      "published": "2007-12-05 00:00:00",
      "description": " Analyst: Saso Sturm. Temperature: Room. BEAM/Crystal: crystall was not in the zone axis. ",
      "comment_count": 0,
      "api_permalink": "https://api.eelsdb.eu/spectra/calcium-titanate-perovskite-structure-2/",
      "keywords": [
        "imported from old site"
      ],
      "download_link": "https://eelsdb.eu/wp-content/uploads/2015/09/DspecgWOANZ.msa",
      "type": "Core Loss",
      "formula": "CaTiO3",
      "elements": [
        "Ca",
        "Ti",
        "O"
      ],
      "microscope": "JEOL2010F",
      "max_energy": "438.6 eV",
      "min_energy": "260 eV",
      "source_purity": "commercially available powder",
      "edges": [
        "Ca_L2,3"
      ],
      "guntype": "feg Schottky",
      "beamenergy": "200 kV",
      "resolution": "1 eV",
      "stepSize": "0.2 eV/pixel",
      "acquisition_mode": "Diffraction",
      "convergence": "10 mrad",
      "collection": "5 mrad",
      "probesize": "50 nm^2",
      "integratetime": "5 secs",
      "readouts": "1",
      "detector": "Parallel: 766 Gatan",
      "darkcurrent": "Yes",
      "gainvariation": "Yes",
      "thickness": "0.3 t/&lambda;",
      "associated_spectra": [
        {
          "name": "Calcium titanate (perovskite structure)",
          "link": "https://eelsdb.eu/spectra/calcium-titanate-perovskite-structure/",
          "type": "Low Loss"
        }
      ],
      "other_links": [
        {
          "url": "http://pc-web.cemes.fr/eelsdb/index.php?page=displayspec.php&id=132",
          "title": "Old EELS DB"
        }
      ]
    },
    "section_data": {
      "repository_name": "Electron Energy Loss Spectroscopy (EELS) database",
      "repository_url": "https://eelsdb.eu",
      "entry_repository_url": "https://eelsdb.eu/spectra/calcium-titanate-perovskite-structure-2/"
    },
    "section_method": {
      "data_type": "spectrum",
      "method_name": "electron energy loss spectroscopy",
      "method_abbreviation": "EELS"
    },
    "section_sample": {
      "section_material": {
        "chemical_formula": "CaTiO3",
        "chemical_name": "Calcium titanate (perovskite structure)",
        "atom_labels": [
          "Ca",
          "Ti",
          "O"
        ]
      }
    }
  },
  "section_metadata": {
    "upload_id": "hSOY_Y0iQjqvoiH-Hu-0xg",
    "calc_id": "xhnSY-2DSvXmaeIsxy7kEOxNs7yy",
    "calc_hash": "uOsGWhIMT3HeRiDrU1DWwUjzcRef",
    "mainfile": "ems_data/eelsdb/spectra/calcium-titanate-perovskite-structure-2/metadata.json",
    "files": [
      "ems_data/eelsdb/spectra/calcium-titanate-perovskite-structure-2/metadata.json",
      "ems_data/eelsdb/spectra/calcium-titanate-perovskite-structure-2/data.msa"
    ],
    "domain": "ems",
    "published": true,
    "processed": true,
    "last_processing": "2020-09-24T22:03:06.273600",
    "nomad_version": "1.0.0",
    "nomad_commit": "4d71fee0",
    "parser_name": "parsers/eels",
    "comment": " Analyst: Saso Sturm. Temperature: Room. BEAM/Crystal: crystall was not in the zone axis. ",
    "references": [
      "https://eelsdb.eu/spectra/calcium-titanate-perovskite-structure-2/",
      "https://api.eelsdb.eu/spectra/calcium-titanate-perovskite-structure-2/",
      "https://eelsdb.eu/wp-content/uploads/2015/09/DspecgWOANZ.msa"
    ],
    "external_db": "EELSDB",
    "uploader": "05375d3f-87e5-4266-9ec8-e80bfe2a739d",
    "coauthors": [
      {
        "first_name": "Saso",
        "last_name": "Sturm"
      }
    ],
    "shared_with": [],
    "with_embargo": false,
    "upload_time": "2020-09-07T14:33:37.396000",
    "upload_name": "ems_data.zip",
    "datasets": [
      "zAStTK1PQLaZ9V9krYVzUQ",
      "kpRslScITpW-5O6mlxpzMw"
    ],
    "external_id": "21643",
    "last_edit": "2020-09-07T14:45:09.330000",
    "formula": "CaTiO3",
    "atoms": [
      "Ca",
      "O",
      "Ti"
    ],
    "n_atoms": 3,
    "ems": {
      "chemical": "Calcium titanate (perovskite structure)",
      "sample_constituents": "unavailable",
      "sample_microstructure": "unavailable",
      "experiment_summary": "None",
      "origin_time": "2007-12-05T00:00:00",
      "method": "electron energy loss spectroscopy",
      "data_type": "spectrum",
      "probing_method": "unavailable",
      "repository_name": "Electron Energy Loss Spectroscopy (EELS) database",
      "repository_url": "https://eelsdb.eu",
      "entry_repository_url": "https://eelsdb.eu/spectra/calcium-titanate-perovskite-structure-2/",
      "preview_url": "None",
      "quantities": [
        "section_method",
        "method_abbreviation",
        "repository_url",
        "raw_metadata",
        "Experiment",
        "entry_repository_url",
        "experiment_publish_time",
        "atom_labels",
        "method_name",
        "section_sample",
        "chemical_name",
        "section_material",
        "data_type",
        "section_data",
        "chemical_formula",
        "repository_name"
      ],
      "group_hash": "8wZLP1lJ-2c4SBn_x422j9yPEhFE"
    }
  }
}