{
  "processing_logs": [
    {
      "event": "received process function call",
      "task": "None",
      "proc": "Calc",
      "process": "re_process_calc",
      "tasks_status": "PENDING",
      "logger": "nomad.processing",
      "timestamp": "2020-09-24 22:03.05",
      "level": "DEBUG"
    },
    {
      "event": "started process",
      "task": "parsing",
      "proc": "Calc",
      "process": "re_process_calc",
      "tasks_status": "RUNNING",
      "logger": "nomad.processing",
      "timestamp": "2020-09-24 22:03.05",
      "level": "INFO"
    },
    {
      "exec_time": "0.0010688304901123047",
      "input_size": "1692",
      "event": "parser executed",
      "task": "parsing",
      "proc": "Calc",
      "process": "re_process_calc",
      "tasks_status": "RUNNING",
      "parser": "parsers/eels",
      "step": "parsers/eels",
      "logger": "nomad.processing",
      "timestamp": "2020-09-24 22:03.05",
      "level": "INFO"
    },
    {
      "event": "successfully completed task",
      "task": "normalizing",
      "proc": "Calc",
      "process": "re_process_calc",
      "tasks_status": "RUNNING",
      "logger": "nomad.processing",
      "timestamp": "2020-09-24 22:03.05",
      "level": "INFO"
    },
    {
      "event": "successfully completed task",
      "task": "archiving",
      "proc": "Calc",
      "process": "re_process_calc",
      "tasks_status": "RUNNING",
      "logger": "nomad.processing",
      "timestamp": "2020-09-24 22:03.05",
      "level": "INFO"
    },
    {
      "exec_time": "0.0015835762023925781",
      "step": "metadata",
      "event": "saved calc metadata",
      "task": "archiving",
      "proc": "Calc",
      "process": "re_process_calc",
      "tasks_status": "RUNNING",
      "logger": "nomad.processing",
      "timestamp": "2020-09-24 22:03.05",
      "level": "INFO"
    },
    {
      "exec_time": "0.013644933700561523",
      "step": "index",
      "event": "indexed",
      "task": "archiving",
      "proc": "Calc",
      "process": "re_process_calc",
      "tasks_status": "RUNNING",
      "logger": "nomad.processing",
      "timestamp": "2020-09-24 22:03.05",
      "level": "INFO"
    }
  ],
  "section_experiment": {
    "experiment_publish_time": "2005-04-20T00:00:00",
    "raw_metadata": {
      "id": 21575,
      "title": "Alumina alpha",
      "permalink": "https://eelsdb.eu/spectra/alumina-alpha-4/",
      "author": {
        "name": "PD Dr. Peter A. van Aken",
        "profile_url": "https://eelsdb.eu/author/vanaken/",
        "profile_api_url": "https://api.eelsdb.eu/author/vanaken/"
      },
      "published": "2005-04-20 00:00:00",
      "description": "- Background subtracted. - Note the absence of the peak at 92 eV (non-dipole transitions due to channeling conditions observed only along <0001>, cf paper quoted).- Calibration could not be accurate. Analyst: Stefan Nufer. Temperature: Room. BEAM/Crystal: <1-100>. ",
      "comment_count": 0,
      "api_permalink": "https://api.eelsdb.eu/spectra/alumina-alpha-4/",
      "keywords": [
        "imported from old site"
      ],
      "download_link": "https://eelsdb.eu/wp-content/uploads/2015/09/Dspec.132290.1.msa",
      "type": "Core Loss",
      "formula": "Al2O3 (alpha)",
      "elements": [
        "Al",
        "O"
      ],
      "microscope": "VG HB-501",
      "max_energy": "152.8 eV",
      "min_energy": "71.7 eV",
      "edges": [
        "Al_L2,3"
      ],
      "guntype": "Cold FEG",
      "beamenergy": "100 kV",
      "resolution": "0.7 eV",
      "stepSize": "0.1 eV/pixel",
      "acquisition_mode": "STEM",
      "convergence": "6.5 mrad",
      "collection": "6.5 mrad",
      "probesize": "1 nm^2",
      "integratetime": "10 secs",
      "readouts": "1",
      "detector": "Parallel: 666 Gatan",
      "darkcurrent": "Yes",
      "gainvariation": "Yes",
      "thickness": "0.22 t/&lambda;",
      "reference": {
        "freetext": "Nufer, Gemming, Koestlmeier, Ruehle, Ultramicroscopy, 88, 253-263, 2001"
      },
      "other_links": [
        {
          "url": "http://pc-web.cemes.fr/eelsdb/index.php?page=displayspec.php&id=51",
          "title": "Old EELS DB"
        }
      ]
    },
    "section_data": {
      "repository_name": "Electron Energy Loss Spectroscopy (EELS) database",
      "repository_url": "https://eelsdb.eu",
      "entry_repository_url": "https://eelsdb.eu/spectra/alumina-alpha-4/"
    },
    "section_method": {
      "data_type": "spectrum",
      "method_name": "electron energy loss spectroscopy",
      "method_abbreviation": "EELS"
    },
    "section_sample": {
      "section_material": {
        "chemical_formula": "Al2O3 (alpha)",
        "chemical_name": "Alumina alpha",
        "atom_labels": [
          "Al",
          "O"
        ]
      }
    }
  },
  "section_metadata": {
    "upload_id": "hSOY_Y0iQjqvoiH-Hu-0xg",
    "calc_id": "XXUkB5MsWVW4G02IO74O1pjclQLI",
    "calc_hash": "7ZtCLInm3MMiFVtcQf3dEYKXcF0B",
    "mainfile": "ems_data/eelsdb/spectra/alumina-alpha-4/metadata.json",
    "files": [
      "ems_data/eelsdb/spectra/alumina-alpha-4/metadata.json",
      "ems_data/eelsdb/spectra/alumina-alpha-4/data.msa"
    ],
    "domain": "ems",
    "published": true,
    "processed": true,
    "last_processing": "2020-09-24T22:03:05.652729",
    "nomad_version": "1.0.0",
    "nomad_commit": "4d71fee0",
    "parser_name": "parsers/eels",
    "comment": "- Background subtracted. - Note the absence of the peak at 92 eV (non-dipole transitions due to channeling conditions observed only along <0001>, cf paper quoted).- Calibration could not be accurate. Analyst: Stefan Nufer. Temperature: Room. BEAM/Crystal: <1-100>. ",
    "references": [
      "https://eelsdb.eu/spectra/alumina-alpha-4/",
      "https://api.eelsdb.eu/spectra/alumina-alpha-4/",
      "https://eelsdb.eu/wp-content/uploads/2015/09/Dspec.132290.1.msa",
      "Nufer, Gemming, Koestlmeier, Ruehle, Ultramicroscopy, 88, 253-263, 2001"
    ],
    "external_db": "EELSDB",
    "uploader": "05375d3f-87e5-4266-9ec8-e80bfe2a739d",
    "coauthors": [
      {
        "first_name": "PD Dr. Peter A. van",
        "last_name": "Aken"
      }
    ],
    "shared_with": [],
    "with_embargo": false,
    "upload_time": "2020-09-07T14:33:37.396000",
    "upload_name": "ems_data.zip",
    "datasets": [
      "zAStTK1PQLaZ9V9krYVzUQ",
      "kpRslScITpW-5O6mlxpzMw"
    ],
    "external_id": "21575",
    "last_edit": "2020-09-07T14:45:09.330000",
    "formula": "Al2O3 (alpha)",
    "atoms": [
      "Al",
      "O"
    ],
    "n_atoms": 2,
    "ems": {
      "chemical": "Alumina alpha",
      "sample_constituents": "unavailable",
      "sample_microstructure": "unavailable",
      "experiment_summary": "None",
      "origin_time": "2005-04-20T00:00:00",
      "method": "electron energy loss spectroscopy",
      "data_type": "spectrum",
      "probing_method": "unavailable",
      "repository_name": "Electron Energy Loss Spectroscopy (EELS) database",
      "repository_url": "https://eelsdb.eu",
      "entry_repository_url": "https://eelsdb.eu/spectra/alumina-alpha-4/",
      "preview_url": "None",
      "quantities": [
        "section_method",
        "method_abbreviation",
        "repository_url",
        "raw_metadata",
        "Experiment",
        "entry_repository_url",
        "experiment_publish_time",
        "atom_labels",
        "method_name",
        "section_sample",
        "chemical_name",
        "section_material",
        "data_type",
        "section_data",
        "chemical_formula",
        "repository_name"
      ],
      "group_hash": "Pnl_N7AjLJQROeM-etcHJriBvT2E"
    }
  }
}