{
  "processing_logs": [
    {
      "event": "received process function call",
      "task": "None",
      "proc": "Calc",
      "process": "re_process_calc",
      "tasks_status": "PENDING",
      "logger": "nomad.processing",
      "timestamp": "2020-09-24 22:03.07",
      "level": "DEBUG"
    },
    {
      "event": "started process",
      "task": "parsing",
      "proc": "Calc",
      "process": "re_process_calc",
      "tasks_status": "RUNNING",
      "logger": "nomad.processing",
      "timestamp": "2020-09-24 22:03.07",
      "level": "INFO"
    },
    {
      "exec_time": "0.0008475780487060547",
      "input_size": "1492",
      "event": "parser executed",
      "task": "parsing",
      "proc": "Calc",
      "process": "re_process_calc",
      "tasks_status": "RUNNING",
      "parser": "parsers/eels",
      "step": "parsers/eels",
      "logger": "nomad.processing",
      "timestamp": "2020-09-24 22:03.07",
      "level": "INFO"
    },
    {
      "event": "successfully completed task",
      "task": "normalizing",
      "proc": "Calc",
      "process": "re_process_calc",
      "tasks_status": "RUNNING",
      "logger": "nomad.processing",
      "timestamp": "2020-09-24 22:03.07",
      "level": "INFO"
    },
    {
      "event": "successfully completed task",
      "task": "archiving",
      "proc": "Calc",
      "process": "re_process_calc",
      "tasks_status": "RUNNING",
      "logger": "nomad.processing",
      "timestamp": "2020-09-24 22:03.07",
      "level": "INFO"
    },
    {
      "exec_time": "0.0010914802551269531",
      "step": "metadata",
      "event": "saved calc metadata",
      "task": "archiving",
      "proc": "Calc",
      "process": "re_process_calc",
      "tasks_status": "RUNNING",
      "logger": "nomad.processing",
      "timestamp": "2020-09-24 22:03.07",
      "level": "INFO"
    },
    {
      "exec_time": "0.010112524032592773",
      "step": "index",
      "event": "indexed",
      "task": "archiving",
      "proc": "Calc",
      "process": "re_process_calc",
      "tasks_status": "RUNNING",
      "logger": "nomad.processing",
      "timestamp": "2020-09-24 22:03.07",
      "level": "INFO"
    }
  ],
  "section_experiment": {
    "experiment_publish_time": "2005-04-28T00:00:00",
    "raw_metadata": {
      "id": 21593,
      "title": "Nickel Silicide",
      "permalink": "https://eelsdb.eu/spectra/nickel-silicide-3/",
      "author": {
        "name": "(Dr) Marie Cheynet",
        "profile_url": "https://eelsdb.eu/author/mcheynet/",
        "profile_api_url": "https://api.eelsdb.eu/author/mcheynet/"
      },
      "published": "2005-04-28 00:00:00",
      "description": " Analyst: Cheynet M. , Pantel R.. Temperature: Room. ",
      "comment_count": 0,
      "api_permalink": "https://api.eelsdb.eu/spectra/nickel-silicide-3/",
      "keywords": [
        "imported from old site"
      ],
      "download_link": "https://eelsdb.eu/wp-content/uploads/2015/09/DspecCXRMZ7.msa",
      "type": "Low Loss",
      "formula": "Ni2Si",
      "elements": [
        "Ni",
        "Si"
      ],
      "microscope": "CM20",
      "max_energy": "92.5 eV",
      "min_energy": "-9.6 eV",
      "source_purity": "thermal annealing of a Ni layer on a Si substrate",
      "guntype": "feg",
      "beamenergy": "200 kV",
      "resolution": "0.7 eV",
      "stepSize": "0.1 eV/pixel",
      "acquisition_mode": "Imaging",
      "convergence": "3 mrad",
      "collection": "20 mrad",
      "probesize": "50 nm^2",
      "integratetime": "1 secs",
      "readouts": "2",
      "detector": "Parallel: GIF",
      "darkcurrent": "Yes",
      "gainvariation": "Yes",
      "thickness": "0.5 t/&lambda;",
      "reference": {
        "freetext": "Proceeding of EELS workshop EDGE 2005, 1-5 May 2005, Grundlsee Austria"
      },
      "other_links": [
        {
          "url": "http://pc-web.cemes.fr/eelsdb/index.php?page=displayspec.php&id=73",
          "title": "Old EELS DB"
        }
      ]
    },
    "section_data": {
      "repository_name": "Electron Energy Loss Spectroscopy (EELS) database",
      "repository_url": "https://eelsdb.eu",
      "entry_repository_url": "https://eelsdb.eu/spectra/nickel-silicide-3/"
    },
    "section_method": {
      "data_type": "spectrum",
      "method_name": "electron energy loss spectroscopy",
      "method_abbreviation": "EELS"
    },
    "section_sample": {
      "section_material": {
        "chemical_formula": "Ni2Si",
        "chemical_name": "Nickel Silicide",
        "atom_labels": [
          "Ni",
          "Si"
        ]
      }
    }
  },
  "section_metadata": {
    "upload_id": "hSOY_Y0iQjqvoiH-Hu-0xg",
    "calc_id": "YCdaNmjwLp-kPZVoCo5hKKTyi6Hk",
    "calc_hash": "2qXvJqcvt8_3KLKoCIIgx8PZSw-M",
    "mainfile": "ems_data/eelsdb/spectra/nickel-silicide-3/metadata.json",
    "files": [
      "ems_data/eelsdb/spectra/nickel-silicide-3/metadata.json",
      "ems_data/eelsdb/spectra/nickel-silicide-3/data.msa"
    ],
    "domain": "ems",
    "published": true,
    "processed": true,
    "last_processing": "2020-09-24T22:03:07.771208",
    "nomad_version": "1.0.0",
    "nomad_commit": "4d71fee0",
    "parser_name": "parsers/eels",
    "comment": " Analyst: Cheynet M. , Pantel R.. Temperature: Room. ",
    "references": [
      "https://eelsdb.eu/spectra/nickel-silicide-3/",
      "https://api.eelsdb.eu/spectra/nickel-silicide-3/",
      "https://eelsdb.eu/wp-content/uploads/2015/09/DspecCXRMZ7.msa",
      "Proceeding of EELS workshop EDGE 2005, 1-5 May 2005, Grundlsee Austria"
    ],
    "external_db": "EELSDB",
    "uploader": "05375d3f-87e5-4266-9ec8-e80bfe2a739d",
    "coauthors": [
      {
        "first_name": "Marie",
        "last_name": "Cheynet"
      }
    ],
    "shared_with": [],
    "with_embargo": false,
    "upload_time": "2020-09-07T14:33:37.396000",
    "upload_name": "ems_data.zip",
    "datasets": [
      "zAStTK1PQLaZ9V9krYVzUQ",
      "kpRslScITpW-5O6mlxpzMw"
    ],
    "external_id": "21593",
    "last_edit": "2020-09-07T14:45:09.330000",
    "formula": "Ni2Si",
    "atoms": [
      "Ni",
      "Si"
    ],
    "n_atoms": 2,
    "ems": {
      "chemical": "Nickel Silicide",
      "sample_constituents": "unavailable",
      "sample_microstructure": "unavailable",
      "experiment_summary": "None",
      "origin_time": "2005-04-28T00:00:00",
      "method": "electron energy loss spectroscopy",
      "data_type": "spectrum",
      "probing_method": "unavailable",
      "repository_name": "Electron Energy Loss Spectroscopy (EELS) database",
      "repository_url": "https://eelsdb.eu",
      "entry_repository_url": "https://eelsdb.eu/spectra/nickel-silicide-3/",
      "preview_url": "None",
      "quantities": [
        "section_method",
        "method_abbreviation",
        "repository_url",
        "raw_metadata",
        "Experiment",
        "entry_repository_url",
        "experiment_publish_time",
        "atom_labels",
        "method_name",
        "section_sample",
        "chemical_name",
        "section_material",
        "data_type",
        "section_data",
        "chemical_formula",
        "repository_name"
      ],
      "group_hash": "dGSobjRDvQANAbMvhkN0DFdz8aSL"
    }
  }
}