{
  "processing_logs": [
    {
      "event": "received process function call",
      "task": "None",
      "proc": "Calc",
      "process": "re_process_calc",
      "tasks_status": "PENDING",
      "logger": "nomad.processing",
      "timestamp": "2020-09-24 22:03.08",
      "level": "DEBUG"
    },
    {
      "event": "started process",
      "task": "parsing",
      "proc": "Calc",
      "process": "re_process_calc",
      "tasks_status": "RUNNING",
      "logger": "nomad.processing",
      "timestamp": "2020-09-24 22:03.08",
      "level": "INFO"
    },
    {
      "exec_time": "0.0011830329895019531",
      "input_size": "1175",
      "event": "parser executed",
      "task": "parsing",
      "proc": "Calc",
      "process": "re_process_calc",
      "tasks_status": "RUNNING",
      "parser": "parsers/eels",
      "step": "parsers/eels",
      "logger": "nomad.processing",
      "timestamp": "2020-09-24 22:03.08",
      "level": "INFO"
    },
    {
      "event": "successfully completed task",
      "task": "normalizing",
      "proc": "Calc",
      "process": "re_process_calc",
      "tasks_status": "RUNNING",
      "logger": "nomad.processing",
      "timestamp": "2020-09-24 22:03.08",
      "level": "INFO"
    },
    {
      "event": "successfully completed task",
      "task": "archiving",
      "proc": "Calc",
      "process": "re_process_calc",
      "tasks_status": "RUNNING",
      "logger": "nomad.processing",
      "timestamp": "2020-09-24 22:03.08",
      "level": "INFO"
    },
    {
      "exec_time": "0.0021657943725585938",
      "step": "metadata",
      "event": "saved calc metadata",
      "task": "archiving",
      "proc": "Calc",
      "process": "re_process_calc",
      "tasks_status": "RUNNING",
      "logger": "nomad.processing",
      "timestamp": "2020-09-24 22:03.08",
      "level": "INFO"
    },
    {
      "exec_time": "0.013208627700805664",
      "step": "index",
      "event": "indexed",
      "task": "archiving",
      "proc": "Calc",
      "process": "re_process_calc",
      "tasks_status": "RUNNING",
      "logger": "nomad.processing",
      "timestamp": "2020-09-24 22:03.08",
      "level": "INFO"
    }
  ],
  "section_experiment": {
    "experiment_publish_time": "2005-04-20T00:00:00",
    "raw_metadata": {
      "id": 21558,
      "title": "Sodium Oxyde",
      "permalink": "https://eelsdb.eu/spectra/sodium-oxyde/",
      "author": {
        "name": "(Dr.) Anne-Marie Flank",
        "profile_url": "https://eelsdb.eu/author/anne-marie-flank/",
        "profile_api_url": "https://api.eelsdb.eu/author/anne-marie-flank/"
      },
      "published": "2005-04-20 00:00:00",
      "description": " Analyst: Flank. Temperature: 300. ",
      "comment_count": 0,
      "api_permalink": "https://api.eelsdb.eu/spectra/sodium-oxyde/",
      "keywords": [
        "imported from old site"
      ],
      "download_link": "https://eelsdb.eu/wp-content/uploads/2015/09/Dspec.1494361.1.msa",
      "type": "X Ray Abs",
      "formula": "Na2O",
      "elements": [
        "Na",
        "O"
      ],
      "microscope": "SuperACO",
      "max_energy": "1150 eV",
      "min_energy": "1050 eV",
      "edges": [
        "Na_K"
      ],
      "guntype": "SA32",
      "beamenergy": "800 kV",
      "resolution": "0.4 eV",
      "stepSize": "0.2 eV/pixel",
      "acquisition_mode": "XAS Electron yield",
      "beamcurrent": "200",
      "detector": "Beryls",
      "darkcurrent": "No",
      "other_links": [
        {
          "url": "http://pc-web.cemes.fr/eelsdb/index.php?page=displayspec.php&id=34",
          "title": "Old EELS DB"
        }
      ]
    },
    "section_data": {
      "repository_name": "Electron Energy Loss Spectroscopy (EELS) database",
      "repository_url": "https://eelsdb.eu",
      "entry_repository_url": "https://eelsdb.eu/spectra/sodium-oxyde/"
    },
    "section_method": {
      "data_type": "spectrum",
      "method_name": "electron energy loss spectroscopy",
      "method_abbreviation": "EELS"
    },
    "section_sample": {
      "section_material": {
        "chemical_formula": "Na2O",
        "chemical_name": "Sodium Oxyde",
        "atom_labels": [
          "Na",
          "O"
        ]
      }
    }
  },
  "section_metadata": {
    "upload_id": "hSOY_Y0iQjqvoiH-Hu-0xg",
    "calc_id": "yMrrQAdeSphKlXJoojvbHkq2a2a8",
    "calc_hash": "WDbGz-vzrVX0XHAwnxmputGkiRpL",
    "mainfile": "ems_data/eelsdb/spectra/sodium-oxyde/metadata.json",
    "files": [
      "ems_data/eelsdb/spectra/sodium-oxyde/metadata.json",
      "ems_data/eelsdb/spectra/sodium-oxyde/data.msa"
    ],
    "domain": "ems",
    "published": true,
    "processed": true,
    "last_processing": "2020-09-24T22:03:08.140980",
    "nomad_version": "1.0.0",
    "nomad_commit": "4d71fee0",
    "parser_name": "parsers/eels",
    "comment": " Analyst: Flank. Temperature: 300. ",
    "references": [
      "https://eelsdb.eu/spectra/sodium-oxyde/",
      "https://api.eelsdb.eu/spectra/sodium-oxyde/",
      "https://eelsdb.eu/wp-content/uploads/2015/09/Dspec.1494361.1.msa"
    ],
    "external_db": "EELSDB",
    "uploader": "05375d3f-87e5-4266-9ec8-e80bfe2a739d",
    "coauthors": [
      {
        "first_name": "Anne-Marie",
        "last_name": "Flank"
      }
    ],
    "shared_with": [],
    "with_embargo": false,
    "upload_time": "2020-09-07T14:33:37.396000",
    "upload_name": "ems_data.zip",
    "datasets": [
      "zAStTK1PQLaZ9V9krYVzUQ",
      "kpRslScITpW-5O6mlxpzMw"
    ],
    "external_id": "21558",
    "last_edit": "2020-09-07T14:45:09.330000",
    "formula": "Na2O",
    "atoms": [
      "Na",
      "O"
    ],
    "n_atoms": 2,
    "ems": {
      "chemical": "Sodium Oxyde",
      "sample_constituents": "unavailable",
      "sample_microstructure": "unavailable",
      "experiment_summary": "None",
      "origin_time": "2005-04-20T00:00:00",
      "method": "electron energy loss spectroscopy",
      "data_type": "spectrum",
      "probing_method": "unavailable",
      "repository_name": "Electron Energy Loss Spectroscopy (EELS) database",
      "repository_url": "https://eelsdb.eu",
      "entry_repository_url": "https://eelsdb.eu/spectra/sodium-oxyde/",
      "preview_url": "None",
      "quantities": [
        "section_method",
        "method_abbreviation",
        "repository_url",
        "raw_metadata",
        "Experiment",
        "entry_repository_url",
        "experiment_publish_time",
        "atom_labels",
        "method_name",
        "section_sample",
        "chemical_name",
        "section_material",
        "data_type",
        "section_data",
        "chemical_formula",
        "repository_name"
      ],
      "group_hash": "lQVSvM2yMhyfE1KGtC3VNELPzNjF"
    }
  }
}