{
  "processing_logs": [
    {
      "event": "received process function call",
      "task": "None",
      "proc": "Calc",
      "process": "re_process_calc",
      "tasks_status": "PENDING",
      "logger": "nomad.processing",
      "timestamp": "2020-09-24 22:03.07",
      "level": "DEBUG"
    },
    {
      "event": "started process",
      "task": "parsing",
      "proc": "Calc",
      "process": "re_process_calc",
      "tasks_status": "RUNNING",
      "logger": "nomad.processing",
      "timestamp": "2020-09-24 22:03.07",
      "level": "INFO"
    },
    {
      "exec_time": "0.0013461112976074219",
      "input_size": "1806",
      "event": "parser executed",
      "task": "parsing",
      "proc": "Calc",
      "process": "re_process_calc",
      "tasks_status": "RUNNING",
      "parser": "parsers/eels",
      "step": "parsers/eels",
      "logger": "nomad.processing",
      "timestamp": "2020-09-24 22:03.07",
      "level": "INFO"
    },
    {
      "event": "successfully completed task",
      "task": "normalizing",
      "proc": "Calc",
      "process": "re_process_calc",
      "tasks_status": "RUNNING",
      "logger": "nomad.processing",
      "timestamp": "2020-09-24 22:03.07",
      "level": "INFO"
    },
    {
      "event": "successfully completed task",
      "task": "archiving",
      "proc": "Calc",
      "process": "re_process_calc",
      "tasks_status": "RUNNING",
      "logger": "nomad.processing",
      "timestamp": "2020-09-24 22:03.07",
      "level": "INFO"
    },
    {
      "exec_time": "0.0017790794372558594",
      "step": "metadata",
      "event": "saved calc metadata",
      "task": "archiving",
      "proc": "Calc",
      "process": "re_process_calc",
      "tasks_status": "RUNNING",
      "logger": "nomad.processing",
      "timestamp": "2020-09-24 22:03.07",
      "level": "INFO"
    },
    {
      "exec_time": "0.040277957916259766",
      "step": "index",
      "event": "indexed",
      "task": "archiving",
      "proc": "Calc",
      "process": "re_process_calc",
      "tasks_status": "RUNNING",
      "logger": "nomad.processing",
      "timestamp": "2020-09-24 22:03.07",
      "level": "INFO"
    }
  ],
  "section_experiment": {
    "experiment_publish_time": "2017-03-15T11:33:18",
    "raw_metadata": {
      "id": 22067,
      "title": "O-K edge in Cu4O3",
      "permalink": "https://eelsdb.eu/spectra/o-k-edge-in-cu4o3/",
      "author": {
        "name": "Yong Wang",
        "profile_url": "https://eelsdb.eu/author/wangyongvlsi/",
        "profile_api_url": "https://api.eelsdb.eu/author/wangyongvlsi/"
      },
      "published": "2017-03-15 11:33:18",
      "description": "",
      "comment_count": 0,
      "api_permalink": "https://api.eelsdb.eu/spectra/o-k-edge-in-cu4o3/",
      "download_link": "https://eelsdb.eu/wp-content/uploads/2017/03/Cu4O3-O-K.msa",
      "type": "Core Loss",
      "formula": "Cu4O3",
      "elements": [
        "Cu",
        "O"
      ],
      "microscope": "ARM-200F",
      "max_energy": "602.35 eV",
      "min_energy": "517.65 eV",
      "source_purity": "Thin films",
      "edges": [
        "O_K"
      ],
      "guntype": "Cold",
      "beamenergy": "200 kV",
      "resolution": "0.45 eV",
      "monochromated": "No",
      "stepSize": "0.05 eV/pixel",
      "acquisition_mode": "diffraction",
      "convergence": "7 mrad",
      "collection": "18 mrad",
      "detector": "GIF quantum ER",
      "darkcurrent": "No",
      "gainvariation": "No",
      "calibration": "zero+dispersion in Dual EELS",
      "thickness": "0.6 t/&lambda;",
      "deconvolutions": [
        "Fourier-log"
      ],
      "reference": {
        "authors": "Y. Wang, S. Lany, J. Ghanbaja, Y. Fagot-Revurat, Y. P. Chen, F. Soldera, D. Horwat, F. Mücklich, J. F. Pierson",
        "year": "2016",
        "journal": "Physical Review B",
        "title": "Electronic structures of Cu2O,Cu4O3, and CuO: A joint experimental and theoretical study",
        "volume": "94",
        "issue": "24",
        "doi": "10.1103/PhysRevB.94.245418",
        "url": "http://dx.doi.org/10.1103/PhysRevB.94.245418"
      },
      "associated_spectra": [
        {
          "name": "Cu L23 edges in Cu4O3",
          "link": "https://eelsdb.eu/spectra/cu-l23-edges-in-cu4o3/",
          "type": "Core Loss"
        }
      ]
    },
    "section_data": {
      "repository_name": "Electron Energy Loss Spectroscopy (EELS) database",
      "repository_url": "https://eelsdb.eu",
      "entry_repository_url": "https://eelsdb.eu/spectra/o-k-edge-in-cu4o3/"
    },
    "section_method": {
      "data_type": "spectrum",
      "method_name": "electron energy loss spectroscopy",
      "method_abbreviation": "EELS"
    },
    "section_sample": {
      "section_material": {
        "chemical_formula": "Cu4O3",
        "chemical_name": "O-K edge in Cu4O3",
        "atom_labels": [
          "Cu",
          "O"
        ]
      }
    }
  },
  "section_metadata": {
    "upload_id": "hSOY_Y0iQjqvoiH-Hu-0xg",
    "calc_id": "ys3qeRkWmwNF2R5mzeOn2Q87FiXI",
    "calc_hash": "YgGcajw8Jc2xyO5-_jvS-On-3eUA",
    "mainfile": "ems_data/eelsdb/spectra/o-k-edge-in-cu4o3/metadata.json",
    "files": [
      "ems_data/eelsdb/spectra/o-k-edge-in-cu4o3/metadata.json",
      "ems_data/eelsdb/spectra/o-k-edge-in-cu4o3/data.msa"
    ],
    "domain": "ems",
    "published": true,
    "processed": true,
    "last_processing": "2020-09-24T22:03:07.818032",
    "nomad_version": "1.0.0",
    "nomad_commit": "4d71fee0",
    "parser_name": "parsers/eels",
    "comment": "",
    "references": [
      "https://eelsdb.eu/spectra/o-k-edge-in-cu4o3/",
      "https://api.eelsdb.eu/spectra/o-k-edge-in-cu4o3/",
      "https://eelsdb.eu/wp-content/uploads/2017/03/Cu4O3-O-K.msa",
      "Y. Wang, S. Lany, J. Ghanbaja, Y. Fagot-Revurat, Y. P. Chen, F. Soldera, D. Horwat, F. Mücklich, J. F. Pierson; 2016; Physical Review B; Electronic structures of Cu2O,Cu4O3, and CuO: A joint experimental and theoretical study; 94; 24; 10.1103/PhysRevB.94.245418; http://dx.doi.org/10.1103/PhysRevB.94.245418"
    ],
    "external_db": "EELSDB",
    "uploader": "05375d3f-87e5-4266-9ec8-e80bfe2a739d",
    "coauthors": [
      {
        "first_name": "Yong",
        "last_name": "Wang"
      }
    ],
    "shared_with": [],
    "with_embargo": false,
    "upload_time": "2020-09-07T14:33:37.396000",
    "upload_name": "ems_data.zip",
    "datasets": [
      "zAStTK1PQLaZ9V9krYVzUQ",
      "kpRslScITpW-5O6mlxpzMw"
    ],
    "external_id": "22067",
    "last_edit": "2020-09-07T14:45:09.330000",
    "formula": "Cu4O3",
    "atoms": [
      "Cu",
      "O"
    ],
    "n_atoms": 2,
    "ems": {
      "chemical": "O-K edge in Cu4O3",
      "sample_constituents": "unavailable",
      "sample_microstructure": "unavailable",
      "experiment_summary": "None",
      "origin_time": "2017-03-15T11:33:18",
      "method": "electron energy loss spectroscopy",
      "data_type": "spectrum",
      "probing_method": "unavailable",
      "repository_name": "Electron Energy Loss Spectroscopy (EELS) database",
      "repository_url": "https://eelsdb.eu",
      "entry_repository_url": "https://eelsdb.eu/spectra/o-k-edge-in-cu4o3/",
      "preview_url": "None",
      "quantities": [
        "section_method",
        "method_abbreviation",
        "repository_url",
        "raw_metadata",
        "Experiment",
        "entry_repository_url",
        "experiment_publish_time",
        "atom_labels",
        "method_name",
        "section_sample",
        "chemical_name",
        "section_material",
        "data_type",
        "section_data",
        "chemical_formula",
        "repository_name"
      ],
      "group_hash": "QcnWeME-uaX0dYxLDrVCs17BDc3R"
    }
  }
}