{
  "processing_logs": [
    {
      "event": "received process function call",
      "task": "None",
      "proc": "Calc",
      "process": "re_process_calc",
      "tasks_status": "PENDING",
      "logger": "nomad.processing",
      "timestamp": "2020-09-24 22:03.08",
      "level": "DEBUG"
    },
    {
      "event": "started process",
      "task": "parsing",
      "proc": "Calc",
      "process": "re_process_calc",
      "tasks_status": "RUNNING",
      "logger": "nomad.processing",
      "timestamp": "2020-09-24 22:03.08",
      "level": "INFO"
    },
    {
      "exec_time": "0.0013530254364013672",
      "input_size": "1796",
      "event": "parser executed",
      "task": "parsing",
      "proc": "Calc",
      "process": "re_process_calc",
      "tasks_status": "RUNNING",
      "parser": "parsers/eels",
      "step": "parsers/eels",
      "logger": "nomad.processing",
      "timestamp": "2020-09-24 22:03.08",
      "level": "INFO"
    },
    {
      "event": "successfully completed task",
      "task": "normalizing",
      "proc": "Calc",
      "process": "re_process_calc",
      "tasks_status": "RUNNING",
      "logger": "nomad.processing",
      "timestamp": "2020-09-24 22:03.08",
      "level": "INFO"
    },
    {
      "event": "successfully completed task",
      "task": "archiving",
      "proc": "Calc",
      "process": "re_process_calc",
      "tasks_status": "RUNNING",
      "logger": "nomad.processing",
      "timestamp": "2020-09-24 22:03.08",
      "level": "INFO"
    },
    {
      "exec_time": "0.0018203258514404297",
      "step": "metadata",
      "event": "saved calc metadata",
      "task": "archiving",
      "proc": "Calc",
      "process": "re_process_calc",
      "tasks_status": "RUNNING",
      "logger": "nomad.processing",
      "timestamp": "2020-09-24 22:03.08",
      "level": "INFO"
    },
    {
      "exec_time": "0.013916015625",
      "step": "index",
      "event": "indexed",
      "task": "archiving",
      "proc": "Calc",
      "process": "re_process_calc",
      "tasks_status": "RUNNING",
      "logger": "nomad.processing",
      "timestamp": "2020-09-24 22:03.08",
      "level": "INFO"
    }
  ],
  "section_experiment": {
    "experiment_publish_time": "2005-04-20T00:00:00",
    "raw_metadata": {
      "id": 21560,
      "title": "Ti-ferrite (spinel)",
      "permalink": "https://eelsdb.eu/spectra/ti-ferrite-spinel/",
      "author": {
        "name": "Dr. Gilles Hug",
        "profile_url": "https://eelsdb.eu/author/gilles-hug/",
        "profile_api_url": "https://api.eelsdb.eu/author/gilles-hug/"
      },
      "published": "2005-04-20 00:00:00",
      "description": "Residual detector background removed. O-K edge is also visible (532 eV)  Analyst: E.Fries-P.Perriat. Temperature: Room. ",
      "comment_count": 0,
      "api_permalink": "https://api.eelsdb.eu/spectra/ti-ferrite-spinel/",
      "keywords": [
        "imported from old site"
      ],
      "download_link": "https://eelsdb.eu/wp-content/uploads/2015/09/Dspec.128423.1.msa",
      "type": "Core Loss",
      "formula": "Fe2TiO5",
      "elements": [
        "Fe",
        "Ti",
        "O"
      ],
      "microscope": "Jeol 4000 FX",
      "max_energy": "579.41 eV",
      "min_energy": "423.6 eV",
      "source_purity": "prepared by soft chemistry >99.9%",
      "edges": [
        "Ti_L2,3",
        "O_K"
      ],
      "guntype": "LaB6",
      "beamenergy": "200 kV",
      "resolution": "2 eV",
      "monochromated": "No",
      "stepSize": "0.2 eV/pixel",
      "convergence": "1.55 mrad",
      "collection": "1.24 mrad",
      "probesize": "70 nm^2",
      "integratetime": "20 secs",
      "readouts": "10",
      "detector": "Parallel: 666 Gatan",
      "darkcurrent": "Yes",
      "gainvariation": "Yes",
      "thickness": "0.36 t/&lambda;",
      "reference": {
        "freetext": "P.Perriat,E.Fries,N.Millot,B.Domenichini,Solid State Ionics,117,175-184,1999"
      },
      "associated_spectra": [
        {
          "name": "Ti-ferrite (spinel)",
          "link": "https://eelsdb.eu/spectra/ti-ferrite-spinel-3/",
          "type": "Low Loss"
        }
      ],
      "other_links": [
        {
          "url": "http://pc-web.cemes.fr/eelsdb/index.php?page=displayspec.php&id=36",
          "title": "Old EELS DB"
        }
      ]
    },
    "section_data": {
      "repository_name": "Electron Energy Loss Spectroscopy (EELS) database",
      "repository_url": "https://eelsdb.eu",
      "entry_repository_url": "https://eelsdb.eu/spectra/ti-ferrite-spinel/"
    },
    "section_method": {
      "data_type": "spectrum",
      "method_name": "electron energy loss spectroscopy",
      "method_abbreviation": "EELS"
    },
    "section_sample": {
      "section_material": {
        "chemical_formula": "Fe2TiO5",
        "chemical_name": "Ti-ferrite (spinel)",
        "atom_labels": [
          "Fe",
          "Ti",
          "O"
        ]
      }
    }
  },
  "section_metadata": {
    "upload_id": "hSOY_Y0iQjqvoiH-Hu-0xg",
    "calc_id": "zf2wLIQSA0SbO5pVIInitbEUa_s8",
    "calc_hash": "MYbsdl6KDMhTbx88TIoKcMQQXwXo",
    "mainfile": "ems_data/eelsdb/spectra/ti-ferrite-spinel/metadata.json",
    "files": [
      "ems_data/eelsdb/spectra/ti-ferrite-spinel/metadata.json",
      "ems_data/eelsdb/spectra/ti-ferrite-spinel/data.msa"
    ],
    "domain": "ems",
    "published": true,
    "processed": true,
    "last_processing": "2020-09-24T22:03:08.268041",
    "nomad_version": "1.0.0",
    "nomad_commit": "4d71fee0",
    "parser_name": "parsers/eels",
    "comment": "Residual detector background removed. O-K edge is also visible (532 eV)  Analyst: E.Fries-P.Perriat. Temperature: Room. ",
    "references": [
      "https://eelsdb.eu/spectra/ti-ferrite-spinel/",
      "https://api.eelsdb.eu/spectra/ti-ferrite-spinel/",
      "https://eelsdb.eu/wp-content/uploads/2015/09/Dspec.128423.1.msa",
      "P.Perriat,E.Fries,N.Millot,B.Domenichini,Solid State Ionics,117,175-184,1999"
    ],
    "external_db": "EELSDB",
    "uploader": "05375d3f-87e5-4266-9ec8-e80bfe2a739d",
    "coauthors": [
      {
        "first_name": "Dr. Gilles",
        "last_name": "Hug"
      }
    ],
    "shared_with": [],
    "with_embargo": false,
    "upload_time": "2020-09-07T14:33:37.396000",
    "upload_name": "ems_data.zip",
    "datasets": [
      "zAStTK1PQLaZ9V9krYVzUQ",
      "kpRslScITpW-5O6mlxpzMw"
    ],
    "external_id": "21560",
    "last_edit": "2020-09-07T14:45:09.330000",
    "formula": "Fe2TiO5",
    "atoms": [
      "Fe",
      "O",
      "Ti"
    ],
    "n_atoms": 3,
    "ems": {
      "chemical": "Ti-ferrite (spinel)",
      "sample_constituents": "unavailable",
      "sample_microstructure": "unavailable",
      "experiment_summary": "None",
      "origin_time": "2005-04-20T00:00:00",
      "method": "electron energy loss spectroscopy",
      "data_type": "spectrum",
      "probing_method": "unavailable",
      "repository_name": "Electron Energy Loss Spectroscopy (EELS) database",
      "repository_url": "https://eelsdb.eu",
      "entry_repository_url": "https://eelsdb.eu/spectra/ti-ferrite-spinel/",
      "preview_url": "None",
      "quantities": [
        "section_method",
        "method_abbreviation",
        "repository_url",
        "raw_metadata",
        "Experiment",
        "entry_repository_url",
        "experiment_publish_time",
        "atom_labels",
        "method_name",
        "section_sample",
        "chemical_name",
        "section_material",
        "data_type",
        "section_data",
        "chemical_formula",
        "repository_name"
      ],
      "group_hash": "kGqLw8F3WQzLiXbLuw2E_qWjRjPh"
    }
  }
}