{
  "processing_logs": [
    {
      "event": "received process function call",
      "task": "None",
      "proc": "Calc",
      "process": "re_process_calc",
      "tasks_status": "PENDING",
      "logger": "nomad.processing",
      "timestamp": "2020-09-24 22:03.06",
      "level": "DEBUG"
    },
    {
      "event": "started process",
      "task": "parsing",
      "proc": "Calc",
      "process": "re_process_calc",
      "tasks_status": "RUNNING",
      "logger": "nomad.processing",
      "timestamp": "2020-09-24 22:03.06",
      "level": "INFO"
    },
    {
      "exec_time": "0.0014178752899169922",
      "input_size": "1720",
      "event": "parser executed",
      "task": "parsing",
      "proc": "Calc",
      "process": "re_process_calc",
      "tasks_status": "RUNNING",
      "parser": "parsers/eels",
      "step": "parsers/eels",
      "logger": "nomad.processing",
      "timestamp": "2020-09-24 22:03.06",
      "level": "INFO"
    },
    {
      "event": "successfully completed task",
      "task": "normalizing",
      "proc": "Calc",
      "process": "re_process_calc",
      "tasks_status": "RUNNING",
      "logger": "nomad.processing",
      "timestamp": "2020-09-24 22:03.06",
      "level": "INFO"
    },
    {
      "event": "successfully completed task",
      "task": "archiving",
      "proc": "Calc",
      "process": "re_process_calc",
      "tasks_status": "RUNNING",
      "logger": "nomad.processing",
      "timestamp": "2020-09-24 22:03.06",
      "level": "INFO"
    },
    {
      "exec_time": "0.002038717269897461",
      "step": "metadata",
      "event": "saved calc metadata",
      "task": "archiving",
      "proc": "Calc",
      "process": "re_process_calc",
      "tasks_status": "RUNNING",
      "logger": "nomad.processing",
      "timestamp": "2020-09-24 22:03.06",
      "level": "INFO"
    },
    {
      "exec_time": "0.029262304306030273",
      "step": "index",
      "event": "indexed",
      "task": "archiving",
      "proc": "Calc",
      "process": "re_process_calc",
      "tasks_status": "RUNNING",
      "logger": "nomad.processing",
      "timestamp": "2020-09-24 22:03.06",
      "level": "INFO"
    }
  ],
  "section_experiment": {
    "experiment_publish_time": "2005-04-20T00:00:00",
    "raw_metadata": {
      "id": 21542,
      "title": "Diamond",
      "permalink": "https://eelsdb.eu/spectra/diamond-2/",
      "author": {
        "name": "Virginie Serin",
        "profile_url": "https://eelsdb.eu/author/serin/",
        "profile_api_url": "https://api.eelsdb.eu/author/serin/"
      },
      "published": "2005-04-20 00:00:00",
      "description": " Analyst: V.Serin. Temperature: Room. ",
      "comment_count": 0,
      "api_permalink": "https://api.eelsdb.eu/spectra/diamond-2/",
      "keywords": [
        "imported from old site"
      ],
      "download_link": "https://eelsdb.eu/wp-content/uploads/2015/09/Dspec.45888.1.msa",
      "type": "Low Loss",
      "formula": "C",
      "elements": [
        "C"
      ],
      "microscope": "CM20",
      "max_energy": "90.5 eV",
      "min_energy": "-11.4 eV",
      "source_purity": "CVD diamond",
      "guntype": "LaB6",
      "beamenergy": "100 kV",
      "resolution": "1.8 eV",
      "stepSize": "0.1 eV/pixel",
      "acquisition_mode": "Diffraction",
      "probesize": "105 nm^2",
      "integratetime": "0.05 secs",
      "readouts": "10",
      "detector": "Parallel: 666 Gatan",
      "darkcurrent": "Yes",
      "gainvariation": "Yes",
      "thickness": "0.6 t/&lambda;",
      "reference": {
        "freetext": "V. Serin, E. Beche, R. Berjoan, O. Abidate, D. Rats, J. Fontaine, L.Vandenbulcke, C. Germain and A. Catherinot,Proc. of the Vth Int. Symp. on Diamond Materials, J. L. Davidson, W.D.Brown, A. Gicquel, B.V. Spytsin and J.C. Angus Eds, The Electrochem. Soc., Pennington, NJ, 1998, p. 126-141."
      },
      "associated_spectra": [
        {
          "name": "Diamond",
          "link": "https://eelsdb.eu/spectra/diamond/",
          "type": "Core Loss"
        }
      ],
      "other_links": [
        {
          "url": "http://pc-web.cemes.fr/eelsdb/index.php?page=displayspec.php&id=18",
          "title": "Old EELS DB"
        }
      ]
    },
    "section_data": {
      "repository_name": "Electron Energy Loss Spectroscopy (EELS) database",
      "repository_url": "https://eelsdb.eu",
      "entry_repository_url": "https://eelsdb.eu/spectra/diamond-2/"
    },
    "section_method": {
      "data_type": "spectrum",
      "method_name": "electron energy loss spectroscopy",
      "method_abbreviation": "EELS"
    },
    "section_sample": {
      "section_material": {
        "chemical_formula": "C",
        "chemical_name": "Diamond",
        "atom_labels": [
          "C"
        ]
      }
    }
  },
  "section_metadata": {
    "upload_id": "hSOY_Y0iQjqvoiH-Hu-0xg",
    "calc_id": "Ztymw1eHEx2ZU1PJBwFWiSx6_F2s",
    "calc_hash": "xuEiP7tqnvcx9gZAPFtdm7MsygcH",
    "mainfile": "ems_data/eelsdb/spectra/diamond-2/metadata.json",
    "files": [
      "ems_data/eelsdb/spectra/diamond-2/metadata.json",
      "ems_data/eelsdb/spectra/diamond-2/data.msa"
    ],
    "domain": "ems",
    "published": true,
    "processed": true,
    "last_processing": "2020-09-24T22:03:06.838513",
    "nomad_version": "1.0.0",
    "nomad_commit": "4d71fee0",
    "parser_name": "parsers/eels",
    "comment": " Analyst: V.Serin. Temperature: Room. ",
    "references": [
      "https://eelsdb.eu/spectra/diamond-2/",
      "https://api.eelsdb.eu/spectra/diamond-2/",
      "https://eelsdb.eu/wp-content/uploads/2015/09/Dspec.45888.1.msa",
      "V. Serin, E. Beche, R. Berjoan, O. Abidate, D. Rats, J. Fontaine, L.Vandenbulcke, C. Germain and A. Catherinot,Proc. of the Vth Int. Symp. on Diamond Materials, J. L. Davidson, W.D.Brown, A. Gicquel, B.V. Spytsin and J.C. Angus Eds, The Electrochem. Soc., Pennington, NJ, 1998, p. 126-141."
    ],
    "external_db": "EELSDB",
    "uploader": "05375d3f-87e5-4266-9ec8-e80bfe2a739d",
    "coauthors": [
      {
        "first_name": "Virginie",
        "last_name": "Serin"
      }
    ],
    "shared_with": [],
    "with_embargo": false,
    "upload_time": "2020-09-07T14:33:37.396000",
    "upload_name": "ems_data.zip",
    "datasets": [
      "zAStTK1PQLaZ9V9krYVzUQ",
      "kpRslScITpW-5O6mlxpzMw"
    ],
    "external_id": "21542",
    "last_edit": "2020-09-07T14:45:09.330000",
    "formula": "C",
    "atoms": [
      "C"
    ],
    "n_atoms": 1,
    "ems": {
      "chemical": "Diamond",
      "sample_constituents": "unavailable",
      "sample_microstructure": "unavailable",
      "experiment_summary": "None",
      "origin_time": "2005-04-20T00:00:00",
      "method": "electron energy loss spectroscopy",
      "data_type": "spectrum",
      "probing_method": "unavailable",
      "repository_name": "Electron Energy Loss Spectroscopy (EELS) database",
      "repository_url": "https://eelsdb.eu",
      "entry_repository_url": "https://eelsdb.eu/spectra/diamond-2/",
      "preview_url": "None",
      "quantities": [
        "section_method",
        "method_abbreviation",
        "repository_url",
        "raw_metadata",
        "Experiment",
        "entry_repository_url",
        "experiment_publish_time",
        "atom_labels",
        "method_name",
        "section_sample",
        "chemical_name",
        "section_material",
        "data_type",
        "section_data",
        "chemical_formula",
        "repository_name"
      ],
      "group_hash": "eXpIJvSU07o6h77jq4sTkmd5BDY8"
    }
  }
}