{
  "id": 22002,
  "title": "Oxidized-graphenic Nanoplatelets Obtained From Bamboo \u2013 Low Oxygen",
  "permalink": "https://eelsdb.eu/spectra/oxidized-graphenic-nanoplatelets-obtained-from-bamboo-low-oxygen-2/",
  "author": {
    "name": "Luc Lajaunie",
    "profile_url": "https://eelsdb.eu/author/luc-lajaunie/",
    "profile_api_url": "https://api.eelsdb.eu/author/luc-lajaunie/"
  },
  "published": "2016-08-24 16:15:19",
  "description": "TCA=973 K. Cf paper for C/O and sp2 ratios.",
  "comment_count": 0,
  "api_permalink": "https://api.eelsdb.eu/spectra/oxidized-graphenic-nanoplatelets-obtained-from-bamboo-low-oxygen-2/",
  "download_link": "https://eelsdb.eu/wp-content/uploads/2016/08/E113-250-2-cal-kgd-pm-dm.msa",
  "type": "Core Loss",
  "formula": "C-O",
  "elements": [
    "C",
    "O"
  ],
  "microscope": "FEI Titan Cube",
  "max_energy": "616.8 eV",
  "min_energy": "201.26 eV",
  "edges": [
    "C_K",
    "O_K"
  ],
  "guntype": "FEG",
  "beamenergy": "80 kV",
  "resolution": "0.8 eV",
  "monochromated": "No",
  "stepSize": "0.203 eV/pixel",
  "convergence": "4.6 mrad",
  "collection": "20 mrad",
  "probesize": "50 nm^2",
  "detector": "Gatan Tridiem",
  "darkcurrent": "Yes",
  "gainvariation": "Yes",
  "calibration": "Pi* at 285 eV",
  "deconvolutions": [
    "Fourier-ratio"
  ],
  "reference": {
    "authors": "K Gross, J J Pr\u00edas Barrag\u00e1n, S Sangiao, J M De Teresa, L Lajaunie, R Arenal, H Ariza Calder\u00f3n, P Prieto",
    "year": "2016",
    "journal": "Nanotechnology",
    "title": "Electrical conductivity of oxidized-graphenic nanoplatelets obtained from bamboo: effect of the oxygen content",
    "volume": "27",
    "issue": "36",
    "page": "365708",
    "doi": "10.1088/0957-4484/27/36/365708",
    "url": "http://dx.doi.org/10.1088/0957-4484/27/36/365708"
  },
  "associated_spectra": [
    {
      "name": "Oxidized-graphenic Nanoplatelets Obtained From Bamboo \u2013 Low Oxygen",
      "link": "https://eelsdb.eu/spectra/oxidized-graphenic-nanoplatelets-obtained-from-bamboo-low-oxygen/",
      "type": "Core Loss"
    }
  ]
}