{
  "id": 21682,
  "title": "Zinc oxide",
  "permalink": "https://eelsdb.eu/spectra/zinc-oxide-2/",
  "author": {
    "name": "Wilfried Sigle",
    "profile_url": "https://eelsdb.eu/author/wsigle/",
    "profile_api_url": "https://api.eelsdb.eu/author/wsigle/"
  },
  "published": "2008-01-21 00:00:00",
  "description": " Analyst: Wilfried Sigle. Temperature: Room. ",
  "comment_count": 0,
  "api_permalink": "https://api.eelsdb.eu/spectra/zinc-oxide-2/",
  "keywords": [
    "imported from old site"
  ],
  "download_link": "https://eelsdb.eu/wp-content/uploads/2015/09/Dspecu0vO19.msa",
  "type": "Low Loss",
  "formula": "ZnO",
  "elements": [
    "Zn",
    "O"
  ],
  "microscope": "VG HB501UX",
  "max_energy": "879.68 eV",
  "min_energy": "-18.79 eV",
  "source_purity": "Stoichiometric ZnO powder",
  "guntype": "Cold FEG",
  "beamenergy": "100 kV",
  "resolution": "1 eV",
  "stepSize": "0.671 eV/pixel",
  "acquisition_mode": "STEM",
  "convergence": "10 mrad",
  "collection": "6.5 mrad",
  "detector": "Parallel: Gatan ENFINA",
  "darkcurrent": "Yes",
  "gainvariation": "Yes",
  "thickness": "0.42 t/&lambda;",
  "associated_spectra": [
    {
      "name": "Zinc oxide",
      "link": "https://eelsdb.eu/spectra/zinc-oxide/",
      "type": "Core Loss"
    }
  ],
  "other_links": [
    {
      "url": "http://pc-web.cemes.fr/eelsdb/index.php?page=displayspec.php&id=172",
      "title": "Old EELS DB"
    }
  ]
}