{
  "id": 21747,
  "title": "Amorphous Carbon",
  "permalink": "https://eelsdb.eu/spectra/amorphous-carbon/",
  "author": {
    "name": "Dr. Graham Carpenter",
    "profile_url": "https://eelsdb.eu/author/gcarpent/",
    "profile_api_url": "https://api.eelsdb.eu/author/gcarpent/"
  },
  "published": "2009-05-13 00:00:00",
  "description": " Analyst: Graham J.C. Carpenter. Temperature: Room. ",
  "comment_count": 0,
  "api_permalink": "https://api.eelsdb.eu/spectra/amorphous-carbon/",
  "keywords": [
    "imported from old site"
  ],
  "download_link": "https://eelsdb.eu/wp-content/uploads/2015/09/DspecWBvXGK.msa",
  "type": "Low Loss",
  "formula": "C (amorphous)",
  "elements": [
    "C"
  ],
  "microscope": "CM20-FEG",
  "max_energy": "44.54 eV",
  "min_energy": "-8.32 eV",
  "source_purity": "Holey Carbon Film, vacuum-vaporated carbon (trace of Si)",
  "guntype": "feg Schottky",
  "beamenergy": "200 kV",
  "resolution": "1 eV",
  "stepSize": "0.052 eV/pixel",
  "acquisition_mode": "Imaging",
  "collection": "7.6 mrad",
  "detector": "GIF: GIF (model 678)",
  "darkcurrent": "Yes",
  "gainvariation": "Yes",
  "reference": {
    "freetext": "Wronski Z.S. and Carpenter G.J.C., Carbon nanoshells obtained from leaching carbonyl nickel metal powders, Carbon 44, 1779, 2006."
  },
  "other_links": [
    {
      "url": "http://pc-web.cemes.fr/eelsdb/index.php?page=displayspec.php&id=238",
      "title": "Old EELS DB"
    }
  ]
}