{
  "id": 21572,
  "title": "Alumina alpha",
  "permalink": "https://eelsdb.eu/spectra/alumina-alpha-3/",
  "author": {
    "name": "PD Dr. Peter A. van Aken",
    "profile_url": "https://eelsdb.eu/author/vanaken/",
    "profile_api_url": "https://api.eelsdb.eu/author/vanaken/"
  },
  "published": "2005-04-20 00:00:00",
  "description": "Background subtracted. Analyst: Stefan Nufer. Temperature: Room. BEAM/Crystal: <0001>. ",
  "comment_count": 0,
  "api_permalink": "https://api.eelsdb.eu/spectra/alumina-alpha-3/",
  "keywords": [
    "imported from old site"
  ],
  "download_link": "https://eelsdb.eu/wp-content/uploads/2015/09/Dspec.133789.1.msa",
  "type": "Core Loss",
  "formula": "Al2O3 (alpha)",
  "elements": [
    "Al",
    "O"
  ],
  "microscope": "VG HB-501",
  "max_energy": "151.9 eV",
  "min_energy": "71.7 eV",
  "edges": [
    "Al_L2,3"
  ],
  "guntype": "Cold FEG",
  "beamenergy": "100 kV",
  "resolution": "0.7 eV",
  "stepSize": "0.1 eV/pixel",
  "acquisition_mode": "STEM",
  "convergence": "6 mrad",
  "collection": "6.5 mrad",
  "probesize": "1 nm^2",
  "integratetime": "15 secs",
  "readouts": "1",
  "detector": "Parallel: 666 Gatan",
  "darkcurrent": "Yes",
  "gainvariation": "Yes",
  "thickness": "0.22 t/&lambda;",
  "reference": {
    "freetext": "Nufer, Gemming, Koestlmeier, Ruehle, Ultramicroscopy, 88, 253-263, 2001"
  },
  "other_links": [
    {
      "url": "http://pc-web.cemes.fr/eelsdb/index.php?page=displayspec.php&id=48",
      "title": "Old EELS DB"
    }
  ]
}