{
  "id": 21581,
  "title": "Silicon carbide 6H(hexagonal)",
  "permalink": "https://eelsdb.eu/spectra/silicon-carbide-6hhexagonal/",
  "author": {
    "name": "Sylvie Schamm",
    "profile_url": "https://eelsdb.eu/author/schamm/",
    "profile_api_url": "https://api.eelsdb.eu/author/schamm/"
  },
  "published": "2005-04-20 00:00:00",
  "description": " dispersion is not 0.09 eV/ch but 1 eV/ch Analyst: S.Schamm. Temperature: Room. ",
  "comment_count": 0,
  "api_permalink": "https://api.eelsdb.eu/spectra/silicon-carbide-6hhexagonal/",
  "keywords": [
    "imported from old site"
  ],
  "download_link": "https://eelsdb.eu/wp-content/uploads/2015/09/Dspec.53968.1.msa",
  "type": "Low Loss",
  "formula": "SiC(6H)",
  "elements": [
    "Si",
    "C",
    "H"
  ],
  "microscope": "CM30",
  "max_energy": "88.49 eV",
  "min_energy": "-13.4 eV",
  "guntype": "LaB6",
  "beamenergy": "100 kV",
  "resolution": "1 eV",
  "stepSize": "0.1 eV/pixel",
  "acquisition_mode": "Diffraction",
  "convergence": "8.4 mrad",
  "collection": "0.48 mrad",
  "probesize": "80 nm^2",
  "beamcurrent": "1.6",
  "integratetime": "0.07 secs",
  "readouts": "50",
  "detector": "Parallel: 666 Gatan",
  "darkcurrent": "Yes",
  "gainvariation": "Yes",
  "thickness": "0.4 t/&lambda;",
  "other_links": [
    {
      "url": "http://pc-web.cemes.fr/eelsdb/index.php?page=displayspec.php&id=57",
      "title": "Old EELS DB"
    }
  ]
}