{
  "id": 21527,
  "title": "Aluminium metal",
  "permalink": "https://eelsdb.eu/spectra/aluminium-metal/",
  "author": {
    "name": "(Dr.) Anne-Marie Flank",
    "profile_url": "https://eelsdb.eu/author/anne-marie-flank/",
    "profile_api_url": "https://api.eelsdb.eu/author/anne-marie-flank/"
  },
  "published": "2005-04-20 00:00:00",
  "description": " Analyst: Flank. Temperature: 300. ",
  "comment_count": 0,
  "api_permalink": "https://api.eelsdb.eu/spectra/aluminium-metal/",
  "keywords": [
    "imported from old site"
  ],
  "download_link": "https://eelsdb.eu/wp-content/uploads/2015/09/Dspec.1371375.1.msa",
  "type": "X Ray Abs",
  "formula": "Al",
  "elements": [
    "Al"
  ],
  "microscope": "SuperACO",
  "max_energy": "1600 eV",
  "min_energy": "1555 eV",
  "source_purity": "99.999",
  "edges": [
    "Al_K"
  ],
  "guntype": "SA32",
  "beamenergy": "800 kV",
  "resolution": "0.3 eV",
  "stepSize": "0.2 eV/pixel",
  "acquisition_mode": "XAS Transmission",
  "beamcurrent": "200",
  "detector": "quartz",
  "darkcurrent": "No",
  "other_links": [
    {
      "url": "http://pc-web.cemes.fr/eelsdb/index.php?page=displayspec.php&id=3",
      "title": "Old EELS DB"
    }
  ]
}