{
  "id": 21666,
  "title": "Silicon",
  "permalink": "https://eelsdb.eu/spectra/silicon-7/",
  "author": {
    "name": "Michael St\u00f6ger-Pollach",
    "profile_url": "https://eelsdb.eu/author/michaels/",
    "profile_api_url": "https://api.eelsdb.eu/author/michaels/"
  },
  "published": "2007-12-18 00:00:00",
  "description": "Cerenkov losses and light guiding modes are present in the very low loss!\r\nCompare with spectra recorded at other thicknesses in this base. Analyst: M. Stoeger-Pollach. Temperature: Room. ",
  "comment_count": 0,
  "api_permalink": "https://api.eelsdb.eu/spectra/silicon-7/",
  "keywords": [
    "imported from old site"
  ],
  "download_link": "https://eelsdb.eu/wp-content/uploads/2015/09/Dspecshb3tD.msa",
  "type": "Low Loss",
  "formula": "Si",
  "elements": [
    "Si"
  ],
  "microscope": "Tecnai F20 monochromator",
  "max_energy": "20.79 eV",
  "min_energy": "-2.11 eV",
  "source_purity": "99.999%",
  "guntype": "Thermal type FEG ( monochromator was used )",
  "beamenergy": "200 kV",
  "resolution": "0.12 eV",
  "monochromated": "Yes",
  "stepSize": "0.02 eV/pixel",
  "convergence": "0.5 mrad",
  "collection": "0.18 mrad",
  "integratetime": "0.1 secs",
  "readouts": "1",
  "detector": "Parallel: GIF",
  "darkcurrent": "Yes",
  "gainvariation": "Yes",
  "thickness": "3.3 t/&lambda;",
  "other_links": [
    {
      "url": "http://pc-web.cemes.fr/eelsdb/index.php?page=displayspec.php&id=155",
      "title": "Old EELS DB"
    }
  ]
}