{
  "id": 21690,
  "title": "YAG (yttrium aluminium garnet)",
  "permalink": "https://eelsdb.eu/spectra/yag-yttrium-aluminium-garnet/",
  "author": {
    "name": "Wilfried Sigle",
    "profile_url": "https://eelsdb.eu/author/wsigle/",
    "profile_api_url": "https://api.eelsdb.eu/author/wsigle/"
  },
  "published": "2008-01-31 00:00:00",
  "description": " Analyst: Saso Sturm. Temperature: Room. ",
  "comment_count": 0,
  "api_permalink": "https://api.eelsdb.eu/spectra/yag-yttrium-aluminium-garnet/",
  "keywords": [
    "imported from old site"
  ],
  "download_link": "https://eelsdb.eu/wp-content/uploads/2015/09/Dspec3ArW3G.msa",
  "type": "Low Loss",
  "formula": "Y3Al5O12",
  "elements": [
    "Y",
    "Al",
    "O"
  ],
  "microscope": "VG HB501UX",
  "max_energy": "118.3 eV",
  "min_energy": "-15.6 eV",
  "guntype": "Cold FEG",
  "beamenergy": "100 kV",
  "resolution": "0.7 eV",
  "stepSize": "0.1 eV/pixel",
  "acquisition_mode": "STEM",
  "convergence": "10 mrad",
  "collection": "6.5 mrad",
  "integratetime": "0.005 secs",
  "readouts": "10",
  "detector": "Parallel: Gatan ENFINA",
  "darkcurrent": "Yes",
  "gainvariation": "Yes",
  "thickness": "0.36 t/&lambda;",
  "other_links": [
    {
      "url": "http://pc-web.cemes.fr/eelsdb/index.php?page=displayspec.php&id=180",
      "title": "Old EELS DB"
    }
  ]
}