{
  "id": 21592,
  "title": "Nickel Silicide",
  "permalink": "https://eelsdb.eu/spectra/nickel-silicide-2/",
  "author": {
    "name": "(Dr) Marie Cheynet",
    "profile_url": "https://eelsdb.eu/author/mcheynet/",
    "profile_api_url": "https://api.eelsdb.eu/author/mcheynet/"
  },
  "published": "2005-04-28 00:00:00",
  "description": " Analyst: Cheynet M. , Pantel R.. Temperature: Room. ",
  "comment_count": 0,
  "api_permalink": "https://api.eelsdb.eu/spectra/nickel-silicide-2/",
  "keywords": [
    "imported from old site"
  ],
  "download_link": "https://eelsdb.eu/wp-content/uploads/2015/09/DspecxhYeg9.msa",
  "type": "Low Loss",
  "formula": "NiSi2",
  "elements": [
    "Ni",
    "Si"
  ],
  "microscope": "Tecnai F20",
  "max_energy": "92.3 eV",
  "min_energy": "-9.8 eV",
  "source_purity": "thermal annealing of a Ni layer on a Si substrate",
  "guntype": "feg",
  "beamenergy": "200 kV",
  "resolution": "0.7 eV",
  "stepSize": "0.1 eV/pixel",
  "acquisition_mode": "STEM",
  "convergence": "13 mrad",
  "collection": "0.6 mrad",
  "probesize": "1 nm^2",
  "integratetime": "1 secs",
  "readouts": "2",
  "detector": "Parallel: GIF",
  "darkcurrent": "Yes",
  "gainvariation": "Yes",
  "thickness": "0.6 t/&lambda;",
  "reference": {
    "freetext": "Proceeding of EELS workshop EDGE 2005, 1-5 May 2005, Grundlsee Austria"
  },
  "other_links": [
    {
      "url": "http://pc-web.cemes.fr/eelsdb/index.php?page=displayspec.php&id=72",
      "title": "Old EELS DB"
    }
  ]
}